{
"type": "FeatureCollection",
"name": "areas-raw",
"features": [
{ "type": "Feature", "properties": { "id": "district-01", "name": "Ciutat Vella", "kind": "district" }, "geometry": { "type": "Polygon", "coordinates": [ [ [ 2.18345, 41.39061 ], [ 2.18459, 41.38976 ], [ 2.18677, 41.39139 ], [ 2.19357, 41.38624 ], [ 2.19575, 41.38785 ], [ 2.19972, 41.38499 ], [ 2.19908, 41.38464 ], [ 2.1986, 41.385 ], [ 2.19823, 41.3847 ], [ 2.19832, 41.38434 ], [ 2.19722, 41.38421 ], [ 2.19593, 41.38319 ], [ 2.19546, 41.38174 ], [ 2.19732, 41.38111 ], [ 2.19702, 41.38095 ], [ 2.19568, 41.38152 ], [ 2.19535, 41.38099 ], [ 2.19683, 41.38057 ], [ 2.19693, 41.3803 ], [ 2.19498, 41.38097 ], [ 2.1945, 41.38071 ], [ 2.19342, 41.37958 ], [ 2.19287, 41.3784 ], [ 2.19287, 41.37764 ], [ 2.19344, 41.37692 ], [ 2.19195, 41.37645 ], [ 2.19086, 41.37519 ], [ 2.18969, 41.37241 ], [ 2.18949, 41.37069 ], [ 2.19035, 41.36952 ], [ 2.19111, 41.36939 ], [ 2.19157, 41.37004 ], [ 2.19188, 41.36986 ], [ 2.18776, 41.36347 ], [ 2.18536, 41.35773 ], [ 2.1846, 41.3579 ], [ 2.18528, 41.35811 ], [ 2.18665, 41.36162 ], [ 2.18716, 41.36308 ], [ 2.18669, 41.36329 ], [ 2.18741, 41.36358 ], [ 2.1893, 41.36664 ], [ 2.1879, 41.36723 ], [ 2.18684, 41.36567 ], [ 2.18587, 41.36488 ], [ 2.18665, 41.36405 ], [ 2.18597, 41.36422 ], [ 2.18494, 41.36526 ], [ 2.18493, 41.36563 ], [ 2.18536, 41.36536 ], [ 2.18668, 41.36691 ], [ 2.1872, 41.37001 ], [ 2.18617, 41.37013 ], [ 2.18595, 41.36803 ], [ 2.18515, 41.3681 ], [ 2.18519, 41.36848 ], [ 2.18462, 41.36861 ], [ 2.18496, 41.37042 ], [ 2.18458, 41.37048 ], [ 2.18461, 41.37085 ], [ 2.18714, 41.37064 ], [ 2.18721, 41.3711 ], [ 2.18577, 41.37121 ], [ 2.18579, 41.37162 ], [ 2.18616, 41.37165 ], [ 2.1858, 41.37169 ], [ 2.18592, 41.3724 ], [ 2.1874, 41.37228 ], [ 2.18755, 41.37316 ], [ 2.18682, 41.37329 ], [ 2.18709, 41.37379 ], [ 2.1868, 41.37356 ], [ 2.18749, 41.37456 ], [ 2.18666, 41.37482 ], [ 2.18593, 41.37453 ], [ 2.18561, 41.37261 ], [ 2.18489, 41.37265 ], [ 2.18423, 41.37295 ], [ 2.18493, 41.37267 ], [ 2.18426, 41.37299 ], [ 2.18493, 41.37279 ], [ 2.18499, 41.37313 ], [ 2.18439, 41.37336 ], [ 2.185, 41.37323 ], [ 2.18506, 41.37358 ], [ 2.18445, 41.37376 ], [ 2.18507, 41.37364 ], [ 2.18513, 41.37403 ], [ 2.18447, 41.37417 ], [ 2.18514, 41.37408 ], [ 2.1852, 41.37448 ], [ 2.18454, 41.37458 ], [ 2.18521, 41.37453 ], [ 2.18527, 41.37492 ], [ 2.18473, 41.37503 ], [ 2.18531, 41.37498 ], [ 2.18693, 41.37562 ], [ 2.1866, 41.37605 ], [ 2.18689, 41.37601 ], [ 2.1872, 41.37723 ], [ 2.18644, 41.37741 ], [ 2.18726, 41.3776 ], [ 2.18645, 41.37965 ], [ 2.18603, 41.37955 ], [ 2.18592, 41.38011 ], [ 2.18467, 41.3807 ], [ 2.18355, 41.38045 ], [ 2.18499, 41.37675 ], [ 2.18306, 41.37434 ], [ 2.18165, 41.37489 ], [ 2.18151, 41.37535 ], [ 2.18325, 41.37755 ], [ 2.1823, 41.37955 ], [ 2.17798, 41.37414 ], [ 2.17827, 41.37401 ], [ 2.17812, 41.37382 ], [ 2.18299, 41.37161 ], [ 2.18204, 41.37037 ], [ 2.17547, 41.37333 ], [ 2.17574, 41.37429 ], [ 2.1753, 41.37462 ], [ 2.1678, 41.37498 ], [ 2.16309, 41.37875 ], [ 2.16401, 41.3854 ], [ 2.16471, 41.38593 ], [ 2.16977, 41.38557 ], [ 2.17341, 41.38895 ], [ 2.17585, 41.38895 ], [ 2.17749, 41.39016 ], [ 2.17986, 41.39105 ], [ 2.18132, 41.39222 ], [ 2.18345, 41.39061 ] ] ] } },
{ "type": "Feature", "properties": { "id": "district-02", "name": "Eixample", "kind": "district" }, "geometry": { "type": "Polygon", "coordinates": [ [ [ 2.1869, 41.40165 ], [ 2.18673, 41.39464 ], [ 2.18238, 41.39142 ], [ 2.18132, 41.39222 ], [ 2.17986, 41.39105 ], [ 2.17749, 41.39016 ], [ 2.17585, 41.38895 ], [ 2.17341, 41.38895 ], [ 2.16977, 41.38557 ], [ 2.16471, 41.38593 ], [ 2.16401, 41.3854 ], [ 2.16309, 41.37875 ], [ 2.1678, 41.37498 ], [ 2.1499, 41.37507 ], [ 2.1423, 41.38072 ], [ 2.14275, 41.3866 ], [ 2.14434, 41.39238 ], [ 2.14484, 41.39246 ], [ 2.14498, 41.39286 ], [ 2.15923, 41.39646 ], [ 2.16622, 41.40171 ], [ 2.16735, 41.40086 ], [ 2.17204, 41.40437 ], [ 2.16866, 41.40693 ], [ 2.17547, 41.41204 ], [ 2.18567, 41.40431 ], [ 2.18453, 41.40345 ], [ 2.1869, 41.40165 ] ] ] } },
{ "type": "Feature", "properties": { "id": "district-03", "name": "Sants-Montjuïc", "kind": "district" }, "geometry": { "type": "MultiPolygon", "coordinates": [ [ [ [ 2.14824, 41.37623 ], [ 2.1499, 41.37507 ], [ 2.17, 41.37496 ], [ 2.1753, 41.37462 ], [ 2.17574, 41.37429 ], [ 2.17547, 41.37333 ], [ 2.17762, 41.37236 ], [ 2.17709, 41.37214 ], [ 2.17675, 41.36985 ], [ 2.17711, 41.36982 ], [ 2.17704, 41.36936 ], [ 2.17668, 41.36939 ], [ 2.17652, 41.36713 ], [ 2.18075, 41.36584 ], [ 2.17931, 41.36356 ], [ 2.17899, 41.36368 ], [ 2.17928, 41.36412 ], [ 2.17598, 41.36532 ], [ 2.17348, 41.36204 ], [ 2.17384, 41.36188 ], [ 2.17369, 41.36165 ], [ 2.17674, 41.36055 ], [ 2.17545, 41.35863 ], [ 2.17093, 41.36025 ], [ 2.1699, 41.35865 ], [ 2.17305, 41.3565 ], [ 2.16691, 41.34714 ], [ 2.16338, 41.34864 ], [ 2.15331, 41.3427 ], [ 2.15301, 41.34294 ], [ 2.15322, 41.34446 ], [ 2.15285, 41.34449 ], [ 2.15301, 41.3456 ], [ 2.15264, 41.34563 ], [ 2.15274, 41.34634 ], [ 2.15196, 41.3464 ], [ 2.15181, 41.34572 ], [ 2.15187, 41.34641 ], [ 2.15092, 41.34648 ], [ 2.14957, 41.33668 ], [ 2.14561, 41.33655 ], [ 2.14428, 41.33475 ], [ 2.14728, 41.3337 ], [ 2.14585, 41.33137 ], [ 2.14609, 41.33129 ], [ 2.1459, 41.33099 ], [ 2.14891, 41.33 ], [ 2.15438, 41.33903 ], [ 2.15623, 41.34182 ], [ 2.15685, 41.34229 ], [ 2.15825, 41.34259 ], [ 2.15948, 41.34325 ], [ 2.16118, 41.34259 ], [ 2.16105, 41.34208 ], [ 2.16278, 41.3418 ], [ 2.16253, 41.3425 ], [ 2.16424, 41.34223 ], [ 2.16362, 41.34167 ], [ 2.16617, 41.34133 ], [ 2.16614, 41.34107 ], [ 2.16532, 41.34114 ], [ 2.16518, 41.34034 ], [ 2.16553, 41.34025 ], [ 2.16573, 41.34061 ], [ 2.1656, 41.34016 ], [ 2.16494, 41.34025 ], [ 2.16408, 41.33832 ], [ 2.16515, 41.33807 ], [ 2.16539, 41.33831 ], [ 2.16518, 41.33759 ], [ 2.1651, 41.33788 ], [ 2.16391, 41.33797 ], [ 2.1592, 41.32722 ], [ 2.15872, 41.32728 ], [ 2.15885, 41.32783 ], [ 2.1543, 41.32786 ], [ 2.1545, 41.32747 ], [ 2.15421, 41.32721 ], [ 2.15396, 41.32767 ], [ 2.15235, 41.32308 ], [ 2.15173, 41.32315 ], [ 2.14986, 41.32068 ], [ 2.13977, 41.32112 ], [ 2.13071, 41.32077 ], [ 2.1258, 41.32135 ], [ 2.1189, 41.32273 ], [ 2.11565, 41.32389 ], [ 2.1123, 41.32612 ], [ 2.10765, 41.33174 ], [ 2.10413, 41.33434 ], [ 2.10053, 41.33604 ], [ 2.12809, 41.3453 ], [ 2.13742, 41.34877 ], [ 2.13504, 41.3513 ], [ 2.13207, 41.35574 ], [ 2.13319, 41.35618 ], [ 2.13297, 41.3565 ], [ 2.13337, 41.35848 ], [ 2.13285, 41.35919 ], [ 2.13331, 41.35938 ], [ 2.13297, 41.35985 ], [ 2.13468, 41.36115 ], [ 2.13543, 41.36226 ], [ 2.13366, 41.36361 ], [ 2.13163, 41.36797 ], [ 2.13042, 41.36973 ], [ 2.12923, 41.37073 ], [ 2.12427, 41.37354 ], [ 2.12324, 41.37485 ], [ 2.12179, 41.37569 ], [ 2.1227, 41.37567 ], [ 2.13084, 41.38027 ], [ 2.13906, 41.38322 ], [ 2.14264, 41.38562 ], [ 2.1423, 41.38072 ], [ 2.14824, 41.37623 ] ] ], [ [ [ 2.17521, 41.34984 ], [ 2.16989, 41.3264 ], [ 2.17294, 41.31735 ], [ 2.17255, 41.31704 ], [ 2.16936, 41.32637 ], [ 2.17114, 41.33392 ], [ 2.16997, 41.33424 ], [ 2.17018, 41.33462 ], [ 2.17014, 41.33419 ], [ 2.17095, 41.3341 ], [ 2.17107, 41.33508 ], [ 2.17074, 41.33513 ], [ 2.17054, 41.33566 ], [ 2.17095, 41.33856 ], [ 2.17178, 41.33866 ], [ 2.17213, 41.34017 ], [ 2.17152, 41.34032 ], [ 2.17234, 41.34419 ], [ 2.17169, 41.34472 ], [ 2.17129, 41.34452 ], [ 2.17222, 41.34881 ], [ 2.1719, 41.34901 ], [ 2.1721, 41.3494 ], [ 2.17242, 41.34929 ], [ 2.1824, 41.36475 ], [ 2.18306, 41.3652 ], [ 2.18347, 41.36332 ], [ 2.18304, 41.36316 ], [ 2.17609, 41.35231 ], [ 2.17521, 41.34984 ] ] ] ] } },
{ "type": "Feature", "properties": { "id": "district-04", "name": "Les Corts", "kind": "district" }, "geometry": { "type": "Polygon", "coordinates": [ [ [ 2.10342, 41.4011 ], [ 2.10663, 41.40006 ], [ 2.10865, 41.39845 ], [ 2.1097, 41.39658 ], [ 2.1095, 41.39591 ], [ 2.10994, 41.39517 ], [ 2.11313, 41.39726 ], [ 2.11561, 41.39587 ], [ 2.11763, 41.39524 ], [ 2.11829, 41.39459 ], [ 2.11848, 41.39376 ], [ 2.11818, 41.39288 ], [ 2.11756, 41.39222 ], [ 2.12001, 41.39128 ], [ 2.1209, 41.39009 ], [ 2.12998, 41.39268 ], [ 2.13877, 41.39124 ], [ 2.14405, 41.39257 ], [ 2.14434, 41.39238 ], [ 2.14353, 41.39004 ], [ 2.14264, 41.38562 ], [ 2.13906, 41.38322 ], [ 2.13084, 41.38027 ], [ 2.1227, 41.37567 ], [ 2.12179, 41.37569 ], [ 2.12144, 41.37799 ], [ 2.1178, 41.37578 ], [ 2.10931, 41.37594 ], [ 2.10906, 41.37704 ], [ 2.10814, 41.37814 ], [ 2.10598, 41.37923 ], [ 2.1055, 41.37888 ], [ 2.10266, 41.3806 ], [ 2.10193, 41.38134 ], [ 2.10118, 41.38318 ], [ 2.10273, 41.38363 ], [ 2.10339, 41.38455 ], [ 2.10289, 41.38549 ], [ 2.10111, 41.38708 ], [ 2.10229, 41.38752 ], [ 2.10059, 41.38841 ], [ 2.09986, 41.39079 ], [ 2.0998, 41.392 ], [ 2.09779, 41.39396 ], [ 2.09993, 41.39681 ], [ 2.1005, 41.39855 ], [ 2.10168, 41.39915 ], [ 2.10283, 41.40052 ], [ 2.10293, 41.4011 ], [ 2.10342, 41.4011 ] ] ] } },
{ "type": "Feature", "properties": { "id": "district-05", "name": "Sarrià-Sant Gervasi", "kind": "district" }, "geometry": { "type": "MultiPolygon", "coordinates": [ [ [ [ 2.07313, 41.43522 ], [ 2.07477, 41.4353 ], [ 2.07514, 41.4345 ], [ 2.07485, 41.43344 ], [ 2.07533, 41.43294 ], [ 2.07676, 41.43285 ], [ 2.07807, 41.43206 ], [ 2.07999, 41.43188 ], [ 2.08026, 41.43155 ], [ 2.08017, 41.43086 ], [ 2.08077, 41.43064 ], [ 2.08124, 41.43072 ], [ 2.08111, 41.43124 ], [ 2.08158, 41.43175 ], [ 2.08265, 41.43199 ], [ 2.08264, 41.43077 ], [ 2.0839, 41.43089 ], [ 2.08413, 41.43075 ], [ 2.08371, 41.43024 ], [ 2.08389, 41.42997 ], [ 2.0882, 41.4282 ], [ 2.08921, 41.42924 ], [ 2.09043, 41.42864 ], [ 2.09219, 41.42957 ], [ 2.09442, 41.43252 ], [ 2.09607, 41.43327 ], [ 2.09678, 41.43262 ], [ 2.09883, 41.43171 ], [ 2.09871, 41.43091 ], [ 2.09916, 41.43014 ], [ 2.10114, 41.4298 ], [ 2.10209, 41.42865 ], [ 2.10322, 41.42807 ], [ 2.10529, 41.42879 ], [ 2.10634, 41.4285 ], [ 2.1092, 41.42872 ], [ 2.10959, 41.4284 ], [ 2.11109, 41.42828 ], [ 2.11234, 41.42861 ], [ 2.11332, 41.4285 ], [ 2.1153, 41.42774 ], [ 2.11563, 41.42678 ], [ 2.11941, 41.42569 ], [ 2.12119, 41.42588 ], [ 2.12134, 41.42547 ], [ 2.12047, 41.42394 ], [ 2.12043, 41.42272 ], [ 2.12151, 41.42112 ], [ 2.12116, 41.42071 ], [ 2.12893, 41.41742 ], [ 2.12791, 41.41829 ], [ 2.12817, 41.41876 ], [ 2.12745, 41.41938 ], [ 2.12876, 41.41993 ], [ 2.1295, 41.41944 ], [ 2.13009, 41.41965 ], [ 2.13055, 41.41828 ], [ 2.13228, 41.41858 ], [ 2.13432, 41.41771 ], [ 2.13631, 41.41599 ], [ 2.13615, 41.41522 ], [ 2.1407, 41.41184 ], [ 2.14536, 41.41105 ], [ 2.14767, 41.408 ], [ 2.14866, 41.40719 ], [ 2.14838, 41.40681 ], [ 2.14891, 41.40655 ], [ 2.14903, 41.40689 ], [ 2.15007, 41.40599 ], [ 2.15037, 41.40437 ], [ 2.14992, 41.40321 ], [ 2.15116, 41.40149 ], [ 2.15123, 41.40049 ], [ 2.15493, 41.39678 ], [ 2.15571, 41.39557 ], [ 2.14498, 41.39286 ], [ 2.14466, 41.39238 ], [ 2.14405, 41.39257 ], [ 2.13877, 41.39124 ], [ 2.12998, 41.39268 ], [ 2.1209, 41.39009 ], [ 2.12001, 41.39128 ], [ 2.11756, 41.39222 ], [ 2.11818, 41.39288 ], [ 2.11848, 41.39376 ], [ 2.11829, 41.39459 ], [ 2.11763, 41.39524 ], [ 2.11561, 41.39587 ], [ 2.11313, 41.39726 ], [ 2.10994, 41.39517 ], [ 2.1095, 41.39591 ], [ 2.1097, 41.39658 ], [ 2.10875, 41.39831 ], [ 2.10707, 41.3998 ], [ 2.10538, 41.4006 ], [ 2.10293, 41.4011 ], [ 2.10383, 41.40329 ], [ 2.10371, 41.40424 ], [ 2.10181, 41.40512 ], [ 2.1016, 41.407 ], [ 2.10061, 41.40837 ], [ 2.099, 41.40886 ], [ 2.09732, 41.40911 ], [ 2.09666, 41.40824 ], [ 2.09565, 41.40785 ], [ 2.0896, 41.40844 ], [ 2.08546, 41.40971 ], [ 2.08413, 41.40935 ], [ 2.08414, 41.40894 ], [ 2.08279, 41.40776 ], [ 2.08245, 41.40708 ], [ 2.08042, 41.40596 ], [ 2.08012, 41.40455 ], [ 2.07859, 41.40312 ], [ 2.07777, 41.40287 ], [ 2.07641, 41.40319 ], [ 2.07489, 41.40291 ], [ 2.07375, 41.4033 ], [ 2.07279, 41.40316 ], [ 2.07219, 41.40346 ], [ 2.07206, 41.40409 ], [ 2.07, 41.40703 ], [ 2.07152, 41.40719 ], [ 2.07206, 41.40754 ], [ 2.07135, 41.40881 ], [ 2.07214, 41.41095 ], [ 2.07344, 41.41186 ], [ 2.07555, 41.41239 ], [ 2.07734, 41.41463 ], [ 2.07893, 41.41495 ], [ 2.07975, 41.41573 ], [ 2.07971, 41.41632 ], [ 2.07862, 41.41799 ], [ 2.07872, 41.41886 ], [ 2.07765, 41.4186 ], [ 2.07683, 41.41961 ], [ 2.07707, 41.42092 ], [ 2.07539, 41.42202 ], [ 2.08008, 41.42308 ], [ 2.0803, 41.42424 ], [ 2.08059, 41.42438 ], [ 2.07724, 41.42501 ], [ 2.07439, 41.42477 ], [ 2.07268, 41.42507 ], [ 2.07256, 41.42584 ], [ 2.07325, 41.42734 ], [ 2.07299, 41.42752 ], [ 2.07662, 41.42871 ], [ 2.07285, 41.43083 ], [ 2.07153, 41.43297 ], [ 2.07098, 41.43474 ], [ 2.07178, 41.43632 ], [ 2.07334, 41.43645 ], [ 2.07247, 41.43551 ], [ 2.07313, 41.43522 ] ] ], [ [ [ 2.05897, 41.43542 ], [ 2.05936, 41.43539 ], [ 2.0595, 41.43448 ], [ 2.06002, 41.43396 ], [ 2.06212, 41.43336 ], [ 2.06291, 41.43358 ], [ 2.06366, 41.43113 ], [ 2.06458, 41.42991 ], [ 2.06597, 41.43008 ], [ 2.06779, 41.42954 ], [ 2.06769, 41.42873 ], [ 2.06678, 41.42735 ], [ 2.06699, 41.42629 ], [ 2.06967, 41.42518 ], [ 2.0694, 41.42335 ], [ 2.06987, 41.4227 ], [ 2.0698, 41.42177 ], [ 2.07048, 41.41881 ], [ 2.06724, 41.41808 ], [ 2.06458, 41.41803 ], [ 2.06429, 41.41784 ], [ 2.06499, 41.41663 ], [ 2.0649, 41.41609 ], [ 2.06416, 41.41429 ], [ 2.0635, 41.41355 ], [ 2.06205, 41.41366 ], [ 2.06149, 41.41295 ], [ 2.06078, 41.41273 ], [ 2.05829, 41.41282 ], [ 2.05907, 41.41226 ], [ 2.059, 41.41099 ], [ 2.05877, 41.41065 ], [ 2.05685, 41.41033 ], [ 2.05499, 41.41218 ], [ 2.05464, 41.41395 ], [ 2.0569, 41.416 ], [ 2.0573, 41.41841 ], [ 2.05638, 41.42048 ], [ 2.05647, 41.42136 ], [ 2.05554, 41.42227 ], [ 2.05464, 41.42241 ], [ 2.05316, 41.42366 ], [ 2.05252, 41.42382 ], [ 2.05233, 41.42423 ], [ 2.05326, 41.42501 ], [ 2.05587, 41.42548 ], [ 2.05766, 41.42642 ], [ 2.05769, 41.4279 ], [ 2.05845, 41.42918 ], [ 2.05844, 41.4309 ], [ 2.0576, 41.43345 ], [ 2.05791, 41.43389 ], [ 2.05749, 41.43468 ], [ 2.05767, 41.43581 ], [ 2.05897, 41.43542 ] ] ] ] } },
{ "type": "Feature", "properties": { "id": "district-06", "name": "Gràcia", "kind": "district" }, "geometry": { "type": "Polygon", "coordinates": [ [ [ 2.13629, 41.42363 ], [ 2.13759, 41.42332 ], [ 2.13808, 41.42282 ], [ 2.13844, 41.42177 ], [ 2.13772, 41.42099 ], [ 2.14004, 41.42023 ], [ 2.14046, 41.4211 ], [ 2.14184, 41.42156 ], [ 2.1439, 41.42014 ], [ 2.14514, 41.42089 ], [ 2.1478, 41.42159 ], [ 2.14947, 41.42164 ], [ 2.14927, 41.42037 ], [ 2.15177, 41.42014 ], [ 2.15099, 41.41759 ], [ 2.15192, 41.4169 ], [ 2.15272, 41.41681 ], [ 2.15522, 41.41492 ], [ 2.15663, 41.41562 ], [ 2.15721, 41.41651 ], [ 2.15757, 41.41652 ], [ 2.15895, 41.41464 ], [ 2.16013, 41.41396 ], [ 2.16106, 41.41418 ], [ 2.16138, 41.41394 ], [ 2.16124, 41.41357 ], [ 2.16369, 41.41072 ], [ 2.17204, 41.40437 ], [ 2.16735, 41.40086 ], [ 2.16622, 41.40171 ], [ 2.15923, 41.39646 ], [ 2.15571, 41.39557 ], [ 2.15493, 41.39678 ], [ 2.15123, 41.40049 ], [ 2.15116, 41.40149 ], [ 2.14992, 41.40321 ], [ 2.15037, 41.40437 ], [ 2.15007, 41.40599 ], [ 2.14903, 41.40689 ], [ 2.14891, 41.40655 ], [ 2.14838, 41.40681 ], [ 2.14866, 41.40719 ], [ 2.14767, 41.408 ], [ 2.14536, 41.41105 ], [ 2.14082, 41.41177 ], [ 2.13615, 41.41522 ], [ 2.13631, 41.41599 ], [ 2.13432, 41.41771 ], [ 2.13228, 41.41858 ], [ 2.13055, 41.41828 ], [ 2.13006, 41.41911 ], [ 2.13013, 41.41961 ], [ 2.1296, 41.41943 ], [ 2.12932, 41.41952 ], [ 2.13007, 41.42008 ], [ 2.13101, 41.41939 ], [ 2.1322, 41.41993 ], [ 2.12995, 41.42257 ], [ 2.13281, 41.42259 ], [ 2.13471, 41.42213 ], [ 2.13421, 41.42278 ], [ 2.13534, 41.42425 ], [ 2.13511, 41.42488 ], [ 2.13598, 41.42454 ], [ 2.13629, 41.42363 ] ] ] } },
{ "type": "Feature", "properties": { "id": "district-07", "name": "Horta-Guinardó", "kind": "district" }, "geometry": { "type": "Polygon", "coordinates": [ [ [ 2.15949, 41.44977 ], [ 2.15834, 41.44808 ], [ 2.15704, 41.44743 ], [ 2.15759, 41.44671 ], [ 2.15725, 41.44605 ], [ 2.15571, 41.44565 ], [ 2.15771, 41.44483 ], [ 2.15919, 41.44238 ], [ 2.1597, 41.44212 ], [ 2.15997, 41.44238 ], [ 2.1624, 41.44133 ], [ 2.16237, 41.44079 ], [ 2.16155, 41.44027 ], [ 2.16166, 41.43929 ], [ 2.16366, 41.43786 ], [ 2.16313, 41.43736 ], [ 2.16352, 41.4371 ], [ 2.16317, 41.43659 ], [ 2.16426, 41.43629 ], [ 2.16311, 41.43288 ], [ 2.16323, 41.43198 ], [ 2.16431, 41.43077 ], [ 2.16615, 41.42963 ], [ 2.16363, 41.4281 ], [ 2.16998, 41.42718 ], [ 2.17606, 41.42545 ], [ 2.18075, 41.42035 ], [ 2.18048, 41.41583 ], [ 2.16866, 41.40693 ], [ 2.16369, 41.41072 ], [ 2.16124, 41.41357 ], [ 2.16138, 41.41394 ], [ 2.16106, 41.41418 ], [ 2.16028, 41.41393 ], [ 2.15919, 41.41445 ], [ 2.15757, 41.41652 ], [ 2.15721, 41.41651 ], [ 2.15663, 41.41562 ], [ 2.15522, 41.41492 ], [ 2.15272, 41.41681 ], [ 2.15192, 41.4169 ], [ 2.15099, 41.41759 ], [ 2.15177, 41.42014 ], [ 2.14927, 41.42037 ], [ 2.14947, 41.42164 ], [ 2.1478, 41.42159 ], [ 2.14514, 41.42089 ], [ 2.1439, 41.42014 ], [ 2.14184, 41.42156 ], [ 2.14046, 41.4211 ], [ 2.14004, 41.42023 ], [ 2.13772, 41.42099 ], [ 2.13844, 41.42177 ], [ 2.13808, 41.42282 ], [ 2.13759, 41.42332 ], [ 2.13629, 41.42363 ], [ 2.13598, 41.42454 ], [ 2.13511, 41.42488 ], [ 2.13534, 41.42425 ], [ 2.13421, 41.42278 ], [ 2.13471, 41.42213 ], [ 2.13281, 41.42259 ], [ 2.12995, 41.42257 ], [ 2.1322, 41.41993 ], [ 2.13109, 41.41939 ], [ 2.1301, 41.42008 ], [ 2.12952, 41.41951 ], [ 2.12879, 41.41993 ], [ 2.12758, 41.4195 ], [ 2.12746, 41.41925 ], [ 2.12817, 41.41876 ], [ 2.12791, 41.41829 ], [ 2.12893, 41.41742 ], [ 2.12116, 41.42071 ], [ 2.12151, 41.42112 ], [ 2.12043, 41.42272 ], [ 2.12047, 41.42394 ], [ 2.12131, 41.42539 ], [ 2.12121, 41.42578 ], [ 2.1221, 41.42661 ], [ 2.12279, 41.42839 ], [ 2.12663, 41.4316 ], [ 2.12645, 41.43171 ], [ 2.12752, 41.43313 ], [ 2.12827, 41.43351 ], [ 2.1281, 41.43376 ], [ 2.1288, 41.43509 ], [ 2.12861, 41.43679 ], [ 2.12924, 41.43766 ], [ 2.12948, 41.43873 ], [ 2.12933, 41.44003 ], [ 2.12993, 41.44067 ], [ 2.1295, 41.44191 ], [ 2.12994, 41.44247 ], [ 2.12994, 41.44303 ], [ 2.13072, 41.44383 ], [ 2.13278, 41.4446 ], [ 2.13291, 41.44543 ], [ 2.13384, 41.44604 ], [ 2.13473, 41.44756 ], [ 2.13574, 41.44743 ], [ 2.13781, 41.44796 ], [ 2.14082, 41.44744 ], [ 2.14203, 41.44694 ], [ 2.14504, 41.44796 ], [ 2.14842, 41.44676 ], [ 2.14953, 41.44722 ], [ 2.15191, 41.44702 ], [ 2.15327, 41.44779 ], [ 2.15356, 41.4488 ], [ 2.15584, 41.44993 ], [ 2.15745, 41.44959 ], [ 2.15911, 41.45052 ], [ 2.15949, 41.44977 ] ] ] } },
{ "type": "Feature", "properties": { "id": "district-08", "name": "Nou Barris", "kind": "district" }, "geometry": { "type": "Polygon", "coordinates": [ [ [ 2.18706, 41.46772 ], [ 2.18764, 41.45964 ], [ 2.18879, 41.4573 ], [ 2.18789, 41.45691 ], [ 2.18878, 41.45484 ], [ 2.1888, 41.45069 ], [ 2.18275, 41.43175 ], [ 2.18279, 41.43064 ], [ 2.18437, 41.42835 ], [ 2.1843, 41.42764 ], [ 2.17729, 41.42817 ], [ 2.1773, 41.42549 ], [ 2.17606, 41.42545 ], [ 2.16998, 41.42718 ], [ 2.16363, 41.4281 ], [ 2.16615, 41.42963 ], [ 2.16431, 41.43077 ], [ 2.16323, 41.43198 ], [ 2.16311, 41.43288 ], [ 2.16426, 41.43629 ], [ 2.16317, 41.43659 ], [ 2.16352, 41.4371 ], [ 2.16313, 41.43736 ], [ 2.16366, 41.43786 ], [ 2.16166, 41.43929 ], [ 2.16155, 41.44027 ], [ 2.16237, 41.44079 ], [ 2.1624, 41.44133 ], [ 2.15997, 41.44238 ], [ 2.1597, 41.44212 ], [ 2.15919, 41.44238 ], [ 2.15771, 41.44483 ], [ 2.15571, 41.44569 ], [ 2.15725, 41.44605 ], [ 2.15759, 41.44671 ], [ 2.15704, 41.44743 ], [ 2.15794, 41.44771 ], [ 2.15942, 41.44939 ], [ 2.15948, 41.44996 ], [ 2.15911, 41.45052 ], [ 2.16404, 41.44979 ], [ 2.16476, 41.45106 ], [ 2.16556, 41.45148 ], [ 2.16533, 41.45225 ], [ 2.1648, 41.45268 ], [ 2.16492, 41.45477 ], [ 2.16441, 41.45512 ], [ 2.16417, 41.45579 ], [ 2.16574, 41.45837 ], [ 2.16616, 41.45847 ], [ 2.16752, 41.45993 ], [ 2.16733, 41.46068 ], [ 2.16826, 41.4607 ], [ 2.16832, 41.46028 ], [ 2.17122, 41.46121 ], [ 2.17141, 41.46082 ], [ 2.17417, 41.46264 ], [ 2.17435, 41.46348 ], [ 2.17492, 41.46385 ], [ 2.17573, 41.46373 ], [ 2.18071, 41.46494 ], [ 2.17894, 41.46653 ], [ 2.17869, 41.46818 ], [ 2.17941, 41.46759 ], [ 2.18379, 41.4683 ], [ 2.18538, 41.4678 ], [ 2.18706, 41.46772 ] ] ] } },
{ "type": "Feature", "properties": { "id": "district-09", "name": "Sant Andreu", "kind": "district" }, "geometry": { "type": "Polygon", "coordinates": [ [ [ 2.18764, 41.46212 ], [ 2.18833, 41.46005 ], [ 2.18979, 41.45822 ], [ 2.19918, 41.45107 ], [ 2.2063, 41.44381 ], [ 2.20799, 41.4411 ], [ 2.20963, 41.43576 ], [ 2.21076, 41.43343 ], [ 2.20804, 41.43313 ], [ 2.20647, 41.43264 ], [ 2.20617, 41.43227 ], [ 2.2068, 41.43054 ], [ 2.20654, 41.43024 ], [ 2.20701, 41.43001 ], [ 2.20732, 41.42907 ], [ 2.20735, 41.42798 ], [ 2.20702, 41.42758 ], [ 2.20298, 41.42948 ], [ 2.20069, 41.43016 ], [ 2.19894, 41.43003 ], [ 2.19757, 41.42921 ], [ 2.19643, 41.42666 ], [ 2.1956, 41.42265 ], [ 2.19522, 41.42239 ], [ 2.19329, 41.4168 ], [ 2.19354, 41.4154 ], [ 2.19241, 41.41455 ], [ 2.19111, 41.41554 ], [ 2.18903, 41.41368 ], [ 2.18336, 41.41795 ], [ 2.18048, 41.41583 ], [ 2.18075, 41.42035 ], [ 2.17606, 41.42545 ], [ 2.1773, 41.42549 ], [ 2.17729, 41.42817 ], [ 2.1843, 41.42764 ], [ 2.18437, 41.42835 ], [ 2.18279, 41.43064 ], [ 2.18275, 41.43175 ], [ 2.1888, 41.45069 ], [ 2.18878, 41.45484 ], [ 2.18789, 41.45691 ], [ 2.18879, 41.4573 ], [ 2.18772, 41.45923 ], [ 2.1874, 41.46208 ], [ 2.18764, 41.46212 ] ] ] } },
{ "type": "Feature", "properties": { "id": "district-10", "name": "Sant Martí", "kind": "district" }, "geometry": { "type": "Polygon", "coordinates": [ [ [ 2.20736, 41.42711 ], [ 2.20676, 41.42675 ], [ 2.20607, 41.42561 ], [ 2.20754, 41.425 ], [ 2.20866, 41.42502 ], [ 2.20909, 41.42534 ], [ 2.2096, 41.42434 ], [ 2.21095, 41.42347 ], [ 2.21182, 41.42207 ], [ 2.21128, 41.42167 ], [ 2.21379, 41.42 ], [ 2.21402, 41.42017 ], [ 2.21779, 41.41699 ], [ 2.21819, 41.41729 ], [ 2.22044, 41.41417 ], [ 2.22137, 41.41351 ], [ 2.22098, 41.41308 ], [ 2.22721, 41.41038 ], [ 2.22642, 41.4089 ], [ 2.22653, 41.40858 ], [ 2.22626, 41.40844 ], [ 2.22636, 41.4089 ], [ 2.2259, 41.40805 ], [ 2.22608, 41.40789 ], [ 2.22583, 41.40794 ], [ 2.22543, 41.40732 ], [ 2.22584, 41.40709 ], [ 2.22628, 41.40743 ], [ 2.22771, 41.40961 ], [ 2.22802, 41.40904 ], [ 2.22743, 41.40809 ], [ 2.22692, 41.40811 ], [ 2.22693, 41.40763 ], [ 2.22674, 41.40788 ], [ 2.22649, 41.40769 ], [ 2.22648, 41.4071 ], [ 2.22611, 41.40725 ], [ 2.22609, 41.40662 ], [ 2.22502, 41.40734 ], [ 2.22478, 41.40694 ], [ 2.22569, 41.40633 ], [ 2.22572, 41.40597 ], [ 2.22469, 41.40647 ], [ 2.22433, 41.40617 ], [ 2.22343, 41.40618 ], [ 2.22192, 41.40508 ], [ 2.22152, 41.40553 ], [ 2.22097, 41.40514 ], [ 2.22217, 41.40408 ], [ 2.22339, 41.40529 ], [ 2.22215, 41.40352 ], [ 2.22195, 41.40355 ], [ 2.22215, 41.40388 ], [ 2.22031, 41.40515 ], [ 2.21849, 41.40438 ], [ 2.21715, 41.40294 ], [ 2.21894, 41.40151 ], [ 2.21734, 41.40259 ], [ 2.21615, 41.40195 ], [ 2.21456, 41.39974 ], [ 2.21564, 41.39898 ], [ 2.21534, 41.39886 ], [ 2.21559, 41.3986 ], [ 2.2144, 41.39935 ], [ 2.21364, 41.39914 ], [ 2.21111, 41.39678 ], [ 2.21074, 41.39603 ], [ 2.21185, 41.39513 ], [ 2.21113, 41.39541 ], [ 2.21091, 41.39525 ], [ 2.21132, 41.39474 ], [ 2.21007, 41.39565 ], [ 2.2089, 41.39525 ], [ 2.20703, 41.39362 ], [ 2.20551, 41.39155 ], [ 2.20627, 41.39077 ], [ 2.20482, 41.39168 ], [ 2.20457, 41.39149 ], [ 2.20589, 41.39049 ], [ 2.20442, 41.39108 ], [ 2.20207, 41.3898 ], [ 2.20149, 41.38865 ], [ 2.20283, 41.38765 ], [ 2.20339, 41.38816 ], [ 2.20305, 41.38784 ], [ 2.20362, 41.38742 ], [ 2.20186, 41.38517 ], [ 2.1995, 41.38359 ], [ 2.20053, 41.38398 ], [ 2.20054, 41.38373 ], [ 2.1994, 41.38336 ], [ 2.19886, 41.38366 ], [ 2.20075, 41.38458 ], [ 2.20275, 41.38661 ], [ 2.2024, 41.38687 ], [ 2.20084, 41.38539 ], [ 2.2002, 41.38587 ], [ 2.20196, 41.3872 ], [ 2.20046, 41.38833 ], [ 2.19831, 41.3869 ], [ 2.19999, 41.38519 ], [ 2.19972, 41.38499 ], [ 2.19575, 41.38785 ], [ 2.19357, 41.38624 ], [ 2.18677, 41.39139 ], [ 2.18459, 41.38976 ], [ 2.18238, 41.39142 ], [ 2.18673, 41.39464 ], [ 2.1869, 41.40166 ], [ 2.18453, 41.40345 ], [ 2.18567, 41.40431 ], [ 2.17547, 41.41204 ], [ 2.18336, 41.41795 ], [ 2.18903, 41.41368 ], [ 2.19111, 41.41554 ], [ 2.19241, 41.41455 ], [ 2.19336, 41.41525 ], [ 2.19325, 41.41664 ], [ 2.19522, 41.42239 ], [ 2.1956, 41.42265 ], [ 2.19662, 41.42728 ], [ 2.19732, 41.42894 ], [ 2.1984, 41.42982 ], [ 2.1999, 41.43016 ], [ 2.20153, 41.42999 ], [ 2.20702, 41.42758 ], [ 2.20684, 41.42736 ], [ 2.20736, 41.42711 ] ] ] } },
{ "type": "Feature", "properties": { "id": "barri-0101", "name": "el Raval", "kind": "barri", "parent": "district-01" }, "geometry": { "type": "Polygon", "coordinates": [ [ [ 2.16471, 41.38593 ], [ 2.16996, 41.38567 ], [ 2.17196, 41.38268 ], [ 2.17752, 41.376 ], [ 2.17738, 41.37532 ], [ 2.17848, 41.37477 ], [ 2.17798, 41.37414 ], [ 2.17827, 41.37401 ], [ 2.17812, 41.37382 ], [ 2.183, 41.3716 ], [ 2.1821, 41.37039 ], [ 2.17547, 41.37333 ], [ 2.17574, 41.37429 ], [ 2.1753, 41.37462 ], [ 2.1678, 41.37498 ], [ 2.16309, 41.37875 ], [ 2.16401, 41.3854 ], [ 2.16471, 41.38593 ] ] ] } },
{ "type": "Feature", "properties": { "id": "barri-0102", "name": "el Barri Gòtic", "kind": "barri", "parent": "district-01" }, "geometry": { "type": "Polygon", "coordinates": [ [ [ 2.17701, 41.38525 ], [ 2.18355, 41.38045 ], [ 2.18499, 41.37675 ], [ 2.18306, 41.37434 ], [ 2.18165, 41.37489 ], [ 2.18151, 41.37535 ], [ 2.18325, 41.37755 ], [ 2.18251, 41.37946 ], [ 2.18228, 41.37952 ], [ 2.17848, 41.37477 ], [ 2.1781, 41.37494 ], [ 2.17738, 41.37532 ], [ 2.17752, 41.376 ], [ 2.17196, 41.38268 ], [ 2.16996, 41.38567 ], [ 2.17276, 41.38847 ], [ 2.17701, 41.38525 ] ] ] } },
{ "type": "Feature", "properties": { "id": "barri-0103", "name": "la Barceloneta", "kind": "barri", "parent": "district-01" }, "geometry": { "type": "Polygon", "coordinates": [ [ [ 2.19623, 41.38745 ], [ 2.19972, 41.38499 ], [ 2.19908, 41.38464 ], [ 2.1986, 41.385 ], [ 2.19823, 41.3847 ], [ 2.19832, 41.38434 ], [ 2.19722, 41.38421 ], [ 2.19593, 41.38319 ], [ 2.19546, 41.38174 ], [ 2.19732, 41.38111 ], [ 2.19702, 41.38095 ], [ 2.19568, 41.38152 ], [ 2.19535, 41.38099 ], [ 2.19683, 41.38057 ], [ 2.19693, 41.3803 ], [ 2.19498, 41.38097 ], [ 2.1945, 41.38071 ], [ 2.19342, 41.37958 ], [ 2.19287, 41.3784 ], [ 2.19287, 41.37764 ], [ 2.19344, 41.37692 ], [ 2.19195, 41.37645 ], [ 2.19086, 41.37519 ], [ 2.18969, 41.37241 ], [ 2.18949, 41.37069 ], [ 2.19035, 41.36952 ], [ 2.19111, 41.36939 ], [ 2.19157, 41.37004 ], [ 2.19188, 41.36986 ], [ 2.18776, 41.36347 ], [ 2.18536, 41.35773 ], [ 2.1846, 41.3579 ], [ 2.18528, 41.35811 ], [ 2.18713, 41.36296 ], [ 2.18671, 41.36333 ], [ 2.18741, 41.36358 ], [ 2.1893, 41.3667 ], [ 2.1879, 41.36723 ], [ 2.18684, 41.36567 ], [ 2.18587, 41.36488 ], [ 2.18665, 41.36405 ], [ 2.18597, 41.36422 ], [ 2.18494, 41.36526 ], [ 2.18493, 41.36563 ], [ 2.18536, 41.36536 ], [ 2.18668, 41.36691 ], [ 2.1872, 41.37001 ], [ 2.18617, 41.37013 ], [ 2.18595, 41.36803 ], [ 2.18515, 41.3681 ], [ 2.18519, 41.36848 ], [ 2.18462, 41.36861 ], [ 2.18496, 41.37042 ], [ 2.18458, 41.37048 ], [ 2.18461, 41.37085 ], [ 2.18714, 41.37064 ], [ 2.18721, 41.3711 ], [ 2.18577, 41.37121 ], [ 2.18577, 41.37149 ], [ 2.18616, 41.37165 ], [ 2.1858, 41.37169 ], [ 2.18592, 41.3724 ], [ 2.1874, 41.37228 ], [ 2.18755, 41.37316 ], [ 2.18682, 41.37329 ], [ 2.18709, 41.37379 ], [ 2.1868, 41.37356 ], [ 2.18749, 41.37456 ], [ 2.18666, 41.37482 ], [ 2.18593, 41.37453 ], [ 2.18553, 41.37259 ], [ 2.18489, 41.37265 ], [ 2.18423, 41.37295 ], [ 2.18493, 41.37267 ], [ 2.18426, 41.37299 ], [ 2.18493, 41.37279 ], [ 2.18499, 41.37313 ], [ 2.18439, 41.37336 ], [ 2.185, 41.37323 ], [ 2.18506, 41.37358 ], [ 2.18445, 41.37376 ], [ 2.18507, 41.37364 ], [ 2.18513, 41.37403 ], [ 2.18447, 41.37417 ], [ 2.18514, 41.37408 ], [ 2.1852, 41.37448 ], [ 2.18454, 41.37458 ], [ 2.18521, 41.37453 ], [ 2.18527, 41.37492 ], [ 2.18473, 41.37503 ], [ 2.18531, 41.37498 ], [ 2.18693, 41.37562 ], [ 2.1866, 41.37605 ], [ 2.18689, 41.37601 ], [ 2.1872, 41.37723 ], [ 2.18644, 41.37741 ], [ 2.18726, 41.3776 ], [ 2.18645, 41.37965 ], [ 2.18603, 41.37955 ], [ 2.18592, 41.38011 ], [ 2.18467, 41.3807 ], [ 2.18355, 41.38045 ], [ 2.18242, 41.3813 ], [ 2.1836, 41.38128 ], [ 2.18462, 41.38274 ], [ 2.18576, 41.38221 ], [ 2.19075, 41.38453 ], [ 2.19575, 41.38785 ], [ 2.19623, 41.38745 ] ] ] } },
{ "type": "Feature", "properties": { "id": "barri-0207", "name": "la Dreta de l'Eixample", "kind": "barri", "parent": "district-02" }, "geometry": { "type": "Polygon", "coordinates": [ [ [ 2.17091, 41.40182 ], [ 2.17781, 41.39659 ], [ 2.17603, 41.39525 ], [ 2.17599, 41.39455 ], [ 2.18023, 41.39135 ], [ 2.17749, 41.39016 ], [ 2.17585, 41.38895 ], [ 2.17341, 41.38895 ], [ 2.16977, 41.38557 ], [ 2.16471, 41.38593 ], [ 2.16417, 41.38634 ], [ 2.16539, 41.38726 ], [ 2.15471, 41.39532 ], [ 2.15923, 41.39646 ], [ 2.16622, 41.40171 ], [ 2.16735, 41.40086 ], [ 2.16978, 41.40267 ], [ 2.17091, 41.40182 ] ] ] } },
{ "type": "Feature", "properties": { "id": "barri-0208", "name": "l'Antiga Esquerra de l'Eixample", "kind": "barri", "parent": "district-02" }, "geometry": { "type": "Polygon", "coordinates": [ [ [ 2.15736, 41.39331 ], [ 2.16539, 41.38726 ], [ 2.15857, 41.38214 ], [ 2.14846, 41.38977 ], [ 2.14365, 41.3905 ], [ 2.14434, 41.39238 ], [ 2.14484, 41.39246 ], [ 2.14498, 41.39286 ], [ 2.15471, 41.39532 ], [ 2.15736, 41.39331 ] ] ] } },
{ "type": "Feature", "properties": { "id": "barri-0209", "name": "la Nova Esquerra de l'Eixample", "kind": "barri", "parent": "district-02" }, "geometry": { "type": "Polygon", "coordinates": [ [ [ 2.14984, 41.37539 ], [ 2.14977, 41.37517 ], [ 2.14824, 41.37623 ], [ 2.1423, 41.38072 ], [ 2.14275, 41.3866 ], [ 2.14365, 41.3905 ], [ 2.14846, 41.38977 ], [ 2.15857, 41.38214 ], [ 2.14984, 41.37539 ] ] ] } },
{ "type": "Feature", "properties": { "id": "barri-0210", "name": "Sant Antoni", "kind": "barri", "parent": "district-02" }, "geometry": { "type": "Polygon", "coordinates": [ [ [ 2.16779, 41.37517 ], [ 2.1678, 41.37498 ], [ 2.14977, 41.37517 ], [ 2.15059, 41.37615 ], [ 2.16417, 41.38634 ], [ 2.16471, 41.38593 ], [ 2.16401, 41.3854 ], [ 2.16309, 41.37875 ], [ 2.16779, 41.37517 ] ] ] } },
{ "type": "Feature", "properties": { "id": "barri-0311", "name": "el Poble-sec", "kind": "barri", "parent": "district-03" }, "geometry": { "type": "Polygon", "coordinates": [ [ [ 2.17624, 41.37286 ], [ 2.17398, 41.37035 ], [ 2.17123, 41.36511 ], [ 2.16885, 41.36202 ], [ 2.16323, 41.35807 ], [ 2.15783, 41.35348 ], [ 2.15542, 41.3523 ], [ 2.15348, 41.35178 ], [ 2.15097, 41.35277 ], [ 2.14639, 41.3554 ], [ 2.14585, 41.35665 ], [ 2.1449, 41.35777 ], [ 2.14471, 41.35913 ], [ 2.14661, 41.36001 ], [ 2.14917, 41.35976 ], [ 2.14942, 41.36 ], [ 2.14927, 41.36074 ], [ 2.14758, 41.36247 ], [ 2.14422, 41.36375 ], [ 2.14194, 41.36544 ], [ 2.14214, 41.36605 ], [ 2.14359, 41.36764 ], [ 2.14629, 41.36935 ], [ 2.14887, 41.36956 ], [ 2.1496, 41.3709 ], [ 2.15038, 41.37126 ], [ 2.1473, 41.37365 ], [ 2.14913, 41.37556 ], [ 2.1499, 41.37507 ], [ 2.15099, 41.37504 ], [ 2.17, 41.37496 ], [ 2.1752, 41.37464 ], [ 2.17574, 41.37429 ], [ 2.17547, 41.37333 ], [ 2.17624, 41.37286 ] ] ] } },
{ "type": "Feature", "properties": { "id": "barri-0312", "name": "la Marina del Prat Vermell", "kind": "barri", "parent": "district-03" }, "geometry": { "type": "MultiPolygon", "coordinates": [ [ [ [ 2.17653, 41.37289 ], [ 2.17762, 41.37236 ], [ 2.17709, 41.37214 ], [ 2.17675, 41.36985 ], [ 2.17711, 41.36982 ], [ 2.17704, 41.36936 ], [ 2.17668, 41.36939 ], [ 2.17652, 41.36713 ], [ 2.18075, 41.3658 ], [ 2.17931, 41.36356 ], [ 2.17899, 41.36368 ], [ 2.17928, 41.36412 ], [ 2.17598, 41.36532 ], [ 2.17348, 41.36204 ], [ 2.17384, 41.36188 ], [ 2.17369, 41.36165 ], [ 2.17674, 41.36055 ], [ 2.17545, 41.35863 ], [ 2.17093, 41.36025 ], [ 2.1699, 41.35865 ], [ 2.17305, 41.3565 ], [ 2.16691, 41.34714 ], [ 2.16338, 41.34864 ], [ 2.15331, 41.3427 ], [ 2.15301, 41.34294 ], [ 2.15322, 41.34446 ], [ 2.15285, 41.34449 ], [ 2.15301, 41.3456 ], [ 2.15264, 41.34563 ], [ 2.15274, 41.34634 ], [ 2.15196, 41.3464 ], [ 2.15181, 41.34572 ], [ 2.15187, 41.34641 ], [ 2.15092, 41.34648 ], [ 2.14957, 41.33668 ], [ 2.14561, 41.33655 ], [ 2.14428, 41.33475 ], [ 2.14728, 41.3337 ], [ 2.14585, 41.33137 ], [ 2.14609, 41.33129 ], [ 2.1459, 41.33099 ], [ 2.14891, 41.33 ], [ 2.15438, 41.33903 ], [ 2.15623, 41.34182 ], [ 2.15685, 41.34229 ], [ 2.15825, 41.34259 ], [ 2.15948, 41.34325 ], [ 2.16118, 41.34259 ], [ 2.16105, 41.34208 ], [ 2.16276, 41.3418 ], [ 2.16253, 41.3425 ], [ 2.16424, 41.34223 ], [ 2.16361, 41.34167 ], [ 2.16624, 41.34125 ], [ 2.16532, 41.34114 ], [ 2.16518, 41.34034 ], [ 2.16553, 41.34025 ], [ 2.16573, 41.34061 ], [ 2.1656, 41.34016 ], [ 2.16494, 41.34025 ], [ 2.16408, 41.33832 ], [ 2.16515, 41.33807 ], [ 2.16539, 41.33831 ], [ 2.16518, 41.33759 ], [ 2.1651, 41.33788 ], [ 2.16391, 41.33797 ], [ 2.1592, 41.32722 ], [ 2.15872, 41.32728 ], [ 2.15885, 41.32783 ], [ 2.1543, 41.32786 ], [ 2.1545, 41.32747 ], [ 2.15421, 41.32721 ], [ 2.15396, 41.32767 ], [ 2.15235, 41.32308 ], [ 2.15173, 41.32315 ], [ 2.14986, 41.32068 ], [ 2.13977, 41.32112 ], [ 2.13071, 41.32077 ], [ 2.1258, 41.32135 ], [ 2.1189, 41.32273 ], [ 2.11565, 41.32389 ], [ 2.1123, 41.32612 ], [ 2.10765, 41.33174 ], [ 2.10413, 41.33434 ], [ 2.10053, 41.33604 ], [ 2.13679, 41.34836 ], [ 2.13742, 41.34877 ], [ 2.13377, 41.35301 ], [ 2.14182, 41.35634 ], [ 2.14336, 41.35421 ], [ 2.14639, 41.3554 ], [ 2.15097, 41.35277 ], [ 2.15348, 41.35178 ], [ 2.15677, 41.35287 ], [ 2.15964, 41.35485 ], [ 2.16323, 41.35807 ], [ 2.16925, 41.36242 ], [ 2.17123, 41.36511 ], [ 2.17398, 41.37035 ], [ 2.1763, 41.37295 ], [ 2.17653, 41.37289 ] ] ], [ [ [ 2.17521, 41.34984 ], [ 2.16989, 41.3264 ], [ 2.17294, 41.31735 ], [ 2.17255, 41.31704 ], [ 2.16936, 41.32637 ], [ 2.17114, 41.33392 ], [ 2.16997, 41.33424 ], [ 2.17018, 41.33462 ], [ 2.17014, 41.33419 ], [ 2.17095, 41.3341 ], [ 2.17107, 41.33508 ], [ 2.17074, 41.33513 ], [ 2.17054, 41.33566 ], [ 2.17095, 41.33856 ], [ 2.17178, 41.33866 ], [ 2.17213, 41.34017 ], [ 2.17152, 41.34032 ], [ 2.17234, 41.34419 ], [ 2.17169, 41.34472 ], [ 2.17129, 41.34452 ], [ 2.17222, 41.34881 ], [ 2.1719, 41.34901 ], [ 2.1721, 41.3494 ], [ 2.17242, 41.34929 ], [ 2.1824, 41.36475 ], [ 2.18306, 41.3652 ], [ 2.18347, 41.36332 ], [ 2.18304, 41.36316 ], [ 2.17609, 41.35231 ], [ 2.17521, 41.34984 ] ] ] ] } },
{ "type": "Feature", "properties": { "id": "barri-0313", "name": "la Marina de Port", "kind": "barri", "parent": "district-03" }, "geometry": { "type": "Polygon", "coordinates": [ [ [ 2.13962, 41.36597 ], [ 2.14126, 41.36595 ], [ 2.14195, 41.36661 ], [ 2.14195, 41.36542 ], [ 2.14305, 41.36486 ], [ 2.14282, 41.3647 ], [ 2.14422, 41.36375 ], [ 2.14774, 41.36236 ], [ 2.14894, 41.3613 ], [ 2.14941, 41.35995 ], [ 2.14881, 41.3597 ], [ 2.14651, 41.36 ], [ 2.14471, 41.35913 ], [ 2.1449, 41.35777 ], [ 2.14585, 41.35665 ], [ 2.14639, 41.3554 ], [ 2.14516, 41.35477 ], [ 2.14336, 41.35421 ], [ 2.14182, 41.35634 ], [ 2.1339, 41.35306 ], [ 2.13207, 41.35574 ], [ 2.13319, 41.35618 ], [ 2.13297, 41.3565 ], [ 2.13337, 41.35848 ], [ 2.13285, 41.35919 ], [ 2.13331, 41.35938 ], [ 2.13297, 41.35985 ], [ 2.13468, 41.36115 ], [ 2.13543, 41.36226 ], [ 2.1338, 41.36351 ], [ 2.14052, 41.36855 ], [ 2.13962, 41.36597 ] ] ] } },
{ "type": "Feature", "properties": { "id": "barri-0314", "name": "la Font de la Guatlla", "kind": "barri", "parent": "district-03" }, "geometry": { "type": "Polygon", "coordinates": [ [ [ 2.14887, 41.36956 ], [ 2.14597, 41.36921 ], [ 2.14532, 41.36853 ], [ 2.14348, 41.36754 ], [ 2.14235, 41.36604 ], [ 2.14204, 41.36606 ], [ 2.14179, 41.36662 ], [ 2.14126, 41.36595 ], [ 2.13962, 41.36597 ], [ 2.14052, 41.36855 ], [ 2.1473, 41.37365 ], [ 2.15038, 41.37126 ], [ 2.1496, 41.3709 ], [ 2.14887, 41.36956 ] ] ] } },
{ "type": "Feature", "properties": { "id": "barri-0104", "name": "Sant Pere, Santa Caterina i la Ribera", "kind": "barri", "parent": "district-01" }, "geometry": { "type": "Polygon", "coordinates": [ [ [ 2.18345, 41.39061 ], [ 2.18459, 41.38976 ], [ 2.18677, 41.39139 ], [ 2.19357, 41.38624 ], [ 2.19126, 41.38479 ], [ 2.18576, 41.38221 ], [ 2.18462, 41.38274 ], [ 2.1836, 41.38128 ], [ 2.18254, 41.38124 ], [ 2.17276, 41.38847 ], [ 2.17341, 41.38895 ], [ 2.17585, 41.38895 ], [ 2.17749, 41.39016 ], [ 2.17986, 41.39105 ], [ 2.18132, 41.39222 ], [ 2.18345, 41.39061 ] ] ] } },
{ "type": "Feature", "properties": { "id": "barri-0205", "name": "el Fort Pienc", "kind": "barri", "parent": "district-02" }, "geometry": { "type": "Polygon", "coordinates": [ [ [ 2.18353, 41.39227 ], [ 2.18238, 41.39142 ], [ 2.18132, 41.39222 ], [ 2.18023, 41.39135 ], [ 2.17599, 41.39455 ], [ 2.17603, 41.39525 ], [ 2.17781, 41.39659 ], [ 2.17332, 41.39998 ], [ 2.18518, 41.40296 ], [ 2.1869, 41.40166 ], [ 2.18687, 41.39497 ], [ 2.18353, 41.39227 ] ] ] } },
{ "type": "Feature", "properties": { "id": "barri-0206", "name": "la Sagrada Família", "kind": "barri", "parent": "district-02" }, "geometry": { "type": "Polygon", "coordinates": [ [ [ 2.17337, 41.39999 ], [ 2.16978, 41.40267 ], [ 2.17204, 41.40437 ], [ 2.16866, 41.40693 ], [ 2.17547, 41.41204 ], [ 2.18567, 41.40431 ], [ 2.18453, 41.40345 ], [ 2.18518, 41.40296 ], [ 2.17337, 41.39999 ] ] ] } },
{ "type": "Feature", "properties": { "id": "barri-0524", "name": "les Tres Torres", "kind": "barri", "parent": "district-05" }, "geometry": { "type": "Polygon", "coordinates": [ [ [ 2.13539, 41.39318 ], [ 2.13642, 41.39159 ], [ 2.12982, 41.39264 ], [ 2.1256, 41.3957 ], [ 2.12602, 41.39635 ], [ 2.12814, 41.39777 ], [ 2.12611, 41.39815 ], [ 2.12288, 41.40072 ], [ 2.13, 41.40471 ], [ 2.13416, 41.39934 ], [ 2.13291, 41.3979 ], [ 2.13281, 41.39723 ], [ 2.13435, 41.39549 ], [ 2.13539, 41.39318 ] ] ] } },
{ "type": "Feature", "properties": { "id": "barri-0525", "name": "Sant Gervasi - la Bonanova", "kind": "barri", "parent": "district-05" }, "geometry": { "type": "Polygon", "coordinates": [ [ [ 2.12895, 41.41978 ], [ 2.1295, 41.41944 ], [ 2.13009, 41.41965 ], [ 2.13055, 41.41828 ], [ 2.13228, 41.41858 ], [ 2.13418, 41.4178 ], [ 2.13631, 41.41599 ], [ 2.13615, 41.41522 ], [ 2.13772, 41.41411 ], [ 2.13827, 41.41155 ], [ 2.13804, 41.41074 ], [ 2.13713, 41.41025 ], [ 2.13719, 41.40961 ], [ 2.13935, 41.40547 ], [ 2.14073, 41.40442 ], [ 2.13803, 41.4029 ], [ 2.13416, 41.39934 ], [ 2.13, 41.40471 ], [ 2.12521, 41.40203 ], [ 2.1248, 41.40233 ], [ 2.12472, 41.40314 ], [ 2.12355, 41.40417 ], [ 2.12276, 41.4059 ], [ 2.1218, 41.40704 ], [ 2.12262, 41.40772 ], [ 2.12188, 41.40894 ], [ 2.12198, 41.40993 ], [ 2.11948, 41.41243 ], [ 2.11962, 41.41308 ], [ 2.11886, 41.41453 ], [ 2.11898, 41.41489 ], [ 2.12027, 41.41496 ], [ 2.12007, 41.41607 ], [ 2.12087, 41.41595 ], [ 2.12156, 41.41693 ], [ 2.12177, 41.41629 ], [ 2.12221, 41.41606 ], [ 2.12243, 41.41508 ], [ 2.12321, 41.41533 ], [ 2.12326, 41.41391 ], [ 2.12407, 41.41361 ], [ 2.12552, 41.41401 ], [ 2.12513, 41.41495 ], [ 2.12668, 41.41673 ], [ 2.12833, 41.41661 ], [ 2.12893, 41.41732 ], [ 2.13125, 41.41633 ], [ 2.12893, 41.41742 ], [ 2.12791, 41.41829 ], [ 2.12817, 41.41876 ], [ 2.12745, 41.41938 ], [ 2.12895, 41.41978 ] ] ] } },
{ "type": "Feature", "properties": { "id": "barri-0527", "name": "el Putxet i el Farró", "kind": "barri", "parent": "district-05" }, "geometry": { "type": "Polygon", "coordinates": [ [ [ 2.14838, 41.40699 ], [ 2.14891, 41.40655 ], [ 2.14903, 41.40689 ], [ 2.15007, 41.40599 ], [ 2.15037, 41.40437 ], [ 2.14992, 41.40321 ], [ 2.15116, 41.40149 ], [ 2.15123, 41.40049 ], [ 2.14961, 41.40109 ], [ 2.14758, 41.40116 ], [ 2.13963, 41.40511 ], [ 2.13719, 41.40961 ], [ 2.13713, 41.41025 ], [ 2.1379, 41.41061 ], [ 2.13829, 41.41125 ], [ 2.13772, 41.41411 ], [ 2.14082, 41.41177 ], [ 2.14526, 41.41113 ], [ 2.14767, 41.408 ], [ 2.14866, 41.40719 ], [ 2.14838, 41.40699 ] ] ] } },
{ "type": "Feature", "properties": { "id": "barri-0526", "name": "Sant Gervasi - Galvany", "kind": "barri", "parent": "district-05" }, "geometry": { "type": "Polygon", "coordinates": [ [ [ 2.14722, 41.40141 ], [ 2.14961, 41.40109 ], [ 2.15123, 41.40049 ], [ 2.15493, 41.39678 ], [ 2.15571, 41.39557 ], [ 2.14498, 41.39286 ], [ 2.14466, 41.39238 ], [ 2.14405, 41.39257 ], [ 2.13877, 41.39124 ], [ 2.13642, 41.39159 ], [ 2.13608, 41.39192 ], [ 2.13435, 41.39549 ], [ 2.13283, 41.39717 ], [ 2.13299, 41.398 ], [ 2.135, 41.40017 ], [ 2.13839, 41.40317 ], [ 2.14073, 41.40442 ], [ 2.14722, 41.40141 ] ] ] } },
{ "type": "Feature", "properties": { "id": "barri-0628", "name": "Vallcarca i els Penitents", "kind": "barri", "parent": "district-06" }, "geometry": { "type": "Polygon", "coordinates": [ [ [ 2.13629, 41.42363 ], [ 2.13759, 41.42332 ], [ 2.13808, 41.42282 ], [ 2.13844, 41.42177 ], [ 2.1377, 41.42123 ], [ 2.13788, 41.42089 ], [ 2.14004, 41.42023 ], [ 2.14046, 41.4211 ], [ 2.14199, 41.42155 ], [ 2.1444, 41.41993 ], [ 2.14404, 41.41751 ], [ 2.14509, 41.41662 ], [ 2.146, 41.41689 ], [ 2.14699, 41.41635 ], [ 2.1467, 41.41566 ], [ 2.14483, 41.41461 ], [ 2.14479, 41.41343 ], [ 2.14712, 41.41473 ], [ 2.14833, 41.41604 ], [ 2.14883, 41.41568 ], [ 2.15102, 41.41578 ], [ 2.15038, 41.41623 ], [ 2.15114, 41.41592 ], [ 2.15109, 41.4154 ], [ 2.14961, 41.4149 ], [ 2.14986, 41.41375 ], [ 2.14964, 41.41301 ], [ 2.14909, 41.41289 ], [ 2.1502, 41.4117 ], [ 2.14801, 41.41057 ], [ 2.15068, 41.40795 ], [ 2.14945, 41.40655 ], [ 2.14903, 41.40689 ], [ 2.14891, 41.40655 ], [ 2.14838, 41.40681 ], [ 2.14866, 41.40719 ], [ 2.14767, 41.408 ], [ 2.14526, 41.41113 ], [ 2.14082, 41.41177 ], [ 2.13615, 41.41522 ], [ 2.13631, 41.41599 ], [ 2.13432, 41.41771 ], [ 2.13228, 41.41858 ], [ 2.13055, 41.41828 ], [ 2.13006, 41.41911 ], [ 2.13013, 41.41961 ], [ 2.1296, 41.41943 ], [ 2.12932, 41.41952 ], [ 2.13007, 41.42008 ], [ 2.13101, 41.41939 ], [ 2.1322, 41.41993 ], [ 2.12995, 41.42257 ], [ 2.13281, 41.42259 ], [ 2.13471, 41.42213 ], [ 2.13421, 41.42278 ], [ 2.13534, 41.42425 ], [ 2.13511, 41.42488 ], [ 2.13598, 41.42454 ], [ 2.13629, 41.42363 ] ] ] } },
{ "type": "Feature", "properties": { "id": "barri-0629", "name": "el Coll", "kind": "barri", "parent": "district-06" }, "geometry": { "type": "Polygon", "coordinates": [ [ [ 2.15188, 41.417 ], [ 2.15201, 41.4166 ], [ 2.15029, 41.41625 ], [ 2.15099, 41.41589 ], [ 2.15093, 41.41567 ], [ 2.14883, 41.41568 ], [ 2.14833, 41.41604 ], [ 2.14712, 41.41473 ], [ 2.14484, 41.41341 ], [ 2.14483, 41.41461 ], [ 2.1467, 41.41566 ], [ 2.14699, 41.41635 ], [ 2.146, 41.41689 ], [ 2.14509, 41.41662 ], [ 2.14404, 41.41751 ], [ 2.14451, 41.41966 ], [ 2.1439, 41.42014 ], [ 2.14514, 41.42089 ], [ 2.1478, 41.42159 ], [ 2.14947, 41.42164 ], [ 2.14927, 41.42037 ], [ 2.15177, 41.42014 ], [ 2.15088, 41.41776 ], [ 2.15188, 41.417 ] ] ] } },
{ "type": "Feature", "properties": { "id": "barri-0630", "name": "la Salut", "kind": "barri", "parent": "district-06" }, "geometry": { "type": "Polygon", "coordinates": [ [ [ 2.15511, 41.41494 ], [ 2.15663, 41.41562 ], [ 2.15749, 41.41655 ], [ 2.15919, 41.41445 ], [ 2.16028, 41.41393 ], [ 2.16106, 41.41418 ], [ 2.16138, 41.41394 ], [ 2.16124, 41.41357 ], [ 2.16202, 41.41267 ], [ 2.15422, 41.40856 ], [ 2.15375, 41.40905 ], [ 2.15077, 41.40787 ], [ 2.14801, 41.41057 ], [ 2.1502, 41.4117 ], [ 2.14909, 41.41289 ], [ 2.14964, 41.41301 ], [ 2.14986, 41.41375 ], [ 2.14961, 41.4149 ], [ 2.15109, 41.4154 ], [ 2.15114, 41.41592 ], [ 2.15039, 41.41634 ], [ 2.15198, 41.41659 ], [ 2.15192, 41.4169 ], [ 2.15272, 41.41681 ], [ 2.15511, 41.41494 ] ] ] } },
{ "type": "Feature", "properties": { "id": "barri-0631", "name": "la Vila de Gràcia", "kind": "barri", "parent": "district-06" }, "geometry": { "type": "Polygon", "coordinates": [ [ [ 2.15997, 41.40873 ], [ 2.1635, 41.40492 ], [ 2.16162, 41.40373 ], [ 2.16525, 41.40098 ], [ 2.15923, 41.39646 ], [ 2.15571, 41.39557 ], [ 2.15493, 41.39678 ], [ 2.15123, 41.40049 ], [ 2.15116, 41.40149 ], [ 2.14992, 41.40321 ], [ 2.15037, 41.40437 ], [ 2.15007, 41.40599 ], [ 2.14945, 41.40655 ], [ 2.15068, 41.40795 ], [ 2.15375, 41.40905 ], [ 2.15422, 41.40856 ], [ 2.15811, 41.41058 ], [ 2.15997, 41.40873 ] ] ] } },
{ "type": "Feature", "properties": { "id": "barri-0632", "name": "el Camp d'en Grassot i Gràcia Nova", "kind": "barri", "parent": "district-06" }, "geometry": { "type": "Polygon", "coordinates": [ [ [ 2.16866, 41.40184 ], [ 2.16735, 41.40086 ], [ 2.16622, 41.40171 ], [ 2.16525, 41.40098 ], [ 2.16162, 41.40373 ], [ 2.1635, 41.40492 ], [ 2.1582, 41.41059 ], [ 2.16202, 41.41267 ], [ 2.16394, 41.41051 ], [ 2.17204, 41.40437 ], [ 2.16866, 41.40184 ] ] ] } },
{ "type": "Feature", "properties": { "id": "barri-0733", "name": "el Baix Guinardó", "kind": "barri", "parent": "district-07" }, "geometry": { "type": "Polygon", "coordinates": [ [ [ 2.16997, 41.40791 ], [ 2.16866, 41.40693 ], [ 2.16369, 41.41072 ], [ 2.16124, 41.41357 ], [ 2.16337, 41.41444 ], [ 2.16629, 41.41495 ], [ 2.16798, 41.41574 ], [ 2.16933, 41.41564 ], [ 2.16957, 41.41481 ], [ 2.17433, 41.41118 ], [ 2.16997, 41.40791 ] ] ] } },
{ "type": "Feature", "properties": { "id": "barri-0735", "name": "el Guinardó", "kind": "barri", "parent": "district-07" }, "geometry": { "type": "Polygon", "coordinates": [ [ [ 2.17976, 41.42148 ], [ 2.18083, 41.42003 ], [ 2.18039, 41.41748 ], [ 2.18048, 41.41583 ], [ 2.17433, 41.41118 ], [ 2.16957, 41.41481 ], [ 2.16933, 41.41564 ], [ 2.1681, 41.41576 ], [ 2.16728, 41.41545 ], [ 2.1661, 41.41669 ], [ 2.16749, 41.41761 ], [ 2.16767, 41.41819 ], [ 2.16846, 41.41886 ], [ 2.16703, 41.41854 ], [ 2.16688, 41.41792 ], [ 2.16654, 41.41781 ], [ 2.16595, 41.41811 ], [ 2.16646, 41.41832 ], [ 2.16539, 41.41837 ], [ 2.16485, 41.41875 ], [ 2.16485, 41.41917 ], [ 2.16571, 41.41918 ], [ 2.16617, 41.41993 ], [ 2.16593, 41.42017 ], [ 2.16471, 41.42009 ], [ 2.16513, 41.42128 ], [ 2.1656, 41.42157 ], [ 2.16664, 41.42129 ], [ 2.16729, 41.42218 ], [ 2.16823, 41.42238 ], [ 2.16697, 41.42257 ], [ 2.16804, 41.42321 ], [ 2.16928, 41.42337 ], [ 2.16964, 41.42273 ], [ 2.16902, 41.42137 ], [ 2.16948, 41.42119 ], [ 2.17098, 41.42292 ], [ 2.1719, 41.42318 ], [ 2.17182, 41.42399 ], [ 2.17252, 41.42506 ], [ 2.17235, 41.42652 ], [ 2.17606, 41.42545 ], [ 2.17976, 41.42148 ] ] ] } },
{ "type": "Feature", "properties": { "id": "barri-0734", "name": "Can Baró", "kind": "barri", "parent": "district-07" }, "geometry": { "type": "Polygon", "coordinates": [ [ [ 2.16617, 41.42002 ], [ 2.16597, 41.41938 ], [ 2.16485, 41.41917 ], [ 2.16485, 41.41875 ], [ 2.16539, 41.41837 ], [ 2.16646, 41.41832 ], [ 2.16595, 41.41815 ], [ 2.16636, 41.41786 ], [ 2.16684, 41.41788 ], [ 2.16703, 41.41854 ], [ 2.16846, 41.41886 ], [ 2.16767, 41.41819 ], [ 2.16749, 41.41761 ], [ 2.1661, 41.41669 ], [ 2.16728, 41.41545 ], [ 2.16629, 41.41495 ], [ 2.1635, 41.41447 ], [ 2.1614, 41.41371 ], [ 2.16106, 41.41418 ], [ 2.16028, 41.41393 ], [ 2.15919, 41.41445 ], [ 2.15749, 41.41655 ], [ 2.15599, 41.41519 ], [ 2.15518, 41.41534 ], [ 2.15526, 41.41567 ], [ 2.15618, 41.41612 ], [ 2.15653, 41.41672 ], [ 2.15637, 41.41741 ], [ 2.15702, 41.41781 ], [ 2.15895, 41.4165 ], [ 2.15917, 41.41669 ], [ 2.15873, 41.41693 ], [ 2.15966, 41.41776 ], [ 2.16088, 41.41747 ], [ 2.16079, 41.41826 ], [ 2.1612, 41.41829 ], [ 2.16165, 41.41892 ], [ 2.16129, 41.41891 ], [ 2.16133, 41.4192 ], [ 2.16267, 41.41981 ], [ 2.16172, 41.41998 ], [ 2.16617, 41.42002 ] ] ] } },
{ "type": "Feature", "properties": { "id": "barri-0737", "name": "el Carmel", "kind": "barri", "parent": "district-07" }, "geometry": { "type": "Polygon", "coordinates": [ [ [ 2.15846, 41.42169 ], [ 2.15912, 41.42133 ], [ 2.15965, 41.42196 ], [ 2.16229, 41.42245 ], [ 2.16329, 41.42102 ], [ 2.16483, 41.42085 ], [ 2.16471, 41.42009 ], [ 2.16544, 41.42014 ], [ 2.16326, 41.41991 ], [ 2.16218, 41.42012 ], [ 2.16172, 41.41998 ], [ 2.16267, 41.41981 ], [ 2.16133, 41.4192 ], [ 2.16129, 41.41891 ], [ 2.16165, 41.41892 ], [ 2.1612, 41.41829 ], [ 2.16079, 41.41826 ], [ 2.16088, 41.41747 ], [ 2.16002, 41.41781 ], [ 2.15952, 41.41767 ], [ 2.15873, 41.41693 ], [ 2.15906, 41.41652 ], [ 2.15737, 41.41778 ], [ 2.15654, 41.41762 ], [ 2.1565, 41.41665 ], [ 2.15612, 41.41605 ], [ 2.1552, 41.4156 ], [ 2.15525, 41.41523 ], [ 2.15565, 41.4151 ], [ 2.15522, 41.41492 ], [ 2.15272, 41.41681 ], [ 2.15192, 41.4169 ], [ 2.15092, 41.41765 ], [ 2.15177, 41.42014 ], [ 2.14927, 41.42037 ], [ 2.15089, 41.42233 ], [ 2.15133, 41.42419 ], [ 2.15248, 41.42504 ], [ 2.15183, 41.42518 ], [ 2.15192, 41.42605 ], [ 2.15043, 41.42618 ], [ 2.15168, 41.4264 ], [ 2.15527, 41.42839 ], [ 2.15794, 41.42934 ], [ 2.15779, 41.42832 ], [ 2.15901, 41.42323 ], [ 2.15817, 41.42303 ], [ 2.15846, 41.42169 ] ] ] } },
{ "type": "Feature", "properties": { "id": "barri-0738", "name": "la Teixonera", "kind": "barri", "parent": "district-07" }, "geometry": { "type": "Polygon", "coordinates": [ [ [ 2.15141, 41.4243 ], [ 2.15089, 41.42233 ], [ 2.14949, 41.42066 ], [ 2.14947, 41.42164 ], [ 2.1478, 41.42159 ], [ 2.14514, 41.42089 ], [ 2.1439, 41.42014 ], [ 2.14199, 41.42155 ], [ 2.14046, 41.4211 ], [ 2.14233, 41.42479 ], [ 2.14344, 41.42444 ], [ 2.14684, 41.42425 ], [ 2.15044, 41.42607 ], [ 2.15192, 41.42605 ], [ 2.15183, 41.42518 ], [ 2.15248, 41.42504 ], [ 2.15141, 41.4243 ] ] ] } },
{ "type": "Feature", "properties": { "id": "barri-0739", "name": "Sant Genís dels Agudells", "kind": "barri", "parent": "district-07" }, "geometry": { "type": "Polygon", "coordinates": [ [ [ 2.13465, 41.43169 ], [ 2.13496, 41.43163 ], [ 2.13447, 41.43116 ], [ 2.13469, 41.43022 ], [ 2.13576, 41.42932 ], [ 2.13795, 41.42984 ], [ 2.13833, 41.42968 ], [ 2.1373, 41.42808 ], [ 2.13827, 41.42797 ], [ 2.13898, 41.42695 ], [ 2.13938, 41.42685 ], [ 2.1392, 41.42646 ], [ 2.13979, 41.42549 ], [ 2.14233, 41.42479 ], [ 2.14004, 41.42023 ], [ 2.13772, 41.42099 ], [ 2.13844, 41.42177 ], [ 2.13808, 41.42282 ], [ 2.13759, 41.42332 ], [ 2.13629, 41.42363 ], [ 2.13598, 41.42454 ], [ 2.13511, 41.42488 ], [ 2.13534, 41.42425 ], [ 2.13421, 41.42278 ], [ 2.13471, 41.42213 ], [ 2.13281, 41.42259 ], [ 2.12995, 41.42257 ], [ 2.1322, 41.41993 ], [ 2.13109, 41.41939 ], [ 2.1301, 41.42008 ], [ 2.12952, 41.41951 ], [ 2.12879, 41.41993 ], [ 2.12758, 41.4195 ], [ 2.12746, 41.41925 ], [ 2.12817, 41.41876 ], [ 2.12791, 41.41829 ], [ 2.12893, 41.41742 ], [ 2.12116, 41.42071 ], [ 2.12151, 41.42112 ], [ 2.12043, 41.42272 ], [ 2.12047, 41.42394 ], [ 2.12131, 41.42539 ], [ 2.12121, 41.42578 ], [ 2.1221, 41.42661 ], [ 2.12279, 41.42839 ], [ 2.12649, 41.4315 ], [ 2.12757, 41.43189 ], [ 2.13116, 41.43162 ], [ 2.13227, 41.43198 ], [ 2.13363, 41.4317 ], [ 2.1339, 41.43202 ], [ 2.13366, 41.43304 ], [ 2.13428, 41.43416 ], [ 2.13462, 41.43384 ], [ 2.13404, 41.43278 ], [ 2.13439, 41.43173 ], [ 2.13465, 41.43169 ] ] ] } },
{ "type": "Feature", "properties": { "id": "barri-0740", "name": "Montbau", "kind": "barri", "parent": "district-07" }, "geometry": { "type": "Polygon", "coordinates": [ [ [ 2.13627, 41.44274 ], [ 2.13705, 41.44181 ], [ 2.13694, 41.44096 ], [ 2.1373, 41.44059 ], [ 2.13784, 41.44032 ], [ 2.13843, 41.44079 ], [ 2.14114, 41.43966 ], [ 2.14295, 41.44045 ], [ 2.14376, 41.44014 ], [ 2.14751, 41.43803 ], [ 2.14807, 41.43752 ], [ 2.14857, 41.43612 ], [ 2.1466, 41.43389 ], [ 2.14233, 41.42479 ], [ 2.13981, 41.42548 ], [ 2.1392, 41.42646 ], [ 2.13938, 41.42685 ], [ 2.13898, 41.42695 ], [ 2.13827, 41.42797 ], [ 2.1373, 41.42808 ], [ 2.13833, 41.42968 ], [ 2.13795, 41.42984 ], [ 2.13576, 41.42932 ], [ 2.13469, 41.43022 ], [ 2.13447, 41.43116 ], [ 2.13496, 41.43163 ], [ 2.13439, 41.43173 ], [ 2.13404, 41.43281 ], [ 2.13461, 41.43381 ], [ 2.13445, 41.43413 ], [ 2.13393, 41.4339 ], [ 2.13362, 41.43284 ], [ 2.1339, 41.43197 ], [ 2.1336, 41.43169 ], [ 2.13227, 41.43198 ], [ 2.13121, 41.43162 ], [ 2.12988, 41.43187 ], [ 2.12645, 41.43171 ], [ 2.12752, 41.43313 ], [ 2.12827, 41.43351 ], [ 2.1281, 41.43376 ], [ 2.12876, 41.43497 ], [ 2.12859, 41.43663 ], [ 2.12929, 41.43782 ], [ 2.12933, 41.44003 ], [ 2.12993, 41.44067 ], [ 2.1295, 41.44191 ], [ 2.12994, 41.44247 ], [ 2.12994, 41.44303 ], [ 2.13072, 41.44383 ], [ 2.13221, 41.44421 ], [ 2.13285, 41.44473 ], [ 2.13627, 41.44274 ] ] ] } },
{ "type": "Feature", "properties": { "id": "barri-0741", "name": "la Vall d'Hebron", "kind": "barri", "parent": "district-07" }, "geometry": { "type": "Polygon", "coordinates": [ [ [ 2.15249, 41.43565 ], [ 2.15286, 41.43598 ], [ 2.15348, 41.43589 ], [ 2.15347, 41.4354 ], [ 2.15222, 41.43349 ], [ 2.15294, 41.43307 ], [ 2.15378, 41.43169 ], [ 2.15281, 41.43094 ], [ 2.15138, 41.43047 ], [ 2.15096, 41.42821 ], [ 2.14961, 41.42617 ], [ 2.15001, 41.42578 ], [ 2.14684, 41.42425 ], [ 2.14344, 41.42444 ], [ 2.14233, 41.42479 ], [ 2.14641, 41.43355 ], [ 2.14761, 41.43527 ], [ 2.14983, 41.43691 ], [ 2.15157, 41.43733 ], [ 2.15277, 41.43676 ], [ 2.15199, 41.43624 ], [ 2.15249, 41.43565 ] ] ] } },
{ "type": "Feature", "properties": { "id": "barri-0742", "name": "la Clota", "kind": "barri", "parent": "district-07" }, "geometry": { "type": "Polygon", "coordinates": [ [ [ 2.15383, 41.4316 ], [ 2.15702, 41.42901 ], [ 2.15527, 41.42839 ], [ 2.15168, 41.4264 ], [ 2.14975, 41.42586 ], [ 2.14963, 41.42622 ], [ 2.15098, 41.42827 ], [ 2.15139, 41.43049 ], [ 2.15383, 41.4316 ] ] ] } },
{ "type": "Feature", "properties": { "id": "barri-0736", "name": "la Font d'en Fargues", "kind": "barri", "parent": "district-07" }, "geometry": { "type": "Polygon", "coordinates": [ [ [ 2.17182, 41.42399 ], [ 2.1719, 41.42318 ], [ 2.17098, 41.42292 ], [ 2.16948, 41.42119 ], [ 2.16902, 41.42137 ], [ 2.16964, 41.42273 ], [ 2.16928, 41.42337 ], [ 2.16804, 41.42321 ], [ 2.16697, 41.42257 ], [ 2.16823, 41.42238 ], [ 2.16729, 41.42218 ], [ 2.16664, 41.42129 ], [ 2.16546, 41.42153 ], [ 2.16481, 41.42064 ], [ 2.16483, 41.42085 ], [ 2.16329, 41.42102 ], [ 2.16229, 41.42245 ], [ 2.15965, 41.42196 ], [ 2.15912, 41.42133 ], [ 2.15848, 41.42158 ], [ 2.15817, 41.42303 ], [ 2.15901, 41.42323 ], [ 2.15834, 41.42552 ], [ 2.15854, 41.4257 ], [ 2.1638, 41.42801 ], [ 2.16971, 41.42723 ], [ 2.17235, 41.42652 ], [ 2.17252, 41.42506 ], [ 2.17182, 41.42399 ] ] ] } },
{ "type": "Feature", "properties": { "id": "barri-0743", "name": "Horta", "kind": "barri", "parent": "district-07" }, "geometry": { "type": "Polygon", "coordinates": [ [ [ 2.15949, 41.44977 ], [ 2.15834, 41.44808 ], [ 2.15704, 41.44743 ], [ 2.15759, 41.44671 ], [ 2.15725, 41.44605 ], [ 2.15572, 41.44561 ], [ 2.15771, 41.44483 ], [ 2.15919, 41.44238 ], [ 2.1597, 41.44212 ], [ 2.15997, 41.44238 ], [ 2.1624, 41.44133 ], [ 2.16237, 41.44079 ], [ 2.16155, 41.44027 ], [ 2.16166, 41.43929 ], [ 2.16366, 41.43786 ], [ 2.16313, 41.43736 ], [ 2.16352, 41.4371 ], [ 2.16317, 41.43659 ], [ 2.16426, 41.43629 ], [ 2.16311, 41.43288 ], [ 2.16323, 41.43198 ], [ 2.16431, 41.43077 ], [ 2.16615, 41.42963 ], [ 2.16372, 41.42794 ], [ 2.15834, 41.42552 ], [ 2.15777, 41.42848 ], [ 2.15794, 41.42934 ], [ 2.15702, 41.42901 ], [ 2.15415, 41.43125 ], [ 2.15294, 41.43307 ], [ 2.15226, 41.43339 ], [ 2.15352, 41.43552 ], [ 2.15319, 41.43596 ], [ 2.15233, 41.43571 ], [ 2.15199, 41.43624 ], [ 2.15277, 41.43676 ], [ 2.15236, 41.43712 ], [ 2.15165, 41.43733 ], [ 2.15043, 41.43711 ], [ 2.14857, 41.43612 ], [ 2.14807, 41.43752 ], [ 2.14751, 41.43803 ], [ 2.14376, 41.44014 ], [ 2.14295, 41.44045 ], [ 2.14114, 41.43966 ], [ 2.13843, 41.44079 ], [ 2.13784, 41.44032 ], [ 2.1373, 41.44059 ], [ 2.13694, 41.44096 ], [ 2.13705, 41.44181 ], [ 2.13631, 41.44273 ], [ 2.13285, 41.44473 ], [ 2.13291, 41.44543 ], [ 2.13384, 41.44604 ], [ 2.13482, 41.44759 ], [ 2.13574, 41.44743 ], [ 2.13781, 41.44796 ], [ 2.14082, 41.44744 ], [ 2.14203, 41.44694 ], [ 2.14504, 41.44796 ], [ 2.14842, 41.44676 ], [ 2.14953, 41.44722 ], [ 2.15191, 41.44702 ], [ 2.15327, 41.44779 ], [ 2.15356, 41.4488 ], [ 2.15584, 41.44993 ], [ 2.15745, 41.44959 ], [ 2.15911, 41.45052 ], [ 2.15949, 41.44977 ] ] ] } },
{ "type": "Feature", "properties": { "id": "barri-0844", "name": "Vilapicina i la Torre Llobeta", "kind": "barri", "parent": "district-08" }, "geometry": { "type": "Polygon", "coordinates": [ [ [ 2.16561, 41.43044 ], [ 2.18306, 41.43019 ], [ 2.18437, 41.42835 ], [ 2.1843, 41.42764 ], [ 2.17729, 41.42817 ], [ 2.1773, 41.42549 ], [ 2.17606, 41.42545 ], [ 2.16998, 41.42718 ], [ 2.16363, 41.4281 ], [ 2.16615, 41.42963 ], [ 2.16409, 41.43098 ], [ 2.16561, 41.43044 ] ] ] } },
{ "type": "Feature", "properties": { "id": "barri-0845", "name": "Porta", "kind": "barri", "parent": "district-08" }, "geometry": { "type": "Polygon", "coordinates": [ [ [ 2.18543, 41.4397 ], [ 2.18275, 41.43175 ], [ 2.18306, 41.43019 ], [ 2.17468, 41.43031 ], [ 2.17205, 41.43537 ], [ 2.17447, 41.4382 ], [ 2.18543, 41.4397 ] ] ] } },
{ "type": "Feature", "properties": { "id": "barri-0846", "name": "el Turó de la Peira", "kind": "barri", "parent": "district-08" }, "geometry": { "type": "Polygon", "coordinates": [ [ [ 2.17234, 41.43483 ], [ 2.17468, 41.43031 ], [ 2.16585, 41.4304 ], [ 2.16409, 41.43098 ], [ 2.16323, 41.43198 ], [ 2.16311, 41.43288 ], [ 2.16348, 41.43419 ], [ 2.16397, 41.43408 ], [ 2.1638, 41.43364 ], [ 2.16403, 41.43361 ], [ 2.16484, 41.43423 ], [ 2.16578, 41.43416 ], [ 2.1686, 41.43301 ], [ 2.16903, 41.43351 ], [ 2.16953, 41.43329 ], [ 2.16983, 41.43368 ], [ 2.16902, 41.43406 ], [ 2.16961, 41.43487 ], [ 2.17109, 41.43485 ], [ 2.17205, 41.43537 ], [ 2.17234, 41.43483 ] ] ] } },
{ "type": "Feature", "properties": { "id": "barri-0315", "name": "Hostafrancs", "kind": "barri", "parent": "district-03" }, "geometry": { "type": "Polygon", "coordinates": [ [ [ 2.14484, 41.3788 ], [ 2.14923, 41.37557 ], [ 2.14863, 41.37529 ], [ 2.14863, 41.37481 ], [ 2.14795, 41.37414 ], [ 2.14237, 41.36994 ], [ 2.14247, 41.3727 ], [ 2.14195, 41.37245 ], [ 2.14146, 41.37286 ], [ 2.14106, 41.37483 ], [ 2.14081, 41.3753 ], [ 2.14045, 41.37531 ], [ 2.14049, 41.37649 ], [ 2.14228, 41.37662 ], [ 2.14182, 41.37695 ], [ 2.14184, 41.37842 ], [ 2.14241, 41.37869 ], [ 2.14198, 41.37912 ], [ 2.14211, 41.37964 ], [ 2.1429, 41.38026 ], [ 2.14484, 41.3788 ] ] ] } },
{ "type": "Feature", "properties": { "id": "barri-0316", "name": "la Bordeta", "kind": "barri", "parent": "district-03" }, "geometry": { "type": "Polygon", "coordinates": [ [ [ 2.14162, 41.37271 ], [ 2.14195, 41.37245 ], [ 2.14247, 41.3727 ], [ 2.14237, 41.36994 ], [ 2.13366, 41.36361 ], [ 2.13163, 41.36797 ], [ 2.13, 41.37008 ], [ 2.13172, 41.37159 ], [ 2.13221, 41.37088 ], [ 2.13369, 41.37119 ], [ 2.13532, 41.3711 ], [ 2.13807, 41.37198 ], [ 2.13787, 41.37235 ], [ 2.14041, 41.3732 ], [ 2.14032, 41.37381 ], [ 2.14147, 41.3738 ], [ 2.14162, 41.37271 ] ] ] } },
{ "type": "Feature", "properties": { "id": "barri-0317", "name": "Sants - Badal", "kind": "barri", "parent": "district-03" }, "geometry": { "type": "Polygon", "coordinates": [ [ [ 2.13031, 41.37603 ], [ 2.13183, 41.3717 ], [ 2.13, 41.37008 ], [ 2.12427, 41.37354 ], [ 2.12324, 41.37485 ], [ 2.12179, 41.37569 ], [ 2.1227, 41.37567 ], [ 2.12915, 41.37939 ], [ 2.13031, 41.37603 ] ] ] } },
{ "type": "Feature", "properties": { "id": "barri-0318", "name": "Sants", "kind": "barri", "parent": "district-03" }, "geometry": { "type": "Polygon", "coordinates": [ [ [ 2.14204, 41.37843 ], [ 2.14182, 41.37695 ], [ 2.14228, 41.37662 ], [ 2.14049, 41.37649 ], [ 2.14045, 41.37531 ], [ 2.14081, 41.3753 ], [ 2.14106, 41.37483 ], [ 2.14113, 41.37381 ], [ 2.14025, 41.37378 ], [ 2.14041, 41.3732 ], [ 2.13787, 41.37235 ], [ 2.13807, 41.37198 ], [ 2.13532, 41.3711 ], [ 2.13369, 41.37119 ], [ 2.13221, 41.37088 ], [ 2.13172, 41.37159 ], [ 2.12915, 41.37939 ], [ 2.13167, 41.3806 ], [ 2.13906, 41.38322 ], [ 2.14264, 41.38562 ], [ 2.1423, 41.38072 ], [ 2.1429, 41.38026 ], [ 2.14211, 41.37964 ], [ 2.14198, 41.37912 ], [ 2.14241, 41.37869 ], [ 2.14204, 41.37843 ] ] ] } },
{ "type": "Feature", "properties": { "id": "barri-0419", "name": "les Corts", "kind": "barri", "parent": "district-04" }, "geometry": { "type": "Polygon", "coordinates": [ [ [ 2.13747, 41.39144 ], [ 2.13877, 41.39124 ], [ 2.14405, 41.39257 ], [ 2.14434, 41.39238 ], [ 2.14353, 41.39004 ], [ 2.14264, 41.38562 ], [ 2.13906, 41.38322 ], [ 2.13167, 41.3806 ], [ 2.12915, 41.37939 ], [ 2.1273, 41.38496 ], [ 2.12732, 41.38796 ], [ 2.12688, 41.38859 ], [ 2.12761, 41.3889 ], [ 2.12899, 41.3918 ], [ 2.13008, 41.39268 ], [ 2.13747, 41.39144 ] ] ] } },
{ "type": "Feature", "properties": { "id": "barri-0420", "name": "la Maternitat i Sant Ramon", "kind": "barri", "parent": "district-04" }, "geometry": { "type": "Polygon", "coordinates": [ [ [ 2.12914, 41.37943 ], [ 2.1227, 41.37567 ], [ 2.12179, 41.37569 ], [ 2.12144, 41.37799 ], [ 2.1178, 41.37578 ], [ 2.10931, 41.37594 ], [ 2.10906, 41.37704 ], [ 2.10814, 41.37814 ], [ 2.10598, 41.37923 ], [ 2.1055, 41.37888 ], [ 2.10259, 41.38064 ], [ 2.10171, 41.38183 ], [ 2.12704, 41.38824 ], [ 2.12732, 41.38796 ], [ 2.1273, 41.38496 ], [ 2.12914, 41.37943 ] ] ] } },
{ "type": "Feature", "properties": { "id": "barri-0421", "name": "Pedralbes", "kind": "barri", "parent": "district-04" }, "geometry": { "type": "Polygon", "coordinates": [ [ [ 2.10342, 41.4011 ], [ 2.10663, 41.40006 ], [ 2.10865, 41.39845 ], [ 2.1097, 41.39658 ], [ 2.1095, 41.39591 ], [ 2.10994, 41.39517 ], [ 2.11313, 41.39726 ], [ 2.11561, 41.39587 ], [ 2.11763, 41.39524 ], [ 2.11829, 41.39459 ], [ 2.11848, 41.39376 ], [ 2.11818, 41.39288 ], [ 2.11756, 41.39222 ], [ 2.12001, 41.39128 ], [ 2.1209, 41.39009 ], [ 2.1296, 41.39234 ], [ 2.12826, 41.3906 ], [ 2.12761, 41.3889 ], [ 2.1269, 41.38864 ], [ 2.12704, 41.38824 ], [ 2.10171, 41.38183 ], [ 2.10118, 41.38318 ], [ 2.10273, 41.38363 ], [ 2.10339, 41.38455 ], [ 2.10289, 41.38549 ], [ 2.10111, 41.38708 ], [ 2.10229, 41.38752 ], [ 2.10059, 41.38841 ], [ 2.09986, 41.39079 ], [ 2.0998, 41.392 ], [ 2.09779, 41.39396 ], [ 2.09993, 41.39681 ], [ 2.1005, 41.39855 ], [ 2.10168, 41.39915 ], [ 2.10283, 41.40052 ], [ 2.10293, 41.4011 ], [ 2.10342, 41.4011 ] ] ] } },
{ "type": "Feature", "properties": { "id": "barri-0522", "name": "Vallvidrera, el Tibidabo i les Planes", "kind": "barri", "parent": "district-05" }, "geometry": { "type": "MultiPolygon", "coordinates": [ [ [ [ 2.07313, 41.43522 ], [ 2.07477, 41.4353 ], [ 2.07514, 41.4345 ], [ 2.07485, 41.43344 ], [ 2.07533, 41.43294 ], [ 2.07676, 41.43285 ], [ 2.07807, 41.43206 ], [ 2.07999, 41.43188 ], [ 2.08026, 41.43155 ], [ 2.08017, 41.43086 ], [ 2.08077, 41.43064 ], [ 2.08124, 41.43072 ], [ 2.08111, 41.43124 ], [ 2.08158, 41.43175 ], [ 2.08265, 41.43199 ], [ 2.08264, 41.43077 ], [ 2.0839, 41.43089 ], [ 2.08413, 41.43075 ], [ 2.08371, 41.43024 ], [ 2.08389, 41.42997 ], [ 2.0882, 41.4282 ], [ 2.08921, 41.42924 ], [ 2.09043, 41.42864 ], [ 2.09219, 41.42957 ], [ 2.09442, 41.43252 ], [ 2.09607, 41.43327 ], [ 2.09678, 41.43262 ], [ 2.09883, 41.43171 ], [ 2.09871, 41.43091 ], [ 2.09916, 41.43014 ], [ 2.10114, 41.4298 ], [ 2.10209, 41.42865 ], [ 2.10322, 41.42807 ], [ 2.10529, 41.42879 ], [ 2.10634, 41.4285 ], [ 2.1092, 41.42872 ], [ 2.10959, 41.4284 ], [ 2.11109, 41.42828 ], [ 2.11234, 41.42861 ], [ 2.11332, 41.4285 ], [ 2.1153, 41.42774 ], [ 2.11563, 41.42678 ], [ 2.11941, 41.42569 ], [ 2.12127, 41.42583 ], [ 2.12131, 41.42539 ], [ 2.12047, 41.42394 ], [ 2.12043, 41.42272 ], [ 2.12151, 41.42112 ], [ 2.12116, 41.42071 ], [ 2.13133, 41.41645 ], [ 2.12893, 41.41732 ], [ 2.12833, 41.41661 ], [ 2.12668, 41.41673 ], [ 2.12513, 41.41495 ], [ 2.12552, 41.41401 ], [ 2.12407, 41.41361 ], [ 2.12326, 41.41391 ], [ 2.12321, 41.41533 ], [ 2.12243, 41.41508 ], [ 2.12221, 41.41606 ], [ 2.12177, 41.41629 ], [ 2.12156, 41.41693 ], [ 2.12087, 41.41595 ], [ 2.12007, 41.41607 ], [ 2.12027, 41.41496 ], [ 2.11883, 41.41478 ], [ 2.11962, 41.41308 ], [ 2.1195, 41.41244 ], [ 2.11887, 41.41265 ], [ 2.11868, 41.41351 ], [ 2.11706, 41.41347 ], [ 2.11604, 41.41414 ], [ 2.11525, 41.41318 ], [ 2.11453, 41.41296 ], [ 2.11407, 41.41215 ], [ 2.11295, 41.41277 ], [ 2.11233, 41.41236 ], [ 2.11189, 41.41245 ], [ 2.11105, 41.4136 ], [ 2.11042, 41.41315 ], [ 2.11003, 41.41223 ], [ 2.10905, 41.41285 ], [ 2.10832, 41.41261 ], [ 2.10813, 41.41143 ], [ 2.1064, 41.4118 ], [ 2.10579, 41.41113 ], [ 2.10695, 41.40995 ], [ 2.10656, 41.4096 ], [ 2.10417, 41.40976 ], [ 2.10342, 41.40914 ], [ 2.10332, 41.40755 ], [ 2.10439, 41.40715 ], [ 2.10428, 41.40631 ], [ 2.10471, 41.40602 ], [ 2.10558, 41.40647 ], [ 2.10617, 41.40643 ], [ 2.10682, 41.40696 ], [ 2.1076, 41.40653 ], [ 2.10871, 41.40704 ], [ 2.10907, 41.40666 ], [ 2.10884, 41.40594 ], [ 2.10727, 41.40453 ], [ 2.10731, 41.4035 ], [ 2.1059, 41.40322 ], [ 2.10575, 41.40255 ], [ 2.10513, 41.40216 ], [ 2.10507, 41.40145 ], [ 2.10441, 41.40083 ], [ 2.10293, 41.4011 ], [ 2.10383, 41.40329 ], [ 2.10379, 41.40402 ], [ 2.1032, 41.40464 ], [ 2.10181, 41.40512 ], [ 2.1016, 41.407 ], [ 2.10061, 41.40837 ], [ 2.09781, 41.40912 ], [ 2.09727, 41.40908 ], [ 2.09666, 41.40824 ], [ 2.09565, 41.40785 ], [ 2.09032, 41.40831 ], [ 2.08759, 41.40893 ], [ 2.086, 41.40971 ], [ 2.08489, 41.40958 ], [ 2.08413, 41.40935 ], [ 2.08414, 41.40894 ], [ 2.08279, 41.40776 ], [ 2.08245, 41.40708 ], [ 2.08042, 41.40596 ], [ 2.08012, 41.40455 ], [ 2.07859, 41.40312 ], [ 2.07777, 41.40287 ], [ 2.07641, 41.40319 ], [ 2.07489, 41.40291 ], [ 2.07375, 41.4033 ], [ 2.07279, 41.40316 ], [ 2.07219, 41.40346 ], [ 2.07206, 41.40409 ], [ 2.07, 41.40703 ], [ 2.07152, 41.40719 ], [ 2.07206, 41.40754 ], [ 2.07135, 41.40881 ], [ 2.07214, 41.41095 ], [ 2.07344, 41.41186 ], [ 2.07555, 41.41239 ], [ 2.07734, 41.41463 ], [ 2.07893, 41.41495 ], [ 2.07975, 41.41573 ], [ 2.07971, 41.41632 ], [ 2.07862, 41.41799 ], [ 2.07872, 41.41886 ], [ 2.07765, 41.4186 ], [ 2.07683, 41.41961 ], [ 2.07707, 41.42092 ], [ 2.07539, 41.42202 ], [ 2.08008, 41.42308 ], [ 2.0803, 41.42424 ], [ 2.08059, 41.42438 ], [ 2.07724, 41.42501 ], [ 2.07439, 41.42477 ], [ 2.07268, 41.42507 ], [ 2.07256, 41.42584 ], [ 2.07325, 41.42734 ], [ 2.07299, 41.42752 ], [ 2.07662, 41.42871 ], [ 2.07285, 41.43083 ], [ 2.07153, 41.43297 ], [ 2.07098, 41.43474 ], [ 2.07178, 41.43632 ], [ 2.07334, 41.43645 ], [ 2.07247, 41.43551 ], [ 2.07313, 41.43522 ] ] ], [ [ [ 2.05897, 41.43542 ], [ 2.05936, 41.43539 ], [ 2.0595, 41.43448 ], [ 2.06002, 41.43396 ], [ 2.06212, 41.43336 ], [ 2.06291, 41.43358 ], [ 2.06366, 41.43113 ], [ 2.06458, 41.42991 ], [ 2.06597, 41.43008 ], [ 2.06779, 41.42954 ], [ 2.06769, 41.42873 ], [ 2.06678, 41.42735 ], [ 2.06699, 41.42629 ], [ 2.06967, 41.42518 ], [ 2.0694, 41.42335 ], [ 2.06987, 41.4227 ], [ 2.0698, 41.42177 ], [ 2.07048, 41.41881 ], [ 2.06724, 41.41808 ], [ 2.06458, 41.41803 ], [ 2.06429, 41.41784 ], [ 2.06499, 41.41663 ], [ 2.0649, 41.41609 ], [ 2.06416, 41.41429 ], [ 2.0635, 41.41355 ], [ 2.06205, 41.41366 ], [ 2.06149, 41.41295 ], [ 2.06078, 41.41273 ], [ 2.05829, 41.41282 ], [ 2.05907, 41.41226 ], [ 2.059, 41.41099 ], [ 2.05877, 41.41065 ], [ 2.05685, 41.41033 ], [ 2.05499, 41.41218 ], [ 2.05464, 41.41395 ], [ 2.0569, 41.416 ], [ 2.0573, 41.41841 ], [ 2.05638, 41.42048 ], [ 2.05647, 41.42136 ], [ 2.05554, 41.42227 ], [ 2.05464, 41.42241 ], [ 2.05316, 41.42366 ], [ 2.05252, 41.42382 ], [ 2.05233, 41.42423 ], [ 2.05326, 41.42501 ], [ 2.05587, 41.42548 ], [ 2.05766, 41.42642 ], [ 2.05769, 41.4279 ], [ 2.05845, 41.42918 ], [ 2.05844, 41.4309 ], [ 2.0576, 41.43345 ], [ 2.05791, 41.43389 ], [ 2.05749, 41.43468 ], [ 2.05767, 41.43581 ], [ 2.05897, 41.43542 ] ] ] ] } },
{ "type": "Feature", "properties": { "id": "barri-0523", "name": "Sarrià", "kind": "barri", "parent": "district-05" }, "geometry": { "type": "Polygon", "coordinates": [ [ [ 2.11685, 41.41352 ], [ 2.11875, 41.41348 ], [ 2.11887, 41.41265 ], [ 2.11948, 41.41243 ], [ 2.12198, 41.40993 ], [ 2.12188, 41.40894 ], [ 2.12262, 41.40772 ], [ 2.1218, 41.40704 ], [ 2.12276, 41.4059 ], [ 2.12355, 41.40417 ], [ 2.12472, 41.40314 ], [ 2.12478, 41.40235 ], [ 2.12521, 41.40203 ], [ 2.12288, 41.40072 ], [ 2.12611, 41.39815 ], [ 2.12814, 41.39777 ], [ 2.12602, 41.39635 ], [ 2.1256, 41.3957 ], [ 2.12982, 41.39264 ], [ 2.1209, 41.39009 ], [ 2.12001, 41.39128 ], [ 2.11756, 41.39222 ], [ 2.11818, 41.39288 ], [ 2.11848, 41.39376 ], [ 2.11829, 41.39459 ], [ 2.1178, 41.39513 ], [ 2.11561, 41.39587 ], [ 2.11313, 41.39726 ], [ 2.10994, 41.39517 ], [ 2.1095, 41.39591 ], [ 2.1097, 41.39658 ], [ 2.10865, 41.39845 ], [ 2.10677, 41.39999 ], [ 2.10441, 41.40083 ], [ 2.10507, 41.40145 ], [ 2.10513, 41.40216 ], [ 2.10575, 41.40255 ], [ 2.1059, 41.40322 ], [ 2.10731, 41.4035 ], [ 2.10727, 41.40453 ], [ 2.10884, 41.40594 ], [ 2.10908, 41.40677 ], [ 2.10858, 41.40704 ], [ 2.1076, 41.40653 ], [ 2.10682, 41.40696 ], [ 2.10617, 41.40643 ], [ 2.10458, 41.40607 ], [ 2.10428, 41.40631 ], [ 2.10439, 41.40715 ], [ 2.10327, 41.40765 ], [ 2.10342, 41.40914 ], [ 2.10425, 41.4098 ], [ 2.10656, 41.4096 ], [ 2.10697, 41.41012 ], [ 2.10579, 41.41113 ], [ 2.1063, 41.41173 ], [ 2.10813, 41.41143 ], [ 2.10832, 41.41261 ], [ 2.10905, 41.41285 ], [ 2.11003, 41.41223 ], [ 2.11094, 41.41358 ], [ 2.11189, 41.41245 ], [ 2.11233, 41.41236 ], [ 2.11295, 41.41277 ], [ 2.11396, 41.41215 ], [ 2.11596, 41.41412 ], [ 2.11685, 41.41352 ] ] ] } },
{ "type": "Feature", "properties": { "id": "barri-0957", "name": "la Trinitat Vella", "kind": "barri", "parent": "district-09" }, "geometry": { "type": "Polygon", "coordinates": [ [ [ 2.18764, 41.46212 ], [ 2.18833, 41.46005 ], [ 2.18979, 41.45822 ], [ 2.19811, 41.45198 ], [ 2.20132, 41.44901 ], [ 2.19679, 41.44746 ], [ 2.19694, 41.44792 ], [ 2.19422, 41.44762 ], [ 2.19257, 41.44701 ], [ 2.18771, 41.44696 ], [ 2.18871, 41.45011 ], [ 2.18891, 41.45325 ], [ 2.18868, 41.45526 ], [ 2.18789, 41.45691 ], [ 2.18879, 41.4573 ], [ 2.18772, 41.45923 ], [ 2.1874, 41.46208 ], [ 2.18764, 41.46212 ] ] ] } },
{ "type": "Feature", "properties": { "id": "barri-0958", "name": "Baró de Viver", "kind": "barri", "parent": "district-09" }, "geometry": { "type": "Polygon", "coordinates": [ [ [ 2.19664, 41.44257 ], [ 2.1956, 41.44249 ], [ 2.1972, 41.44761 ], [ 2.20132, 41.44901 ], [ 2.20332, 41.44699 ], [ 2.1993, 41.44504 ], [ 2.19971, 41.44281 ], [ 2.19664, 41.44257 ] ] ] } },
{ "type": "Feature", "properties": { "id": "barri-0959", "name": "el Bon Pastor", "kind": "barri", "parent": "district-09" }, "geometry": { "type": "Polygon", "coordinates": [ [ [ 2.20955, 41.43324 ], [ 2.20804, 41.43313 ], [ 2.20647, 41.43264 ], [ 2.20617, 41.43227 ], [ 2.2068, 41.43054 ], [ 2.20654, 41.43024 ], [ 2.20701, 41.43001 ], [ 2.20732, 41.42907 ], [ 2.20735, 41.42798 ], [ 2.20702, 41.42758 ], [ 2.20236, 41.42971 ], [ 2.1999, 41.43016 ], [ 2.19869, 41.42994 ], [ 2.19757, 41.42921 ], [ 2.19643, 41.42666 ], [ 2.19593, 41.42692 ], [ 2.19639, 41.42924 ], [ 2.19627, 41.43095 ], [ 2.19405, 41.4347 ], [ 2.1942, 41.4375 ], [ 2.1956, 41.44249 ], [ 2.19971, 41.44281 ], [ 2.1993, 41.44504 ], [ 2.20332, 41.44699 ], [ 2.2063, 41.44381 ], [ 2.20795, 41.44118 ], [ 2.20963, 41.43576 ], [ 2.21076, 41.43343 ], [ 2.20955, 41.43324 ] ] ] } },
{ "type": "Feature", "properties": { "id": "barri-0960", "name": "Sant Andreu", "kind": "barri", "parent": "district-09" }, "geometry": { "type": "Polygon", "coordinates": [ [ [ 2.19694, 41.44792 ], [ 2.19679, 41.44746 ], [ 2.1972, 41.44761 ], [ 2.19407, 41.43657 ], [ 2.19405, 41.4347 ], [ 2.19547, 41.43265 ], [ 2.19631, 41.43073 ], [ 2.19627, 41.42805 ], [ 2.19593, 41.42692 ], [ 2.19395, 41.42786 ], [ 2.19391, 41.4282 ], [ 2.19044, 41.42772 ], [ 2.18771, 41.4286 ], [ 2.18417, 41.42865 ], [ 2.18279, 41.43064 ], [ 2.18275, 41.43175 ], [ 2.18771, 41.44696 ], [ 2.19257, 41.44701 ], [ 2.19422, 41.44762 ], [ 2.19694, 41.44792 ] ] ] } },
{ "type": "Feature", "properties": { "id": "barri-0961", "name": "la Sagrera", "kind": "barri", "parent": "district-09" }, "geometry": { "type": "Polygon", "coordinates": [ [ [ 2.18478, 41.42865 ], [ 2.18771, 41.4286 ], [ 2.19044, 41.42772 ], [ 2.19391, 41.4282 ], [ 2.19395, 41.42786 ], [ 2.19655, 41.42659 ], [ 2.1956, 41.42265 ], [ 2.19522, 41.42239 ], [ 2.19325, 41.41664 ], [ 2.19354, 41.4154 ], [ 2.19241, 41.41455 ], [ 2.19111, 41.41554 ], [ 2.19143, 41.41694 ], [ 2.18394, 41.42266 ], [ 2.18437, 41.42835 ], [ 2.18417, 41.42865 ], [ 2.18478, 41.42865 ] ] ] } },
{ "type": "Feature", "properties": { "id": "barri-0962", "name": "el Congrés i els Indians", "kind": "barri", "parent": "district-09" }, "geometry": { "type": "Polygon", "coordinates": [ [ [ 2.18083, 41.41946 ], [ 2.18066, 41.42048 ], [ 2.17606, 41.42545 ], [ 2.1773, 41.42549 ], [ 2.17729, 41.42817 ], [ 2.1843, 41.42764 ], [ 2.18393, 41.42176 ], [ 2.18083, 41.41946 ] ] ] } },
{ "type": "Feature", "properties": { "id": "barri-0963", "name": "Navas", "kind": "barri", "parent": "district-09" }, "geometry": { "type": "Polygon", "coordinates": [ [ [ 2.189, 41.41881 ], [ 2.19143, 41.41694 ], [ 2.19098, 41.41517 ], [ 2.18903, 41.41368 ], [ 2.18336, 41.41795 ], [ 2.18048, 41.41583 ], [ 2.18039, 41.41748 ], [ 2.18073, 41.41938 ], [ 2.18393, 41.42176 ], [ 2.18394, 41.42266 ], [ 2.189, 41.41881 ] ] ] } },
{ "type": "Feature", "properties": { "id": "barri-1064", "name": "el Camp de l'Arpa del Clot", "kind": "barri", "parent": "district-10" }, "geometry": { "type": "Polygon", "coordinates": [ [ [ 2.18453, 41.40691 ], [ 2.18338, 41.40604 ], [ 2.17547, 41.41204 ], [ 2.18336, 41.41795 ], [ 2.1869, 41.41529 ], [ 2.18686, 41.40865 ], [ 2.18453, 41.40691 ] ] ] } },
{ "type": "Feature", "properties": { "id": "barri-1065", "name": "el Clot", "kind": "barri", "parent": "district-10" }, "geometry": { "type": "Polygon", "coordinates": [ [ [ 2.19241, 41.41455 ], [ 2.19708, 41.41104 ], [ 2.18791, 41.40416 ], [ 2.18709, 41.40444 ], [ 2.18601, 41.40405 ], [ 2.18338, 41.40604 ], [ 2.18686, 41.40865 ], [ 2.1869, 41.41529 ], [ 2.18903, 41.41368 ], [ 2.19111, 41.41554 ], [ 2.19241, 41.41455 ] ] ] } },
{ "type": "Feature", "properties": { "id": "barri-1066", "name": "el Parc i la Llacuna del Poblenou", "kind": "barri", "parent": "district-10" }, "geometry": { "type": "Polygon", "coordinates": [ [ [ 2.19379, 41.40501 ], [ 2.19733, 41.40232 ], [ 2.19388, 41.39809 ], [ 2.19604, 41.39646 ], [ 2.1879, 41.39054 ], [ 2.18677, 41.39139 ], [ 2.18459, 41.38976 ], [ 2.18238, 41.39142 ], [ 2.18673, 41.39464 ], [ 2.1869, 41.40166 ], [ 2.18453, 41.40345 ], [ 2.18567, 41.40431 ], [ 2.18601, 41.40405 ], [ 2.18709, 41.40444 ], [ 2.18791, 41.40416 ], [ 2.19143, 41.4068 ], [ 2.19379, 41.40501 ] ] ] } },
{ "type": "Feature", "properties": { "id": "barri-1067", "name": "la Vila Olímpica del Poblenou", "kind": "barri", "parent": "district-10" }, "geometry": { "type": "Polygon", "coordinates": [ [ [ 2.19981, 41.39362 ], [ 2.2009, 41.39446 ], [ 2.20434, 41.39182 ], [ 2.20465, 41.39206 ], [ 2.20627, 41.39077 ], [ 2.20482, 41.39168 ], [ 2.20457, 41.39149 ], [ 2.20589, 41.39049 ], [ 2.20442, 41.39108 ], [ 2.20207, 41.3898 ], [ 2.20149, 41.38865 ], [ 2.20283, 41.38765 ], [ 2.20339, 41.38816 ], [ 2.20305, 41.38784 ], [ 2.20362, 41.38742 ], [ 2.20166, 41.38498 ], [ 2.19951, 41.38365 ], [ 2.20059, 41.38397 ], [ 2.19978, 41.38335 ], [ 2.19886, 41.38366 ], [ 2.20075, 41.38458 ], [ 2.20275, 41.38661 ], [ 2.2024, 41.38687 ], [ 2.20084, 41.38539 ], [ 2.2002, 41.38587 ], [ 2.20196, 41.3872 ], [ 2.20046, 41.38833 ], [ 2.19831, 41.3869 ], [ 2.19999, 41.38519 ], [ 2.19972, 41.38499 ], [ 2.19575, 41.38785 ], [ 2.19357, 41.38624 ], [ 2.1879, 41.39054 ], [ 2.19604, 41.39646 ], [ 2.19981, 41.39362 ] ] ] } },
{ "type": "Feature", "properties": { "id": "barri-1068", "name": "el Poblenou", "kind": "barri", "parent": "district-10" }, "geometry": { "type": "Polygon", "coordinates": [ [ [ 2.20921, 41.39643 ], [ 2.21145, 41.39484 ], [ 2.21007, 41.39565 ], [ 2.2089, 41.39525 ], [ 2.20703, 41.39362 ], [ 2.20547, 41.39144 ], [ 2.20465, 41.39206 ], [ 2.20434, 41.39182 ], [ 2.2009, 41.39446 ], [ 2.19988, 41.39356 ], [ 2.19388, 41.39809 ], [ 2.19733, 41.40232 ], [ 2.19364, 41.40512 ], [ 2.20381, 41.40768 ], [ 2.21001, 41.40296 ], [ 2.20688, 41.40041 ], [ 2.21082, 41.39766 ], [ 2.20921, 41.39643 ] ] ] } },
{ "type": "Feature", "properties": { "id": "barri-1069", "name": "Diagonal Mar i el Front Marítim del Poblenou", "kind": "barri", "parent": "district-10" }, "geometry": { "type": "Polygon", "coordinates": [ [ [ 2.21303, 41.41093 ], [ 2.21399, 41.41021 ], [ 2.21893, 41.41141 ], [ 2.21921, 41.41111 ], [ 2.21897, 41.41086 ], [ 2.22072, 41.40994 ], [ 2.22108, 41.4092 ], [ 2.21871, 41.40666 ], [ 2.22028, 41.40554 ], [ 2.22008, 41.40534 ], [ 2.22031, 41.40515 ], [ 2.21849, 41.40438 ], [ 2.21715, 41.40294 ], [ 2.21895, 41.40151 ], [ 2.21734, 41.40259 ], [ 2.21615, 41.40195 ], [ 2.21456, 41.39974 ], [ 2.21564, 41.39898 ], [ 2.21534, 41.39886 ], [ 2.21559, 41.3986 ], [ 2.2144, 41.39935 ], [ 2.21364, 41.39914 ], [ 2.21111, 41.39678 ], [ 2.21074, 41.39603 ], [ 2.21172, 41.39504 ], [ 2.21113, 41.39541 ], [ 2.21091, 41.39525 ], [ 2.20911, 41.3965 ], [ 2.21045, 41.39715 ], [ 2.21082, 41.39766 ], [ 2.20688, 41.40041 ], [ 2.21001, 41.40296 ], [ 2.20381, 41.40768 ], [ 2.20777, 41.40867 ], [ 2.2119, 41.4118 ], [ 2.21303, 41.41093 ] ] ] } },
{ "type": "Feature", "properties": { "id": "barri-1070", "name": "el Besòs i el Maresme", "kind": "barri", "parent": "district-10" }, "geometry": { "type": "Polygon", "coordinates": [ [ [ 2.21128, 41.42167 ], [ 2.21379, 41.42 ], [ 2.21402, 41.42017 ], [ 2.21779, 41.41699 ], [ 2.21819, 41.41729 ], [ 2.22044, 41.41417 ], [ 2.22137, 41.41351 ], [ 2.22098, 41.41308 ], [ 2.22721, 41.41038 ], [ 2.22642, 41.4089 ], [ 2.22653, 41.40858 ], [ 2.22626, 41.40844 ], [ 2.22636, 41.4089 ], [ 2.2259, 41.40805 ], [ 2.22608, 41.40789 ], [ 2.22583, 41.40794 ], [ 2.22543, 41.40732 ], [ 2.22597, 41.40715 ], [ 2.22789, 41.40962 ], [ 2.228, 41.40899 ], [ 2.22748, 41.40815 ], [ 2.22692, 41.40811 ], [ 2.2269, 41.40761 ], [ 2.22674, 41.40788 ], [ 2.22649, 41.40769 ], [ 2.22651, 41.40713 ], [ 2.22623, 41.40736 ], [ 2.22605, 41.40718 ], [ 2.22609, 41.40662 ], [ 2.22502, 41.40734 ], [ 2.22478, 41.40694 ], [ 2.22569, 41.40633 ], [ 2.22575, 41.40599 ], [ 2.22469, 41.40647 ], [ 2.22433, 41.40617 ], [ 2.22343, 41.40618 ], [ 2.22189, 41.40506 ], [ 2.22152, 41.40553 ], [ 2.22097, 41.40514 ], [ 2.22213, 41.40408 ], [ 2.22339, 41.40529 ], [ 2.222, 41.40349 ], [ 2.22215, 41.40388 ], [ 2.21871, 41.40666 ], [ 2.22108, 41.4092 ], [ 2.22072, 41.40994 ], [ 2.21897, 41.41086 ], [ 2.21921, 41.41111 ], [ 2.21893, 41.41141 ], [ 2.21399, 41.41021 ], [ 2.20727, 41.4153 ], [ 2.20983, 41.41847 ], [ 2.20842, 41.41953 ], [ 2.21128, 41.42167 ] ] ] } },
{ "type": "Feature", "properties": { "id": "barri-1071", "name": "Provençals del Poblenou", "kind": "barri", "parent": "district-10" }, "geometry": { "type": "Polygon", "coordinates": [ [ [ 2.19552, 41.4056 ], [ 2.19364, 41.40512 ], [ 2.19143, 41.4068 ], [ 2.20842, 41.41953 ], [ 2.20983, 41.41847 ], [ 2.20727, 41.4153 ], [ 2.2119, 41.4118 ], [ 2.20777, 41.40867 ], [ 2.19552, 41.4056 ] ] ] } },
{ "type": "Feature", "properties": { "id": "barri-1072", "name": "Sant Martí de Provençals", "kind": "barri", "parent": "district-10" }, "geometry": { "type": "Polygon", "coordinates": [ [ [ 2.19715, 41.41109 ], [ 2.19241, 41.41455 ], [ 2.19354, 41.4154 ], [ 2.19325, 41.41664 ], [ 2.19522, 41.42239 ], [ 2.1988, 41.42175 ], [ 2.20503, 41.41699 ], [ 2.19715, 41.41109 ] ] ] } },
{ "type": "Feature", "properties": { "id": "barri-1073", "name": "la Verneda i la Pau", "kind": "barri", "parent": "district-10" }, "geometry": { "type": "Polygon", "coordinates": [ [ [ 2.20736, 41.42711 ], [ 2.20676, 41.42675 ], [ 2.20607, 41.42561 ], [ 2.20754, 41.425 ], [ 2.20866, 41.42502 ], [ 2.20909, 41.42534 ], [ 2.2096, 41.42434 ], [ 2.21095, 41.42347 ], [ 2.21182, 41.42207 ], [ 2.20503, 41.41699 ], [ 2.1988, 41.42175 ], [ 2.19549, 41.42234 ], [ 2.19643, 41.42666 ], [ 2.19721, 41.42875 ], [ 2.19869, 41.42994 ], [ 2.20023, 41.43018 ], [ 2.20195, 41.42986 ], [ 2.20702, 41.42758 ], [ 2.20684, 41.42736 ], [ 2.20736, 41.42711 ] ] ] } },
{ "type": "Feature", "properties": { "id": "barri-0847", "name": "Can Peguera", "kind": "barri", "parent": "district-08" }, "geometry": { "type": "Polygon", "coordinates": [ [ [ 2.16555, 41.43634 ], [ 2.16796, 41.43584 ], [ 2.16961, 41.43487 ], [ 2.16902, 41.43406 ], [ 2.16983, 41.43368 ], [ 2.16953, 41.43329 ], [ 2.16903, 41.43351 ], [ 2.1686, 41.43301 ], [ 2.16578, 41.43416 ], [ 2.16484, 41.43423 ], [ 2.16442, 41.43368 ], [ 2.1638, 41.43364 ], [ 2.16397, 41.43408 ], [ 2.16348, 41.43419 ], [ 2.16426, 41.43629 ], [ 2.16333, 41.43654 ], [ 2.16351, 41.43679 ], [ 2.16555, 41.43634 ] ] ] } },
{ "type": "Feature", "properties": { "id": "barri-0848", "name": "la Guineueta", "kind": "barri", "parent": "district-08" }, "geometry": { "type": "Polygon", "coordinates": [ [ [ 2.17409, 41.44003 ], [ 2.17512, 41.43902 ], [ 2.1747, 41.43856 ], [ 2.17488, 41.43829 ], [ 2.17447, 41.4382 ], [ 2.17189, 41.43521 ], [ 2.17039, 41.43479 ], [ 2.16893, 41.43505 ], [ 2.16796, 41.43584 ], [ 2.16351, 41.43679 ], [ 2.16317, 41.43659 ], [ 2.16352, 41.4371 ], [ 2.16313, 41.43736 ], [ 2.16366, 41.43786 ], [ 2.16166, 41.43929 ], [ 2.16156, 41.43995 ], [ 2.16324, 41.44035 ], [ 2.16334, 41.43995 ], [ 2.17176, 41.44332 ], [ 2.17268, 41.44206 ], [ 2.17309, 41.44087 ], [ 2.17409, 41.44003 ] ] ] } },
{ "type": "Feature", "properties": { "id": "barri-0851", "name": "Verdun", "kind": "barri", "parent": "district-08" }, "geometry": { "type": "Polygon", "coordinates": [ [ [ 2.17538, 41.4393 ], [ 2.17512, 41.43902 ], [ 2.1732, 41.44072 ], [ 2.17176, 41.44332 ], [ 2.17693, 41.44523 ], [ 2.17951, 41.44587 ], [ 2.17784, 41.4421 ], [ 2.17538, 41.4393 ] ] ] } },
{ "type": "Feature", "properties": { "id": "barri-0852", "name": "la Prosperitat", "kind": "barri", "parent": "district-08" }, "geometry": { "type": "Polygon", "coordinates": [ [ [ 2.17631, 41.43858 ], [ 2.1747, 41.43856 ], [ 2.17784, 41.4421 ], [ 2.17951, 41.44587 ], [ 2.1814, 41.44634 ], [ 2.18771, 41.44696 ], [ 2.18543, 41.4397 ], [ 2.17631, 41.43858 ] ] ] } },
{ "type": "Feature", "properties": { "id": "barri-0849", "name": "Canyelles", "kind": "barri", "parent": "district-08" }, "geometry": { "type": "Polygon", "coordinates": [ [ [ 2.16021, 41.45033 ], [ 2.16407, 41.44979 ], [ 2.1639, 41.44786 ], [ 2.16554, 41.44615 ], [ 2.16603, 41.44609 ], [ 2.16633, 41.44712 ], [ 2.16677, 41.4474 ], [ 2.1678, 41.4475 ], [ 2.16826, 41.44684 ], [ 2.1688, 41.44698 ], [ 2.17, 41.44468 ], [ 2.17055, 41.44482 ], [ 2.17075, 41.44442 ], [ 2.17111, 41.44452 ], [ 2.17176, 41.44332 ], [ 2.16334, 41.43995 ], [ 2.16324, 41.44035 ], [ 2.16156, 41.43995 ], [ 2.16171, 41.44053 ], [ 2.16237, 41.44079 ], [ 2.1624, 41.44133 ], [ 2.15997, 41.44238 ], [ 2.1597, 41.44212 ], [ 2.15919, 41.44238 ], [ 2.15771, 41.44483 ], [ 2.15571, 41.44565 ], [ 2.15725, 41.44605 ], [ 2.15759, 41.44671 ], [ 2.15704, 41.44743 ], [ 2.15794, 41.44771 ], [ 2.15942, 41.44939 ], [ 2.15948, 41.44996 ], [ 2.15911, 41.45052 ], [ 2.16021, 41.45033 ] ] ] } },
{ "type": "Feature", "properties": { "id": "barri-0850", "name": "les Roquetes", "kind": "barri", "parent": "district-08" }, "geometry": { "type": "Polygon", "coordinates": [ [ [ 2.18315, 41.45279 ], [ 2.18319, 41.45241 ], [ 2.18014, 41.45013 ], [ 2.17926, 41.44878 ], [ 2.17942, 41.44795 ], [ 2.18039, 41.44709 ], [ 2.17989, 41.44642 ], [ 2.18004, 41.44605 ], [ 2.17176, 41.44332 ], [ 2.17111, 41.44452 ], [ 2.17075, 41.44442 ], [ 2.17055, 41.44482 ], [ 2.17, 41.44468 ], [ 2.1688, 41.44698 ], [ 2.16826, 41.44684 ], [ 2.1678, 41.4475 ], [ 2.16773, 41.44933 ], [ 2.16875, 41.4495 ], [ 2.16971, 41.44866 ], [ 2.17155, 41.44953 ], [ 2.17252, 41.44927 ], [ 2.17433, 41.45046 ], [ 2.17587, 41.45052 ], [ 2.17666, 41.45123 ], [ 2.17813, 41.4515 ], [ 2.1795, 41.45234 ], [ 2.18188, 41.4528 ], [ 2.18227, 41.45331 ], [ 2.18434, 41.45448 ], [ 2.18315, 41.45279 ] ] ] } },
{ "type": "Feature", "properties": { "id": "barri-0853", "name": "la Trinitat Nova", "kind": "barri", "parent": "district-08" }, "geometry": { "type": "Polygon", "coordinates": [ [ [ 2.18872, 41.45504 ], [ 2.1888, 41.45069 ], [ 2.18771, 41.44696 ], [ 2.18001, 41.44615 ], [ 2.17989, 41.44642 ], [ 2.18039, 41.44709 ], [ 2.17942, 41.44795 ], [ 2.17926, 41.44878 ], [ 2.18021, 41.4502 ], [ 2.18319, 41.45241 ], [ 2.18322, 41.45302 ], [ 2.18455, 41.45483 ], [ 2.1861, 41.45544 ], [ 2.18789, 41.45691 ], [ 2.18872, 41.45504 ] ] ] } },
{ "type": "Feature", "properties": { "id": "barri-0854", "name": "Torre Baró", "kind": "barri", "parent": "district-08" }, "geometry": { "type": "Polygon", "coordinates": [ [ [ 2.18137, 41.46144 ], [ 2.18256, 41.4602 ], [ 2.18753, 41.45659 ], [ 2.1861, 41.45544 ], [ 2.18474, 41.45498 ], [ 2.18394, 41.4541 ], [ 2.18227, 41.45331 ], [ 2.18188, 41.4528 ], [ 2.1795, 41.45234 ], [ 2.17813, 41.4515 ], [ 2.17666, 41.45123 ], [ 2.17587, 41.45052 ], [ 2.17433, 41.45046 ], [ 2.17254, 41.44927 ], [ 2.17155, 41.44953 ], [ 2.16971, 41.44866 ], [ 2.16875, 41.4495 ], [ 2.1677, 41.44931 ], [ 2.16796, 41.44764 ], [ 2.16645, 41.44724 ], [ 2.16599, 41.44607 ], [ 2.16554, 41.44615 ], [ 2.1639, 41.44786 ], [ 2.16436, 41.45057 ], [ 2.1656, 41.45158 ], [ 2.1648, 41.45268 ], [ 2.16492, 41.45477 ], [ 2.16441, 41.45512 ], [ 2.16417, 41.45579 ], [ 2.16574, 41.45837 ], [ 2.16682, 41.45908 ], [ 2.16992, 41.45913 ], [ 2.1715, 41.45891 ], [ 2.17339, 41.45914 ], [ 2.17413, 41.45847 ], [ 2.17633, 41.45894 ], [ 2.17897, 41.46089 ], [ 2.18048, 41.46127 ], [ 2.1798, 41.46232 ], [ 2.18057, 41.46259 ], [ 2.18137, 41.46144 ] ] ] } },
{ "type": "Feature", "properties": { "id": "barri-0855", "name": "Ciutat Meridiana", "kind": "barri", "parent": "district-08" }, "geometry": { "type": "Polygon", "coordinates": [ [ [ 2.17959, 41.46406 ], [ 2.18057, 41.46259 ], [ 2.1798, 41.46232 ], [ 2.18048, 41.46127 ], [ 2.17897, 41.46089 ], [ 2.17633, 41.45894 ], [ 2.17413, 41.45847 ], [ 2.17339, 41.45914 ], [ 2.1715, 41.45891 ], [ 2.16682, 41.45908 ], [ 2.16701, 41.45964 ], [ 2.16752, 41.45993 ], [ 2.16733, 41.46068 ], [ 2.16826, 41.4607 ], [ 2.16832, 41.46028 ], [ 2.17122, 41.46121 ], [ 2.17141, 41.46082 ], [ 2.17417, 41.46264 ], [ 2.17435, 41.46348 ], [ 2.17492, 41.46385 ], [ 2.17573, 41.46373 ], [ 2.17912, 41.46455 ], [ 2.17959, 41.46406 ] ] ] } },
{ "type": "Feature", "properties": { "id": "barri-0856", "name": "Vallbona", "kind": "barri", "parent": "district-08" }, "geometry": { "type": "Polygon", "coordinates": [ [ [ 2.18407, 41.4683 ], [ 2.18538, 41.4678 ], [ 2.18706, 41.46772 ], [ 2.18764, 41.45964 ], [ 2.18879, 41.4573 ], [ 2.18753, 41.45659 ], [ 2.1822, 41.46053 ], [ 2.17912, 41.46455 ], [ 2.18071, 41.46494 ], [ 2.17894, 41.46653 ], [ 2.17869, 41.46818 ], [ 2.17941, 41.46759 ], [ 2.18407, 41.4683 ] ] ] } },
{ "type": "Feature", "properties": { "id": "muni-ripollet", "name": "Ripollet", "kind": "municipality" }, "geometry": { "type": "Polygon", "coordinates": [ [ [ 2.13461, 41.50662 ], [ 2.13929, 41.5023 ], [ 2.14117, 41.49883 ], [ 2.14246, 41.49754 ], [ 2.14593, 41.49656 ], [ 2.14874, 41.49398 ], [ 2.14744, 41.49315 ], [ 2.14923, 41.49233 ], [ 2.15269, 41.48947 ], [ 2.15433, 41.48952 ], [ 2.15559, 41.48859 ], [ 2.15812, 41.48804 ], [ 2.15983, 41.48886 ], [ 2.16054, 41.49026 ], [ 2.16085, 41.49035 ], [ 2.16387, 41.49005 ], [ 2.16521, 41.48944 ], [ 2.16908, 41.48896 ], [ 2.17258, 41.49143 ], [ 2.17317, 41.49242 ], [ 2.17027, 41.4944 ], [ 2.17069, 41.49493 ], [ 2.16805, 41.49636 ], [ 2.16402, 41.50254 ], [ 2.16102, 41.50614 ], [ 2.159, 41.50739 ], [ 2.15849, 41.50846 ], [ 2.15761, 41.50887 ], [ 2.15719, 41.50963 ], [ 2.15472, 41.51135 ], [ 2.15252, 41.51058 ], [ 2.15223, 41.51014 ], [ 2.14959, 41.50867 ], [ 2.14912, 41.50963 ], [ 2.14921, 41.51006 ], [ 2.14721, 41.5099 ], [ 2.14592, 41.51059 ], [ 2.14259, 41.50943 ], [ 2.1427, 41.50887 ], [ 2.14207, 41.50809 ], [ 2.13981, 41.50735 ], [ 2.13587, 41.50852 ], [ 2.1362, 41.50724 ], [ 2.13599, 41.50675 ], [ 2.13461, 41.50662 ] ] ] } },
{ "type": "Feature", "properties": { "id": "muni-el-prat-de-llobregat", "name": "El Prat de Llobregat", "kind": "municipality" }, "geometry": { "type": "Polygon", "coordinates": [ [ [ 2.06877, 41.34465 ], [ 2.07016, 41.34089 ], [ 2.07201, 41.33881 ], [ 2.07327, 41.33947 ], [ 2.0727, 41.34009 ], [ 2.07522, 41.34119 ], [ 2.0761, 41.3417 ], [ 2.07598, 41.34223 ], [ 2.07682, 41.34242 ], [ 2.07867, 41.33972 ], [ 2.0738, 41.33707 ], [ 2.0734, 41.33666 ], [ 2.07378, 41.3363 ], [ 2.07224, 41.33515 ], [ 2.0719, 41.33556 ], [ 2.07108, 41.33497 ], [ 2.07203, 41.33406 ], [ 2.07123, 41.33366 ], [ 2.07218, 41.33188 ], [ 2.06735, 41.32919 ], [ 2.07274, 41.32378 ], [ 2.07006, 41.3224 ], [ 2.07042, 41.32168 ], [ 2.06991, 41.32128 ], [ 2.07054, 41.31968 ], [ 2.06271, 41.31607 ], [ 2.06529, 41.31223 ], [ 2.06703, 41.30785 ], [ 2.06336, 41.30659 ], [ 2.05841, 41.30561 ], [ 2.05953, 41.30303 ], [ 2.05741, 41.30249 ], [ 2.06202, 41.29177 ], [ 2.06778, 41.28807 ], [ 2.0698, 41.28602 ], [ 2.07024, 41.28512 ], [ 2.07026, 41.28294 ], [ 2.0708, 41.28117 ], [ 2.07298, 41.27894 ], [ 2.07452, 41.27641 ], [ 2.07542, 41.27697 ], [ 2.08931, 41.28106 ], [ 2.10751, 41.28748 ], [ 2.10823, 41.28807 ], [ 2.11427, 41.29038 ], [ 2.12263, 41.29508 ], [ 2.12408, 41.29563 ], [ 2.12539, 41.29567 ], [ 2.12762, 41.29669 ], [ 2.1315, 41.29747 ], [ 2.13614, 41.29761 ], [ 2.13729, 41.29557 ], [ 2.13771, 41.29315 ], [ 2.13799, 41.29322 ], [ 2.13753, 41.29575 ], [ 2.13642, 41.29763 ], [ 2.13838, 41.29961 ], [ 2.14291, 41.29626 ], [ 2.14583, 41.29523 ], [ 2.14793, 41.295 ], [ 2.15208, 41.29561 ], [ 2.15324, 41.29603 ], [ 2.15549, 41.29777 ], [ 2.16673, 41.30892 ], [ 2.16726, 41.3098 ], [ 2.16758, 41.31155 ], [ 2.16738, 41.31247 ], [ 2.16542, 41.31784 ], [ 2.16514, 41.31777 ], [ 2.16718, 41.31181 ], [ 2.16723, 41.31087 ], [ 2.1664, 41.30908 ], [ 2.15511, 41.29783 ], [ 2.15258, 41.29616 ], [ 2.15145, 41.29774 ], [ 2.14876, 41.29709 ], [ 2.14529, 41.29766 ], [ 2.14267, 41.29929 ], [ 2.14519, 41.30181 ], [ 2.14425, 41.30232 ], [ 2.14509, 41.30284 ], [ 2.14478, 41.30302 ], [ 2.14414, 41.30239 ], [ 2.14243, 41.30333 ], [ 2.14232, 41.30422 ], [ 2.14306, 41.30481 ], [ 2.14398, 41.30421 ], [ 2.15495, 41.3152 ], [ 2.15071, 41.31753 ], [ 2.15371, 41.32096 ], [ 2.15242, 41.32167 ], [ 2.15271, 41.32281 ], [ 2.15221, 41.32259 ], [ 2.15225, 41.32297 ], [ 2.15173, 41.32315 ], [ 2.14986, 41.32068 ], [ 2.13977, 41.32112 ], [ 2.13071, 41.32077 ], [ 2.1258, 41.32135 ], [ 2.1189, 41.32273 ], [ 2.11565, 41.32389 ], [ 2.1123, 41.32612 ], [ 2.10838, 41.3311 ], [ 2.10479, 41.33393 ], [ 2.10053, 41.33604 ], [ 2.10137, 41.33633 ], [ 2.09928, 41.3371 ], [ 2.09365, 41.34003 ], [ 2.08952, 41.3413 ], [ 2.08768, 41.34266 ], [ 2.08626, 41.34481 ], [ 2.08119, 41.34621 ], [ 2.07825, 41.3481 ], [ 2.0766, 41.34843 ], [ 2.07138, 41.34464 ], [ 2.06877, 41.34465 ] ] ] } },
{ "type": "Feature", "properties": { "id": "muni-cornellà-de-llobregat", "name": "Cornellà de Llobregat", "kind": "municipality" }, "geometry": { "type": "Polygon", "coordinates": [ [ [ 2.05017, 41.34751 ], [ 2.05447, 41.34818 ], [ 2.05893, 41.34805 ], [ 2.06363, 41.34687 ], [ 2.06877, 41.34465 ], [ 2.07138, 41.34464 ], [ 2.07601, 41.34819 ], [ 2.07719, 41.34838 ], [ 2.07877, 41.34781 ], [ 2.08119, 41.34621 ], [ 2.08626, 41.34481 ], [ 2.08768, 41.34266 ], [ 2.08952, 41.3413 ], [ 2.09157, 41.34458 ], [ 2.0923, 41.34807 ], [ 2.09988, 41.35192 ], [ 2.09552, 41.35844 ], [ 2.09586, 41.35856 ], [ 2.0956, 41.35904 ], [ 2.09359, 41.35852 ], [ 2.08918, 41.36301 ], [ 2.08936, 41.36361 ], [ 2.08705, 41.36453 ], [ 2.08678, 41.36678 ], [ 2.08532, 41.3659 ], [ 2.08355, 41.36587 ], [ 2.08146, 41.36788 ], [ 2.08062, 41.36726 ], [ 2.07894, 41.36978 ], [ 2.0747, 41.36702 ], [ 2.07432, 41.3672 ], [ 2.07369, 41.36674 ], [ 2.07403, 41.36652 ], [ 2.07358, 41.36569 ], [ 2.07247, 41.36605 ], [ 2.06534, 41.36286 ], [ 2.06471, 41.36288 ], [ 2.06117, 41.36498 ], [ 2.05888, 41.36355 ], [ 2.06021, 41.36229 ], [ 2.05838, 41.36104 ], [ 2.05916, 41.35937 ], [ 2.05517, 41.35648 ], [ 2.0579, 41.35414 ], [ 2.05376, 41.35112 ], [ 2.05106, 41.3481 ], [ 2.05017, 41.34751 ] ] ] } },
{ "type": "Feature", "properties": { "id": "muni-badalona", "name": "Badalona", "kind": "municipality" }, "geometry": { "type": "Polygon", "coordinates": [ [ [ 2.21132, 41.47113 ], [ 2.22161, 41.46519 ], [ 2.22164, 41.46384 ], [ 2.22031, 41.46261 ], [ 2.22111, 41.46124 ], [ 2.2209, 41.46084 ], [ 2.22042, 41.46058 ], [ 2.21932, 41.46075 ], [ 2.21833, 41.46032 ], [ 2.21839, 41.45909 ], [ 2.217, 41.4578 ], [ 2.22322, 41.44863 ], [ 2.22179, 41.44837 ], [ 2.22068, 41.44706 ], [ 2.22016, 41.44546 ], [ 2.21924, 41.44562 ], [ 2.21623, 41.44323 ], [ 2.21553, 41.44231 ], [ 2.21434, 41.44165 ], [ 2.21366, 41.44041 ], [ 2.21276, 41.43968 ], [ 2.21314, 41.43695 ], [ 2.21567, 41.4342 ], [ 2.21669, 41.43382 ], [ 2.21688, 41.43314 ], [ 2.21772, 41.43259 ], [ 2.21964, 41.43307 ], [ 2.22095, 41.43184 ], [ 2.22242, 41.43246 ], [ 2.22448, 41.42937 ], [ 2.23156, 41.43101 ], [ 2.23719, 41.42584 ], [ 2.23975, 41.43061 ], [ 2.24089, 41.43068 ], [ 2.24016, 41.43114 ], [ 2.24103, 41.43082 ], [ 2.24037, 41.43117 ], [ 2.24045, 41.43162 ], [ 2.24143, 41.43219 ], [ 2.24202, 41.43213 ], [ 2.24238, 41.43315 ], [ 2.24208, 41.43332 ], [ 2.24181, 41.43256 ], [ 2.24051, 41.43282 ], [ 2.24077, 41.43358 ], [ 2.23981, 41.43378 ], [ 2.23993, 41.43413 ], [ 2.24253, 41.43361 ], [ 2.24287, 41.43537 ], [ 2.24242, 41.43425 ], [ 2.24174, 41.43438 ], [ 2.24218, 41.43573 ], [ 2.2417, 41.43439 ], [ 2.24124, 41.43448 ], [ 2.24178, 41.43601 ], [ 2.24121, 41.43449 ], [ 2.24077, 41.43457 ], [ 2.24137, 41.43625 ], [ 2.24073, 41.43458 ], [ 2.24036, 41.43467 ], [ 2.24083, 41.436 ], [ 2.24164, 41.43698 ], [ 2.24433, 41.43643 ], [ 2.24253, 41.43134 ], [ 2.2427, 41.43116 ], [ 2.24499, 41.43709 ], [ 2.24434, 41.43738 ], [ 2.24511, 41.43751 ], [ 2.24466, 41.43785 ], [ 2.24474, 41.43818 ], [ 2.24704, 41.44106 ], [ 2.24892, 41.4402 ], [ 2.24707, 41.4411 ], [ 2.24721, 41.4416 ], [ 2.25273, 41.44787 ], [ 2.25767, 41.45247 ], [ 2.26169, 41.45556 ], [ 2.26572, 41.45833 ], [ 2.27031, 41.4608 ], [ 2.26865, 41.46252 ], [ 2.26798, 41.46392 ], [ 2.2662, 41.46453 ], [ 2.26428, 41.46578 ], [ 2.264, 41.46715 ], [ 2.26132, 41.47004 ], [ 2.26138, 41.47068 ], [ 2.2608, 41.47077 ], [ 2.24747, 41.48519 ], [ 2.24765, 41.48579 ], [ 2.24727, 41.48841 ], [ 2.24626, 41.4888 ], [ 2.24611, 41.48998 ], [ 2.24567, 41.49041 ], [ 2.24257, 41.4904 ], [ 2.23999, 41.49183 ], [ 2.23811, 41.49136 ], [ 2.23652, 41.4914 ], [ 2.23514, 41.49211 ], [ 2.23102, 41.49292 ], [ 2.22782, 41.49185 ], [ 2.22544, 41.49233 ], [ 2.22414, 41.49162 ], [ 2.22325, 41.49043 ], [ 2.22051, 41.48896 ], [ 2.21924, 41.48877 ], [ 2.21838, 41.48823 ], [ 2.21723, 41.48831 ], [ 2.21568, 41.48703 ], [ 2.21662, 41.48553 ], [ 2.21534, 41.48356 ], [ 2.21532, 41.48298 ], [ 2.21245, 41.48137 ], [ 2.21193, 41.48037 ], [ 2.21282, 41.47945 ], [ 2.21389, 41.47899 ], [ 2.21491, 41.47897 ], [ 2.21781, 41.47756 ], [ 2.21643, 41.4746 ], [ 2.21494, 41.47295 ], [ 2.21364, 41.47179 ], [ 2.21132, 41.47113 ] ] ] } },
{ "type": "Feature", "properties": { "id": "muni-molins-de-rei", "name": "Molins de Rei", "kind": "municipality" }, "geometry": { "type": "Polygon", "coordinates": [ [ [ 2.0056, 41.42144 ], [ 2.00713, 41.41795 ], [ 2.00812, 41.41408 ], [ 2.00901, 41.41199 ], [ 2.01444, 41.40456 ], [ 2.01976, 41.39555 ], [ 2.02102, 41.39302 ], [ 2.02182, 41.38978 ], [ 2.02291, 41.39015 ], [ 2.03478, 41.39662 ], [ 2.03532, 41.39721 ], [ 2.03489, 41.39797 ], [ 2.03264, 41.39988 ], [ 2.03469, 41.40096 ], [ 2.03778, 41.40369 ], [ 2.03911, 41.4042 ], [ 2.0409, 41.40704 ], [ 2.04115, 41.40817 ], [ 2.04318, 41.40822 ], [ 2.04427, 41.40887 ], [ 2.04525, 41.4087 ], [ 2.04562, 41.40954 ], [ 2.04743, 41.40985 ], [ 2.0482, 41.41055 ], [ 2.0495, 41.41067 ], [ 2.04892, 41.41129 ], [ 2.04893, 41.41173 ], [ 2.04803, 41.41153 ], [ 2.04736, 41.41182 ], [ 2.04856, 41.41386 ], [ 2.04901, 41.41403 ], [ 2.0496, 41.4137 ], [ 2.05188, 41.4148 ], [ 2.05357, 41.41458 ], [ 2.05464, 41.41395 ], [ 2.05695, 41.41606 ], [ 2.05728, 41.41829 ], [ 2.05638, 41.42048 ], [ 2.05646, 41.42136 ], [ 2.05551, 41.42229 ], [ 2.05464, 41.42241 ], [ 2.05316, 41.42366 ], [ 2.05259, 41.42379 ], [ 2.05243, 41.42444 ], [ 2.05326, 41.42501 ], [ 2.05679, 41.42581 ], [ 2.05766, 41.42642 ], [ 2.05769, 41.4279 ], [ 2.05845, 41.42919 ], [ 2.05842, 41.4313 ], [ 2.0576, 41.43345 ], [ 2.05789, 41.43381 ], [ 2.05749, 41.43468 ], [ 2.05767, 41.43581 ], [ 2.05936, 41.43539 ], [ 2.05971, 41.43789 ], [ 2.06179, 41.43754 ], [ 2.06332, 41.44129 ], [ 2.06414, 41.44206 ], [ 2.06383, 41.44336 ], [ 2.06137, 41.44502 ], [ 2.05616, 41.44458 ], [ 2.05548, 41.44528 ], [ 2.05435, 41.44548 ], [ 2.05327, 41.44505 ], [ 2.04962, 41.44457 ], [ 2.04677, 41.44494 ], [ 2.04481, 41.44443 ], [ 2.0411, 41.44433 ], [ 2.0405, 41.44421 ], [ 2.03825, 41.4425 ], [ 2.03321, 41.4418 ], [ 2.03295, 41.44169 ], [ 2.03261, 41.44008 ], [ 2.0328, 41.43915 ], [ 2.03007, 41.43757 ], [ 2.02992, 41.4367 ], [ 2.02906, 41.43565 ], [ 2.02826, 41.43363 ], [ 2.02745, 41.4329 ], [ 2.0264, 41.43258 ], [ 2.02525, 41.43146 ], [ 2.02418, 41.43145 ], [ 2.02258, 41.43084 ], [ 2.02218, 41.4303 ], [ 2.02077, 41.43042 ], [ 2.01944, 41.43004 ], [ 2.01926, 41.42974 ], [ 2.01974, 41.42929 ], [ 2.01862, 41.42866 ], [ 2.01846, 41.4276 ], [ 2.01791, 41.42726 ], [ 2.0171, 41.42788 ], [ 2.01073, 41.42583 ], [ 2.00818, 41.42449 ], [ 2.00911, 41.42171 ], [ 2.007, 41.42204 ], [ 2.0056, 41.42144 ] ] ] } },
{ "type": "Feature", "properties": { "id": "muni-sant-vicenç-dels-horts", "name": "Sant Vicenç dels Horts", "kind": "municipality" }, "geometry": { "type": "Polygon", "coordinates": [ [ [ 1.9886, 41.40833 ], [ 1.9897, 41.40716 ], [ 1.98979, 41.40637 ], [ 1.99118, 41.40454 ], [ 1.9926, 41.40373 ], [ 1.99342, 41.4038 ], [ 1.99537, 41.40174 ], [ 1.99509, 41.39655 ], [ 1.9947, 41.39589 ], [ 1.99194, 41.39441 ], [ 1.99092, 41.39408 ], [ 1.98923, 41.3941 ], [ 1.98858, 41.39372 ], [ 1.9868, 41.39105 ], [ 1.98569, 41.3901 ], [ 1.98594, 41.38903 ], [ 1.98295, 41.38649 ], [ 1.98099, 41.38245 ], [ 1.98092, 41.3815 ], [ 1.98183, 41.38058 ], [ 1.97879, 41.38023 ], [ 1.97924, 41.37851 ], [ 1.97977, 41.37778 ], [ 1.98032, 41.37744 ], [ 1.98227, 41.37737 ], [ 1.98434, 41.37661 ], [ 1.98534, 41.37561 ], [ 1.98891, 41.37679 ], [ 1.99065, 41.37589 ], [ 1.99454, 41.37558 ], [ 1.99694, 41.3732 ], [ 1.99957, 41.37211 ], [ 1.99986, 41.37159 ], [ 2.00201, 41.37642 ], [ 2.00174, 41.37697 ], [ 2.00284, 41.3779 ], [ 2.0064, 41.3792 ], [ 2.01164, 41.37883 ], [ 2.01387, 41.37914 ], [ 2.02665, 41.3832 ], [ 2.02585, 41.38463 ], [ 2.02182, 41.38978 ], [ 2.02102, 41.39302 ], [ 2.01976, 41.39555 ], [ 2.01444, 41.40456 ], [ 2.01093, 41.40966 ], [ 2.00971, 41.41098 ], [ 2.00314, 41.40913 ], [ 1.99913, 41.40618 ], [ 1.99823, 41.40584 ], [ 1.99476, 41.40737 ], [ 1.99252, 41.4089 ], [ 1.9907, 41.40937 ], [ 1.9886, 41.40833 ] ] ] } },
{ "type": "Feature", "properties": { "id": "muni-sant-adrià-de-besòs", "name": "Sant Adrià de Besòs", "kind": "municipality" }, "geometry": { "type": "Polygon", "coordinates": [ [ [ 2.21076, 41.43343 ], [ 2.20907, 41.43366 ], [ 2.2059, 41.43296 ], [ 2.20745, 41.42803 ], [ 2.20614, 41.42563 ], [ 2.20808, 41.42498 ], [ 2.20884, 41.42515 ], [ 2.20996, 41.42463 ], [ 2.21011, 41.42383 ], [ 2.21186, 41.42127 ], [ 2.216, 41.41862 ], [ 2.21741, 41.41671 ], [ 2.22125, 41.41322 ], [ 2.22074, 41.41258 ], [ 2.22479, 41.41219 ], [ 2.22797, 41.41279 ], [ 2.22731, 41.41343 ], [ 2.22604, 41.41361 ], [ 2.22554, 41.41284 ], [ 2.22503, 41.41323 ], [ 2.22656, 41.41406 ], [ 2.22645, 41.4143 ], [ 2.2275, 41.41546 ], [ 2.22923, 41.41336 ], [ 2.22865, 41.41296 ], [ 2.22987, 41.41349 ], [ 2.23057, 41.41261 ], [ 2.23, 41.41354 ], [ 2.23296, 41.41472 ], [ 2.22932, 41.40907 ], [ 2.2295, 41.40893 ], [ 2.23347, 41.41509 ], [ 2.23227, 41.4148 ], [ 2.23182, 41.41531 ], [ 2.23178, 41.41613 ], [ 2.23264, 41.41787 ], [ 2.23324, 41.41833 ], [ 2.23327, 41.41955 ], [ 2.2339, 41.42033 ], [ 2.23398, 41.42121 ], [ 2.23598, 41.42407 ], [ 2.23675, 41.42463 ], [ 2.23719, 41.42584 ], [ 2.23156, 41.43101 ], [ 2.22448, 41.42937 ], [ 2.22242, 41.43246 ], [ 2.22095, 41.43184 ], [ 2.21964, 41.43307 ], [ 2.21772, 41.43259 ], [ 2.21688, 41.43314 ], [ 2.21669, 41.43382 ], [ 2.21567, 41.4342 ], [ 2.21507, 41.4351 ], [ 2.21409, 41.43498 ], [ 2.21076, 41.43343 ] ] ] } },
{ "type": "Feature", "properties": { "id": "muni-viladecans", "name": "Viladecans", "kind": "municipality" }, "geometry": { "type": "Polygon", "coordinates": [ [ [ 1.98811, 41.31416 ], [ 1.98936, 41.31413 ], [ 1.99154, 41.31322 ], [ 1.99311, 41.31317 ], [ 1.9935, 41.31262 ], [ 1.99416, 41.31243 ], [ 2.00219, 41.31166 ], [ 2.00684, 41.30708 ], [ 2.00763, 41.30677 ], [ 2.00978, 41.30771 ], [ 2.01364, 41.3046 ], [ 2.01664, 41.30291 ], [ 2.02041, 41.3 ], [ 2.02418, 41.29547 ], [ 2.02382, 41.29366 ], [ 2.02267, 41.29289 ], [ 2.04657, 41.27031 ], [ 2.07125, 41.27607 ], [ 2.07452, 41.27641 ], [ 2.07298, 41.27894 ], [ 2.0708, 41.28117 ], [ 2.07026, 41.28294 ], [ 2.07021, 41.28528 ], [ 2.06636, 41.28834 ], [ 2.0622, 41.29045 ], [ 2.05888, 41.29163 ], [ 2.05591, 41.29768 ], [ 2.05436, 41.29755 ], [ 2.05373, 41.29892 ], [ 2.05241, 41.29877 ], [ 2.05045, 41.30458 ], [ 2.0488, 41.3054 ], [ 2.04904, 41.3064 ], [ 2.04711, 41.30901 ], [ 2.04583, 41.30931 ], [ 2.04351, 41.3115 ], [ 2.04403, 41.31189 ], [ 2.02147, 41.33226 ], [ 2.01956, 41.33337 ], [ 2.01705, 41.33625 ], [ 2.01544, 41.33725 ], [ 2.01295, 41.33781 ], [ 2.01107, 41.33781 ], [ 2.00982, 41.33719 ], [ 2.0094, 41.33627 ], [ 2.00899, 41.33337 ], [ 2.00799, 41.33084 ], [ 2.00404, 41.32648 ], [ 2.00119, 41.32575 ], [ 1.99743, 41.32304 ], [ 1.99474, 41.32296 ], [ 1.98911, 41.32122 ], [ 1.98906, 41.32065 ], [ 1.99039, 41.31897 ], [ 1.9892, 41.31739 ], [ 1.98811, 41.31416 ] ] ] } },
{ "type": "Feature", "properties": { "id": "muni-cervelló", "name": "Cervelló", "kind": "municipality" }, "geometry": { "type": "Polygon", "coordinates": [ [ [ 1.87578, 41.39894 ], [ 1.87483, 41.395 ], [ 1.87667, 41.38961 ], [ 1.87737, 41.38909 ], [ 1.88934, 41.38947 ], [ 1.89336, 41.39009 ], [ 1.89586, 41.38994 ], [ 1.90074, 41.39094 ], [ 1.90831, 41.38951 ], [ 1.91039, 41.38993 ], [ 1.91452, 41.38952 ], [ 1.91552, 41.38973 ], [ 1.91723, 41.38852 ], [ 1.91816, 41.3883 ], [ 1.92212, 41.3899 ], [ 1.92224, 41.39104 ], [ 1.92461, 41.39289 ], [ 1.92741, 41.39377 ], [ 1.92818, 41.39459 ], [ 1.92723, 41.39635 ], [ 1.92978, 41.39684 ], [ 1.93111, 41.39806 ], [ 1.93234, 41.39764 ], [ 1.93302, 41.39813 ], [ 1.93326, 41.39873 ], [ 1.93619, 41.3984 ], [ 1.93921, 41.39741 ], [ 1.94073, 41.3963 ], [ 1.94148, 41.39463 ], [ 1.94339, 41.39206 ], [ 1.94447, 41.38954 ], [ 1.94566, 41.38904 ], [ 1.94853, 41.38501 ], [ 1.94924, 41.37864 ], [ 1.94832, 41.37791 ], [ 1.94932, 41.37666 ], [ 1.94926, 41.37567 ], [ 1.95057, 41.37482 ], [ 1.95004, 41.37241 ], [ 1.95028, 41.37198 ], [ 1.95012, 41.37086 ], [ 1.95063, 41.36985 ], [ 1.95177, 41.36886 ], [ 1.95462, 41.36738 ], [ 1.9635, 41.36549 ], [ 1.9647, 41.36467 ], [ 1.96629, 41.36546 ], [ 1.96964, 41.36637 ], [ 1.97185, 41.36661 ], [ 1.97339, 41.36729 ], [ 1.97627, 41.36728 ], [ 1.97925, 41.36857 ], [ 1.9805, 41.36858 ], [ 1.98159, 41.36931 ], [ 1.9811, 41.36962 ], [ 1.98254, 41.37175 ], [ 1.98198, 41.37245 ], [ 1.98614, 41.37255 ], [ 1.98855, 41.37405 ], [ 1.99065, 41.37589 ], [ 1.98891, 41.37679 ], [ 1.98534, 41.37561 ], [ 1.98434, 41.37661 ], [ 1.98227, 41.37737 ], [ 1.98032, 41.37744 ], [ 1.97924, 41.37851 ], [ 1.97879, 41.38023 ], [ 1.98183, 41.38058 ], [ 1.98092, 41.3815 ], [ 1.98099, 41.38245 ], [ 1.98295, 41.38649 ], [ 1.98594, 41.38903 ], [ 1.98569, 41.3901 ], [ 1.9868, 41.39105 ], [ 1.98858, 41.39372 ], [ 1.98923, 41.3941 ], [ 1.99092, 41.39408 ], [ 1.99194, 41.39441 ], [ 1.9947, 41.39589 ], [ 1.99509, 41.39655 ], [ 1.99549, 41.4013 ], [ 1.99515, 41.4021 ], [ 1.99342, 41.4038 ], [ 1.9926, 41.40373 ], [ 1.99118, 41.40454 ], [ 1.98979, 41.40637 ], [ 1.9897, 41.40716 ], [ 1.98916, 41.40758 ], [ 1.98684, 41.40493 ], [ 1.98576, 41.40172 ], [ 1.98471, 41.40066 ], [ 1.98292, 41.39972 ], [ 1.98171, 41.40002 ], [ 1.97983, 41.39988 ], [ 1.97882, 41.40086 ], [ 1.97408, 41.40084 ], [ 1.97383, 41.40177 ], [ 1.97261, 41.40328 ], [ 1.96951, 41.40404 ], [ 1.96866, 41.40475 ], [ 1.96654, 41.40494 ], [ 1.96707, 41.4053 ], [ 1.96664, 41.40598 ], [ 1.96684, 41.4065 ], [ 1.96661, 41.40664 ], [ 1.96586, 41.40592 ], [ 1.96438, 41.40611 ], [ 1.96387, 41.40717 ], [ 1.96322, 41.40711 ], [ 1.96413, 41.40813 ], [ 1.96178, 41.40883 ], [ 1.96012, 41.40875 ], [ 1.95504, 41.40679 ], [ 1.95373, 41.40577 ], [ 1.95311, 41.4046 ], [ 1.95205, 41.40355 ], [ 1.94984, 41.40284 ], [ 1.94925, 41.40289 ], [ 1.94901, 41.40346 ], [ 1.94583, 41.40366 ], [ 1.94605, 41.40495 ], [ 1.94512, 41.40693 ], [ 1.94207, 41.40712 ], [ 1.93821, 41.4049 ], [ 1.93825, 41.40678 ], [ 1.93973, 41.40788 ], [ 1.94084, 41.40997 ], [ 1.93994, 41.4125 ], [ 1.93984, 41.41443 ], [ 1.93883, 41.41469 ], [ 1.93741, 41.41452 ], [ 1.93644, 41.41495 ], [ 1.93665, 41.41521 ], [ 1.93537, 41.41452 ], [ 1.93343, 41.41494 ], [ 1.93252, 41.4147 ], [ 1.9311, 41.4136 ], [ 1.9293, 41.41286 ], [ 1.92825, 41.41192 ], [ 1.92706, 41.41148 ], [ 1.92607, 41.40979 ], [ 1.92506, 41.40932 ], [ 1.92455, 41.40845 ], [ 1.92356, 41.40783 ], [ 1.92176, 41.4091 ], [ 1.92048, 41.4073 ], [ 1.92046, 41.40678 ], [ 1.91906, 41.40683 ], [ 1.91734, 41.40614 ], [ 1.91569, 41.40652 ], [ 1.91526, 41.40616 ], [ 1.91528, 41.4054 ], [ 1.91459, 41.40504 ], [ 1.91125, 41.40551 ], [ 1.90862, 41.40448 ], [ 1.90465, 41.40465 ], [ 1.90005, 41.40715 ], [ 1.89939, 41.40845 ], [ 1.8968, 41.40759 ], [ 1.89404, 41.4076 ], [ 1.89258, 41.40678 ], [ 1.8892, 41.40818 ], [ 1.88495, 41.40814 ], [ 1.88337, 41.40722 ], [ 1.8826, 41.40563 ], [ 1.87933, 41.40531 ], [ 1.87762, 41.40417 ], [ 1.87751, 41.40255 ], [ 1.87656, 41.40142 ], [ 1.87634, 41.40091 ], [ 1.87655, 41.40001 ], [ 1.87578, 41.39894 ] ] ] } },
{ "type": "Feature", "properties": { "id": "muni-badia-del-vallès", "name": "Badia del Vallès", "kind": "municipality" }, "geometry": { "type": "Polygon", "coordinates": [ [ [ 2.10701, 41.50771 ], [ 2.10903, 41.50663 ], [ 2.10992, 41.50504 ], [ 2.11742, 41.50395 ], [ 2.12033, 41.5027 ], [ 2.126, 41.50624 ], [ 2.12478, 41.5072 ], [ 2.12368, 41.50691 ], [ 2.1227, 41.50565 ], [ 2.11349, 41.51235 ], [ 2.11317, 41.51357 ], [ 2.11603, 41.51498 ], [ 2.11215, 41.51822 ], [ 2.11187, 41.51625 ], [ 2.11264, 41.5142 ], [ 2.11253, 41.51375 ], [ 2.11078, 41.51161 ], [ 2.10979, 41.51128 ], [ 2.10894, 41.51042 ], [ 2.10874, 41.50936 ], [ 2.10554, 41.50871 ], [ 2.10701, 41.50771 ] ] ] } },
{ "type": "Feature", "properties": { "id": "muni-esplugues-de-llobregat", "name": "Esplugues de Llobregat", "kind": "municipality" }, "geometry": { "type": "Polygon", "coordinates": [ [ [ 2.07523, 41.3734 ], [ 2.07843, 41.37069 ], [ 2.08062, 41.36726 ], [ 2.08146, 41.36788 ], [ 2.08355, 41.36587 ], [ 2.08532, 41.3659 ], [ 2.08678, 41.36678 ], [ 2.0882, 41.36894 ], [ 2.09218, 41.3689 ], [ 2.09241, 41.36793 ], [ 2.09412, 41.36695 ], [ 2.09905, 41.36863 ], [ 2.0986, 41.3702 ], [ 2.10111, 41.37394 ], [ 2.10109, 41.37446 ], [ 2.09987, 41.37634 ], [ 2.1022, 41.37731 ], [ 2.10352, 41.37865 ], [ 2.10288, 41.38061 ], [ 2.10116, 41.38236 ], [ 2.1021, 41.38754 ], [ 2.10071, 41.38815 ], [ 2.10028, 41.38875 ], [ 2.09962, 41.39209 ], [ 2.09779, 41.39396 ], [ 2.09695, 41.39435 ], [ 2.09388, 41.39394 ], [ 2.09034, 41.3908 ], [ 2.08968, 41.38987 ], [ 2.08718, 41.38965 ], [ 2.08548, 41.38887 ], [ 2.08419, 41.38774 ], [ 2.08431, 41.3873 ], [ 2.08384, 41.38718 ], [ 2.08393, 41.3853 ], [ 2.08308, 41.38413 ], [ 2.08333, 41.38389 ], [ 2.08287, 41.38281 ], [ 2.08202, 41.38295 ], [ 2.08188, 41.38151 ], [ 2.08027, 41.38091 ], [ 2.08076, 41.3789 ], [ 2.08014, 41.37744 ], [ 2.0766, 41.37556 ], [ 2.07523, 41.3734 ] ] ] } },
{ "type": "Feature", "properties": { "id": "muni-montcada-i-reixac", "name": "Montcada i Reixac", "kind": "municipality" }, "geometry": { "type": "MultiPolygon", "coordinates": [ [ [ [ 2.159, 41.50739 ], [ 2.16102, 41.50614 ], [ 2.1634, 41.50336 ], [ 2.16805, 41.49636 ], [ 2.17069, 41.49493 ], [ 2.17027, 41.4944 ], [ 2.17317, 41.49242 ], [ 2.17258, 41.49143 ], [ 2.16908, 41.48896 ], [ 2.16521, 41.48944 ], [ 2.16387, 41.49005 ], [ 2.16085, 41.49035 ], [ 2.16054, 41.49026 ], [ 2.15983, 41.48886 ], [ 2.15812, 41.48804 ], [ 2.15559, 41.48859 ], [ 2.15433, 41.48952 ], [ 2.15269, 41.48947 ], [ 2.1535, 41.48821 ], [ 2.15838, 41.48516 ], [ 2.16005, 41.48456 ], [ 2.15753, 41.48156 ], [ 2.15799, 41.47981 ], [ 2.15429, 41.47523 ], [ 2.1557, 41.47462 ], [ 2.1572, 41.47182 ], [ 2.15593, 41.46697 ], [ 2.15647, 41.46692 ], [ 2.15867, 41.46831 ], [ 2.15818, 41.4671 ], [ 2.15979, 41.46568 ], [ 2.15962, 41.46415 ], [ 2.15781, 41.46126 ], [ 2.15792, 41.4595 ], [ 2.15716, 41.45867 ], [ 2.15711, 41.45633 ], [ 2.15814, 41.45528 ], [ 2.15823, 41.4542 ], [ 2.15851, 41.45394 ], [ 2.15584, 41.44993 ], [ 2.15756, 41.44962 ], [ 2.15897, 41.45052 ], [ 2.15956, 41.45052 ], [ 2.16186, 41.45026 ], [ 2.16298, 41.44977 ], [ 2.16414, 41.44982 ], [ 2.16445, 41.45069 ], [ 2.1656, 41.45158 ], [ 2.1648, 41.45268 ], [ 2.16492, 41.45477 ], [ 2.16441, 41.45512 ], [ 2.16423, 41.45604 ], [ 2.1658, 41.45842 ], [ 2.16616, 41.45847 ], [ 2.16752, 41.45993 ], [ 2.16733, 41.46068 ], [ 2.16826, 41.4607 ], [ 2.16832, 41.46028 ], [ 2.17122, 41.46121 ], [ 2.17141, 41.46082 ], [ 2.17407, 41.46256 ], [ 2.17435, 41.46348 ], [ 2.17492, 41.46385 ], [ 2.17573, 41.46373 ], [ 2.18071, 41.46494 ], [ 2.17894, 41.46653 ], [ 2.17869, 41.46818 ], [ 2.17941, 41.46759 ], [ 2.18379, 41.4683 ], [ 2.18538, 41.4678 ], [ 2.18706, 41.46772 ], [ 2.18904, 41.4707 ], [ 2.19022, 41.47039 ], [ 2.19113, 41.47113 ], [ 2.19263, 41.47151 ], [ 2.19359, 41.47222 ], [ 2.19588, 41.47242 ], [ 2.19901, 41.47329 ], [ 2.20002, 41.4733 ], [ 2.20235, 41.47187 ], [ 2.20667, 41.47024 ], [ 2.20959, 41.47039 ], [ 2.21152, 41.47132 ], [ 2.21276, 41.47139 ], [ 2.21364, 41.47179 ], [ 2.21643, 41.4746 ], [ 2.21781, 41.47756 ], [ 2.21491, 41.47897 ], [ 2.21389, 41.47899 ], [ 2.21282, 41.47945 ], [ 2.21193, 41.48037 ], [ 2.21245, 41.48137 ], [ 2.21532, 41.48298 ], [ 2.21534, 41.48356 ], [ 2.21662, 41.48553 ], [ 2.21568, 41.48703 ], [ 2.21723, 41.48831 ], [ 2.21838, 41.48823 ], [ 2.21924, 41.48877 ], [ 2.22051, 41.48896 ], [ 2.22325, 41.49043 ], [ 2.22486, 41.49223 ], [ 2.22332, 41.49582 ], [ 2.21902, 41.49655 ], [ 2.21067, 41.49892 ], [ 2.2073, 41.50186 ], [ 2.20381, 41.5039 ], [ 2.20231, 41.50214 ], [ 2.20038, 41.50086 ], [ 2.19797, 41.5042 ], [ 2.19358, 41.50782 ], [ 2.19048, 41.51201 ], [ 2.18927, 41.51421 ], [ 2.18904, 41.51567 ], [ 2.18853, 41.51628 ], [ 2.18645, 41.51706 ], [ 2.18377, 41.51709 ], [ 2.18158, 41.51761 ], [ 2.17772, 41.51922 ], [ 2.17712, 41.51982 ], [ 2.17499, 41.52077 ], [ 2.17441, 41.5205 ], [ 2.17429, 41.52009 ], [ 2.17423, 41.51767 ], [ 2.17208, 41.51728 ], [ 2.17156, 41.51675 ], [ 2.1713, 41.51538 ], [ 2.17092, 41.51511 ], [ 2.1695, 41.51499 ], [ 2.16629, 41.51573 ], [ 2.16549, 41.51546 ], [ 2.16266, 41.51613 ], [ 2.1625, 41.51343 ], [ 2.16164, 41.51195 ], [ 2.16172, 41.5108 ], [ 2.1609, 41.5102 ], [ 2.16126, 41.50876 ], [ 2.159, 41.50739 ] ] ], [ [ [ 2.19624, 41.57498 ], [ 2.19513, 41.57395 ], [ 2.18878, 41.57333 ], [ 2.18648, 41.57254 ], [ 2.18761, 41.56627 ], [ 2.1904, 41.56632 ], [ 2.19038, 41.56718 ], [ 2.19124, 41.56745 ], [ 2.19157, 41.56703 ], [ 2.19331, 41.56748 ], [ 2.19363, 41.56926 ], [ 2.19417, 41.56957 ], [ 2.19444, 41.57023 ], [ 2.19703, 41.57156 ], [ 2.19648, 41.57286 ], [ 2.19767, 41.5732 ], [ 2.19624, 41.57498 ] ] ] ] } },
{ "type": "Feature", "properties": { "id": "muni-begues", "name": "Begues", "kind": "municipality" }, "geometry": { "type": "Polygon", "coordinates": [ [ [ 1.84774, 41.31935 ], [ 1.84975, 41.31812 ], [ 1.85036, 41.31615 ], [ 1.84817, 41.31278 ], [ 1.84815, 41.3093 ], [ 1.84673, 41.30641 ], [ 1.85102, 41.30181 ], [ 1.85444, 41.30045 ], [ 1.854, 41.2993 ], [ 1.85508, 41.29875 ], [ 1.85635, 41.29891 ], [ 1.8588, 41.29803 ], [ 1.85934, 41.29909 ], [ 1.86009, 41.29925 ], [ 1.86148, 41.29854 ], [ 1.86176, 41.29701 ], [ 1.86237, 41.29645 ], [ 1.86431, 41.2961 ], [ 1.86917, 41.29621 ], [ 1.87289, 41.29346 ], [ 1.87133, 41.29127 ], [ 1.86931, 41.28121 ], [ 1.87103, 41.28054 ], [ 1.87138, 41.27883 ], [ 1.87382, 41.27939 ], [ 1.8828, 41.27823 ], [ 1.88429, 41.27937 ], [ 1.88574, 41.28002 ], [ 1.88558, 41.28189 ], [ 1.88711, 41.28196 ], [ 1.88923, 41.28343 ], [ 1.89185, 41.2825 ], [ 1.90141, 41.28021 ], [ 1.90563, 41.28269 ], [ 1.90842, 41.28245 ], [ 1.91123, 41.28493 ], [ 1.91323, 41.28835 ], [ 1.92933, 41.29414 ], [ 1.93118, 41.30196 ], [ 1.94547, 41.31752 ], [ 1.95416, 41.32311 ], [ 1.95929, 41.32497 ], [ 1.95969, 41.32575 ], [ 1.96131, 41.3269 ], [ 1.96116, 41.32871 ], [ 1.95962, 41.32917 ], [ 1.95834, 41.33008 ], [ 1.95825, 41.33072 ], [ 1.95914, 41.33335 ], [ 1.94919, 41.33493 ], [ 1.94687, 41.33659 ], [ 1.94433, 41.3368 ], [ 1.94351, 41.33733 ], [ 1.94496, 41.34148 ], [ 1.9439, 41.3445 ], [ 1.94418, 41.35002 ], [ 1.93958, 41.35067 ], [ 1.93803, 41.35143 ], [ 1.93416, 41.3511 ], [ 1.93151, 41.35037 ], [ 1.92708, 41.35084 ], [ 1.92338, 41.35204 ], [ 1.91904, 41.35235 ], [ 1.91618, 41.35296 ], [ 1.91209, 41.35434 ], [ 1.9112, 41.35582 ], [ 1.91076, 41.3533 ], [ 1.90988, 41.35244 ], [ 1.90634, 41.35279 ], [ 1.90391, 41.35481 ], [ 1.90133, 41.3549 ], [ 1.89999, 41.35563 ], [ 1.8979, 41.35482 ], [ 1.89664, 41.35315 ], [ 1.89587, 41.35148 ], [ 1.89403, 41.35075 ], [ 1.89192, 41.35052 ], [ 1.88939, 41.34798 ], [ 1.88329, 41.34511 ], [ 1.88243, 41.34388 ], [ 1.88014, 41.34421 ], [ 1.87711, 41.344 ], [ 1.87364, 41.34429 ], [ 1.86979, 41.34265 ], [ 1.86935, 41.34202 ], [ 1.87061, 41.34049 ], [ 1.87155, 41.33855 ], [ 1.86702, 41.33653 ], [ 1.86498, 41.3352 ], [ 1.86199, 41.33431 ], [ 1.86102, 41.33374 ], [ 1.85979, 41.33207 ], [ 1.86014, 41.3303 ], [ 1.85946, 41.32961 ], [ 1.8581, 41.32933 ], [ 1.85749, 41.32793 ], [ 1.85611, 41.32708 ], [ 1.85254, 41.32001 ], [ 1.85157, 41.31924 ], [ 1.85057, 41.31906 ], [ 1.84774, 41.31935 ] ] ] } },
{ "type": "Feature", "properties": { "id": "muni-sant-feliu-de-llobregat", "name": "Sant Feliu de Llobregat", "kind": "municipality" }, "geometry": { "type": "Polygon", "coordinates": [ [ [ 2.02182, 41.38978 ], [ 2.02621, 41.38408 ], [ 2.02763, 41.37999 ], [ 2.02843, 41.37858 ], [ 2.03358, 41.37213 ], [ 2.03565, 41.37017 ], [ 2.03648, 41.37097 ], [ 2.04683, 41.37546 ], [ 2.05211, 41.37942 ], [ 2.05655, 41.38033 ], [ 2.05591, 41.38118 ], [ 2.05944, 41.38311 ], [ 2.05759, 41.38582 ], [ 2.058, 41.38662 ], [ 2.05787, 41.38838 ], [ 2.06072, 41.39039 ], [ 2.05948, 41.39289 ], [ 2.0636, 41.39455 ], [ 2.065, 41.39577 ], [ 2.06538, 41.39666 ], [ 2.06983, 41.39694 ], [ 2.07641, 41.40014 ], [ 2.07777, 41.40287 ], [ 2.07757, 41.40317 ], [ 2.07597, 41.40336 ], [ 2.07484, 41.403 ], [ 2.07363, 41.40362 ], [ 2.07244, 41.40353 ], [ 2.06994, 41.40717 ], [ 2.07168, 41.40724 ], [ 2.07209, 41.40756 ], [ 2.07139, 41.40847 ], [ 2.07132, 41.40921 ], [ 2.07209, 41.411 ], [ 2.07342, 41.41193 ], [ 2.0758, 41.41256 ], [ 2.0765, 41.41385 ], [ 2.07734, 41.41463 ], [ 2.07858, 41.41498 ], [ 2.07615, 41.41608 ], [ 2.07522, 41.41592 ], [ 2.07428, 41.41656 ], [ 2.07387, 41.41758 ], [ 2.07233, 41.41827 ], [ 2.07082, 41.41834 ], [ 2.07049, 41.41881 ], [ 2.06757, 41.41816 ], [ 2.06406, 41.41811 ], [ 2.06496, 41.41631 ], [ 2.06362, 41.41351 ], [ 2.06198, 41.41362 ], [ 2.06099, 41.41267 ], [ 2.05851, 41.41286 ], [ 2.05906, 41.41217 ], [ 2.05878, 41.41091 ], [ 2.05762, 41.41055 ], [ 2.05624, 41.41076 ], [ 2.05522, 41.41207 ], [ 2.05456, 41.41409 ], [ 2.05357, 41.41458 ], [ 2.05188, 41.4148 ], [ 2.0496, 41.4137 ], [ 2.04901, 41.41403 ], [ 2.04856, 41.41386 ], [ 2.04736, 41.41182 ], [ 2.04803, 41.41153 ], [ 2.04893, 41.41173 ], [ 2.04892, 41.41129 ], [ 2.0495, 41.41067 ], [ 2.0482, 41.41055 ], [ 2.04743, 41.40985 ], [ 2.04562, 41.40954 ], [ 2.04525, 41.4087 ], [ 2.04427, 41.40887 ], [ 2.04318, 41.40822 ], [ 2.04115, 41.40817 ], [ 2.0409, 41.40704 ], [ 2.03911, 41.4042 ], [ 2.03778, 41.40369 ], [ 2.03469, 41.40096 ], [ 2.03264, 41.39988 ], [ 2.03489, 41.39797 ], [ 2.03532, 41.39721 ], [ 2.03478, 41.39662 ], [ 2.02182, 41.38978 ] ] ] } },
{ "type": "Feature", "properties": { "id": "muni-santa-coloma-de-gramenet", "name": "Santa Coloma de Gramenet", "kind": "municipality" }, "geometry": { "type": "Polygon", "coordinates": [ [ [ 2.18706, 41.46772 ], [ 2.18768, 41.4618 ], [ 2.18883, 41.45927 ], [ 2.19171, 41.45655 ], [ 2.19957, 41.45072 ], [ 2.2063, 41.44381 ], [ 2.20799, 41.4411 ], [ 2.20963, 41.43576 ], [ 2.21076, 41.43343 ], [ 2.21409, 41.43498 ], [ 2.21507, 41.4351 ], [ 2.21314, 41.43695 ], [ 2.21276, 41.43968 ], [ 2.21366, 41.44041 ], [ 2.21434, 41.44165 ], [ 2.21553, 41.44231 ], [ 2.21799, 41.44474 ], [ 2.21924, 41.44562 ], [ 2.22016, 41.44546 ], [ 2.22068, 41.44706 ], [ 2.22179, 41.44837 ], [ 2.22322, 41.44863 ], [ 2.217, 41.4578 ], [ 2.21839, 41.45909 ], [ 2.21833, 41.46032 ], [ 2.21932, 41.46075 ], [ 2.22042, 41.46058 ], [ 2.2209, 41.46084 ], [ 2.22111, 41.46124 ], [ 2.22031, 41.46261 ], [ 2.22164, 41.46384 ], [ 2.22161, 41.46519 ], [ 2.21132, 41.47113 ], [ 2.20959, 41.47039 ], [ 2.20667, 41.47024 ], [ 2.20235, 41.47187 ], [ 2.20002, 41.4733 ], [ 2.19359, 41.47222 ], [ 2.19263, 41.47151 ], [ 2.19113, 41.47113 ], [ 2.19022, 41.47039 ], [ 2.18904, 41.4707 ], [ 2.18706, 41.46772 ] ] ] } },
{ "type": "Feature", "properties": { "id": "muni-sant-cugat-del-vallès", "name": "Sant Cugat del Vallès", "kind": "municipality" }, "geometry": { "type": "Polygon", "coordinates": [ [ [ 1.99973, 41.46024 ], [ 2.01052, 41.45665 ], [ 2.01122, 41.45796 ], [ 2.01242, 41.45835 ], [ 2.01399, 41.45813 ], [ 2.01557, 41.45898 ], [ 2.0168, 41.45845 ], [ 2.01847, 41.45821 ], [ 2.01982, 41.45839 ], [ 2.02086, 41.45773 ], [ 2.02357, 41.45747 ], [ 2.02409, 41.45671 ], [ 2.0235, 41.4548 ], [ 2.02451, 41.45308 ], [ 2.02459, 41.4519 ], [ 2.02372, 41.45069 ], [ 2.02519, 41.44937 ], [ 2.02566, 41.4494 ], [ 2.02592, 41.44841 ], [ 2.02683, 41.44771 ], [ 2.02708, 41.44683 ], [ 2.0282, 41.4464 ], [ 2.02999, 41.44633 ], [ 2.03114, 41.44566 ], [ 2.03156, 41.44267 ], [ 2.03295, 41.44169 ], [ 2.03825, 41.4425 ], [ 2.0405, 41.44421 ], [ 2.04286, 41.44456 ], [ 2.04481, 41.44443 ], [ 2.04677, 41.44494 ], [ 2.04962, 41.44457 ], [ 2.05327, 41.44505 ], [ 2.05435, 41.44548 ], [ 2.05548, 41.44528 ], [ 2.05616, 41.44458 ], [ 2.06137, 41.44502 ], [ 2.06383, 41.44336 ], [ 2.06421, 41.44229 ], [ 2.06332, 41.44129 ], [ 2.06179, 41.43754 ], [ 2.05971, 41.43789 ], [ 2.05928, 41.43574 ], [ 2.0596, 41.43463 ], [ 2.06026, 41.43403 ], [ 2.06189, 41.43342 ], [ 2.06312, 41.4335 ], [ 2.06306, 41.43303 ], [ 2.06353, 41.43307 ], [ 2.06327, 41.43233 ], [ 2.06348, 41.43119 ], [ 2.06438, 41.42999 ], [ 2.06577, 41.43006 ], [ 2.06758, 41.42954 ], [ 2.06779, 41.42886 ], [ 2.06678, 41.42756 ], [ 2.06684, 41.42644 ], [ 2.06959, 41.42508 ], [ 2.06929, 41.42341 ], [ 2.06976, 41.4226 ], [ 2.07014, 41.41943 ], [ 2.07082, 41.41834 ], [ 2.07233, 41.41827 ], [ 2.07387, 41.41758 ], [ 2.07428, 41.41656 ], [ 2.07522, 41.41592 ], [ 2.07615, 41.41608 ], [ 2.07858, 41.41498 ], [ 2.07946, 41.41623 ], [ 2.07827, 41.41802 ], [ 2.07878, 41.41894 ], [ 2.07727, 41.41873 ], [ 2.07661, 41.41994 ], [ 2.07688, 41.42103 ], [ 2.07512, 41.42219 ], [ 2.07994, 41.42293 ], [ 2.0802, 41.42413 ], [ 2.07812, 41.42492 ], [ 2.07428, 41.42477 ], [ 2.07273, 41.4251 ], [ 2.07314, 41.42754 ], [ 2.0766, 41.42875 ], [ 2.07527, 41.42964 ], [ 2.07456, 41.42968 ], [ 2.07419, 41.43019 ], [ 2.07205, 41.43134 ], [ 2.0717, 41.43183 ], [ 2.07184, 41.43249 ], [ 2.07083, 41.43448 ], [ 2.07116, 41.43588 ], [ 2.07263, 41.43642 ], [ 2.07312, 41.43632 ], [ 2.07277, 41.43542 ], [ 2.07423, 41.43527 ], [ 2.07499, 41.43483 ], [ 2.07497, 41.43366 ], [ 2.07531, 41.43303 ], [ 2.07997, 41.4318 ], [ 2.08026, 41.43163 ], [ 2.08014, 41.43084 ], [ 2.08049, 41.43061 ], [ 2.081, 41.43077 ], [ 2.08157, 41.43176 ], [ 2.08221, 41.43183 ], [ 2.08268, 41.43088 ], [ 2.084, 41.43077 ], [ 2.08374, 41.43005 ], [ 2.08572, 41.4289 ], [ 2.08714, 41.4287 ], [ 2.08816, 41.42818 ], [ 2.08893, 41.42917 ], [ 2.09016, 41.42883 ], [ 2.09219, 41.42994 ], [ 2.09479, 41.43321 ], [ 2.09601, 41.43336 ], [ 2.09663, 41.43264 ], [ 2.09871, 41.43172 ], [ 2.09896, 41.4303 ], [ 2.10091, 41.42989 ], [ 2.1032, 41.42823 ], [ 2.1055, 41.42892 ], [ 2.11055, 41.42839 ], [ 2.11314, 41.42869 ], [ 2.11517, 41.4276 ], [ 2.11525, 41.42701 ], [ 2.11952, 41.42565 ], [ 2.1199, 41.42591 ], [ 2.12071, 41.42579 ], [ 2.12211, 41.42713 ], [ 2.12216, 41.4278 ], [ 2.12486, 41.43049 ], [ 2.12721, 41.43344 ], [ 2.12791, 41.43371 ], [ 2.12861, 41.43564 ], [ 2.12852, 41.43649 ], [ 2.12931, 41.43841 ], [ 2.12938, 41.43998 ], [ 2.12982, 41.4408 ], [ 2.12941, 41.44204 ], [ 2.12994, 41.44303 ], [ 2.12574, 41.44544 ], [ 2.12365, 41.4473 ], [ 2.12195, 41.44792 ], [ 2.11976, 41.45029 ], [ 2.11963, 41.4526 ], [ 2.11921, 41.4535 ], [ 2.11982, 41.45576 ], [ 2.11797, 41.45649 ], [ 2.1177, 41.45865 ], [ 2.1169, 41.45898 ], [ 2.11669, 41.45987 ], [ 2.1159, 41.46002 ], [ 2.11618, 41.46317 ], [ 2.11702, 41.46438 ], [ 2.11743, 41.46603 ], [ 2.11513, 41.46578 ], [ 2.11195, 41.46603 ], [ 2.1067, 41.46786 ], [ 2.10608, 41.46849 ], [ 2.10555, 41.47025 ], [ 2.10457, 41.47174 ], [ 2.10461, 41.47281 ], [ 2.10229, 41.47364 ], [ 2.09543, 41.4802 ], [ 2.08245, 41.48882 ], [ 2.07897, 41.49517 ], [ 2.07446, 41.49748 ], [ 2.07463, 41.498 ], [ 2.07436, 41.49901 ], [ 2.0752, 41.50041 ], [ 2.07481, 41.50155 ], [ 2.07529, 41.50261 ], [ 2.07494, 41.50467 ], [ 2.07536, 41.50596 ], [ 2.0751, 41.50681 ], [ 2.07239, 41.50692 ], [ 2.06964, 41.50832 ], [ 2.06721, 41.5103 ], [ 2.0665, 41.51044 ], [ 2.06448, 41.51298 ], [ 2.06433, 41.51605 ], [ 2.06461, 41.51658 ], [ 2.06464, 41.51834 ], [ 2.06456, 41.51928 ], [ 2.06413, 41.51985 ], [ 2.05806, 41.51855 ], [ 2.05673, 41.51616 ], [ 2.05286, 41.51383 ], [ 2.0512, 41.51225 ], [ 2.05455, 41.50976 ], [ 2.05444, 41.50835 ], [ 2.05518, 41.50722 ], [ 2.0554, 41.50571 ], [ 2.0558, 41.50502 ], [ 2.0556, 41.50453 ], [ 2.05588, 41.50277 ], [ 2.05392, 41.50288 ], [ 2.05235, 41.50039 ], [ 2.05223, 41.49803 ], [ 2.05106, 41.49704 ], [ 2.05063, 41.49587 ], [ 2.04995, 41.49527 ], [ 2.05003, 41.49353 ], [ 2.04961, 41.49304 ], [ 2.04966, 41.49212 ], [ 2.04906, 41.49053 ], [ 2.04949, 41.48888 ], [ 2.04858, 41.48701 ], [ 2.04777, 41.48607 ], [ 2.04502, 41.48581 ], [ 2.04309, 41.48477 ], [ 2.04206, 41.48272 ], [ 2.04186, 41.48118 ], [ 2.04143, 41.48072 ], [ 2.03991, 41.48082 ], [ 2.03828, 41.47822 ], [ 2.03823, 41.47739 ], [ 2.03901, 41.477 ], [ 2.03914, 41.47662 ], [ 2.03676, 41.47411 ], [ 2.03566, 41.47339 ], [ 2.03568, 41.47264 ], [ 2.03498, 41.47175 ], [ 2.03395, 41.47115 ], [ 2.03349, 41.47004 ], [ 2.03161, 41.46862 ], [ 2.02772, 41.46666 ], [ 2.02361, 41.4682 ], [ 2.02033, 41.46898 ], [ 2.01774, 41.46876 ], [ 2.01543, 41.46682 ], [ 2.01464, 41.46505 ], [ 2.0148, 41.46404 ], [ 2.01411, 41.46321 ], [ 2.01154, 41.4622 ], [ 2.00847, 41.46156 ], [ 2.00238, 41.4616 ], [ 1.99973, 41.46024 ] ] ] } },
{ "type": "Feature", "properties": { "id": "muni-castellbisbal", "name": "Castellbisbal", "kind": "municipality" }, "geometry": { "type": "Polygon", "coordinates": [ [ [ 1.9223, 41.49542 ], [ 1.92154, 41.49288 ], [ 1.92165, 41.49136 ], [ 1.92231, 41.48972 ], [ 1.92423, 41.48812 ], [ 1.93137, 41.48614 ], [ 1.93225, 41.48563 ], [ 1.93376, 41.48294 ], [ 1.93351, 41.48049 ], [ 1.93401, 41.47926 ], [ 1.94165, 41.47051 ], [ 1.94488, 41.46772 ], [ 1.94649, 41.46748 ], [ 1.94807, 41.46946 ], [ 1.95074, 41.47176 ], [ 1.95167, 41.46897 ], [ 1.95121, 41.46794 ], [ 1.95166, 41.4677 ], [ 1.95085, 41.46701 ], [ 1.95274, 41.46533 ], [ 1.95717, 41.4623 ], [ 1.96158, 41.45973 ], [ 1.96869, 41.46386 ], [ 1.97329, 41.46371 ], [ 1.9756, 41.45993 ], [ 1.97674, 41.45603 ], [ 1.97728, 41.45103 ], [ 1.97839, 41.44915 ], [ 1.97989, 41.44815 ], [ 1.98157, 41.44569 ], [ 1.99258, 41.43803 ], [ 1.99391, 41.43671 ], [ 1.99408, 41.43559 ], [ 1.99509, 41.43628 ], [ 1.99596, 41.43993 ], [ 1.99615, 41.44282 ], [ 1.99557, 41.4498 ], [ 1.99572, 41.45141 ], [ 1.9968, 41.45295 ], [ 1.99954, 41.45453 ], [ 2.00105, 41.45611 ], [ 2.00071, 41.45707 ], [ 1.99898, 41.45886 ], [ 1.9992, 41.45984 ], [ 2.00238, 41.4616 ], [ 2.00355, 41.46318 ], [ 2.00482, 41.46297 ], [ 2.00562, 41.46326 ], [ 2.00581, 41.4681 ], [ 2.0056, 41.46894 ], [ 2.00463, 41.46959 ], [ 2.00351, 41.47191 ], [ 2.00282, 41.47189 ], [ 2.0028, 41.47326 ], [ 1.99832, 41.47275 ], [ 1.99701, 41.47465 ], [ 1.99674, 41.4754 ], [ 1.99708, 41.47808 ], [ 1.99629, 41.47945 ], [ 1.9963, 41.48102 ], [ 1.99661, 41.48178 ], [ 1.99624, 41.484 ], [ 1.99516, 41.48549 ], [ 1.99548, 41.486 ], [ 1.99079, 41.48684 ], [ 1.99013, 41.48837 ], [ 1.99048, 41.48902 ], [ 1.98995, 41.48991 ], [ 1.99003, 41.4904 ], [ 1.98939, 41.49053 ], [ 1.98947, 41.49147 ], [ 1.98886, 41.49186 ], [ 1.9883, 41.49288 ], [ 1.98863, 41.49309 ], [ 1.98852, 41.49371 ], [ 1.98796, 41.49435 ], [ 1.98853, 41.49544 ], [ 1.988, 41.49585 ], [ 1.98835, 41.49629 ], [ 1.98792, 41.4974 ], [ 1.98827, 41.4985 ], [ 1.98713, 41.49959 ], [ 1.98738, 41.49986 ], [ 1.98701, 41.50103 ], [ 1.98733, 41.50194 ], [ 1.98702, 41.50348 ], [ 1.98726, 41.50412 ], [ 1.987, 41.5043 ], [ 1.98706, 41.50524 ], [ 1.98621, 41.50586 ], [ 1.98658, 41.50639 ], [ 1.98571, 41.50859 ], [ 1.98625, 41.51027 ], [ 1.98577, 41.51337 ], [ 1.98511, 41.51489 ], [ 1.98127, 41.51555 ], [ 1.97866, 41.52325 ], [ 1.97625, 41.52046 ], [ 1.97434, 41.51941 ], [ 1.97402, 41.51833 ], [ 1.97326, 41.51735 ], [ 1.96994, 41.51473 ], [ 1.97018, 41.51366 ], [ 1.96914, 41.51207 ], [ 1.96098, 41.51326 ], [ 1.96004, 41.51135 ], [ 1.94578, 41.50768 ], [ 1.94083, 41.50666 ], [ 1.93611, 41.50781 ], [ 1.93548, 41.50532 ], [ 1.93492, 41.50482 ], [ 1.9335, 41.50457 ], [ 1.93281, 41.5028 ], [ 1.93325, 41.50083 ], [ 1.93185, 41.49813 ], [ 1.9302, 41.49594 ], [ 1.92813, 41.49522 ], [ 1.92357, 41.49479 ], [ 1.9223, 41.49542 ] ] ] } },
{ "type": "Feature", "properties": { "id": "muni-sant-climent-de-llobregat", "name": "Sant Climent de Llobregat", "kind": "municipality" }, "geometry": { "type": "Polygon", "coordinates": [ [ [ 1.95506, 41.32333 ], [ 1.95567, 41.32232 ], [ 1.95707, 41.32263 ], [ 1.95829, 41.3208 ], [ 1.96169, 41.32205 ], [ 1.96404, 41.32242 ], [ 1.96514, 41.32111 ], [ 1.96778, 41.32059 ], [ 1.96881, 41.32073 ], [ 1.97089, 41.31998 ], [ 1.97511, 41.31972 ], [ 1.97877, 41.31863 ], [ 1.97925, 41.3181 ], [ 1.98075, 41.31825 ], [ 1.98181, 41.31679 ], [ 1.98281, 41.31629 ], [ 1.9832, 41.31562 ], [ 1.98489, 41.31513 ], [ 1.98685, 41.31385 ], [ 1.98792, 41.31362 ], [ 1.98779, 41.31407 ], [ 1.98811, 41.31416 ], [ 1.98854, 41.31514 ], [ 1.9892, 41.31739 ], [ 1.99039, 41.31897 ], [ 1.98906, 41.32065 ], [ 1.98911, 41.32122 ], [ 1.99474, 41.32296 ], [ 1.99743, 41.32304 ], [ 2.00119, 41.32575 ], [ 2.00423, 41.32661 ], [ 2.00799, 41.33084 ], [ 2.00899, 41.33337 ], [ 2.00962, 41.33694 ], [ 2.01107, 41.33781 ], [ 2.00627, 41.34311 ], [ 2.0055, 41.34296 ], [ 2.00619, 41.34577 ], [ 2.00531, 41.34732 ], [ 2.00344, 41.34837 ], [ 1.99936, 41.35246 ], [ 1.99941, 41.35347 ], [ 1.99878, 41.35431 ], [ 1.99918, 41.35615 ], [ 1.99701, 41.35643 ], [ 1.99577, 41.35576 ], [ 1.99372, 41.35344 ], [ 1.99334, 41.35221 ], [ 1.99148, 41.34985 ], [ 1.99125, 41.34819 ], [ 1.9892, 41.34612 ], [ 1.98753, 41.34505 ], [ 1.98409, 41.34455 ], [ 1.98073, 41.34357 ], [ 1.97806, 41.34247 ], [ 1.97731, 41.34172 ], [ 1.97482, 41.34126 ], [ 1.97196, 41.34137 ], [ 1.97073, 41.34097 ], [ 1.96821, 41.33964 ], [ 1.95914, 41.33335 ], [ 1.95825, 41.33072 ], [ 1.95834, 41.33008 ], [ 1.95962, 41.32917 ], [ 1.96116, 41.32871 ], [ 1.96131, 41.3269 ], [ 1.95969, 41.32575 ], [ 1.95929, 41.32497 ], [ 1.95506, 41.32333 ] ] ] } },
{ "type": "Feature", "properties": { "id": "muni-gavà", "name": "Gavà", "kind": "municipality" }, "geometry": { "type": "Polygon", "coordinates": [ [ [ 1.91487, 41.28887 ], [ 1.92451, 41.29101 ], [ 1.9252, 41.29091 ], [ 1.92577, 41.29064 ], [ 1.9265, 41.28912 ], [ 1.92888, 41.28683 ], [ 1.93074, 41.286 ], [ 1.93156, 41.2851 ], [ 1.93561, 41.28352 ], [ 1.93729, 41.28232 ], [ 1.94266, 41.28027 ], [ 1.94453, 41.27989 ], [ 1.94761, 41.28088 ], [ 1.94983, 41.28353 ], [ 1.95063, 41.28367 ], [ 1.95236, 41.28334 ], [ 1.95364, 41.28374 ], [ 1.9573, 41.2871 ], [ 1.95943, 41.28785 ], [ 1.96069, 41.28999 ], [ 1.96337, 41.29225 ], [ 1.96608, 41.29304 ], [ 1.97103, 41.29329 ], [ 1.97796, 41.2966 ], [ 1.98022, 41.29461 ], [ 1.98154, 41.29406 ], [ 1.98268, 41.29279 ], [ 1.98391, 41.29219 ], [ 1.98467, 41.29115 ], [ 1.98761, 41.29126 ], [ 2.003, 41.26444 ], [ 2.0231, 41.26613 ], [ 2.04657, 41.27031 ], [ 2.02267, 41.29289 ], [ 2.02382, 41.29366 ], [ 2.02418, 41.29547 ], [ 2.02041, 41.3 ], [ 2.01664, 41.30291 ], [ 2.01364, 41.3046 ], [ 2.00978, 41.30771 ], [ 2.00738, 41.30678 ], [ 2.00219, 41.31166 ], [ 1.99416, 41.31243 ], [ 1.9935, 41.31262 ], [ 1.99311, 41.31317 ], [ 1.99154, 41.31322 ], [ 1.98936, 41.31413 ], [ 1.98779, 41.31407 ], [ 1.98792, 41.31362 ], [ 1.98685, 41.31385 ], [ 1.98489, 41.31513 ], [ 1.9832, 41.31562 ], [ 1.98281, 41.31629 ], [ 1.98181, 41.31679 ], [ 1.98075, 41.31825 ], [ 1.97925, 41.3181 ], [ 1.97877, 41.31863 ], [ 1.97511, 41.31972 ], [ 1.97089, 41.31998 ], [ 1.96881, 41.32073 ], [ 1.96778, 41.32059 ], [ 1.96514, 41.32111 ], [ 1.96404, 41.32242 ], [ 1.96169, 41.32205 ], [ 1.95829, 41.3208 ], [ 1.95707, 41.32263 ], [ 1.95567, 41.32232 ], [ 1.95506, 41.32333 ], [ 1.95416, 41.32311 ], [ 1.94547, 41.31752 ], [ 1.93118, 41.30196 ], [ 1.92933, 41.29414 ], [ 1.91487, 41.28887 ] ] ] } },
{ "type": "Feature", "properties": { "id": "muni-sant-boi-de-llobregat", "name": "Sant Boi de Llobregat", "kind": "municipality" }, "geometry": { "type": "Polygon", "coordinates": [ [ [ 1.99918, 41.35615 ], [ 1.99878, 41.35431 ], [ 1.99941, 41.35347 ], [ 1.99936, 41.35246 ], [ 2.00344, 41.34837 ], [ 2.00531, 41.34732 ], [ 2.00619, 41.34577 ], [ 2.0055, 41.34296 ], [ 2.00627, 41.34311 ], [ 2.01107, 41.33781 ], [ 2.01483, 41.33743 ], [ 2.01705, 41.33625 ], [ 2.01956, 41.33337 ], [ 2.02147, 41.33226 ], [ 2.04403, 41.31189 ], [ 2.04351, 41.3115 ], [ 2.04583, 41.30931 ], [ 2.04711, 41.30901 ], [ 2.04904, 41.3064 ], [ 2.0488, 41.3054 ], [ 2.05045, 41.30458 ], [ 2.05241, 41.29877 ], [ 2.05373, 41.29892 ], [ 2.05436, 41.29755 ], [ 2.05591, 41.29768 ], [ 2.05888, 41.29163 ], [ 2.0622, 41.29045 ], [ 2.06636, 41.28834 ], [ 2.07021, 41.28528 ], [ 2.06778, 41.28807 ], [ 2.06202, 41.29177 ], [ 2.05741, 41.30249 ], [ 2.05953, 41.30303 ], [ 2.05841, 41.30561 ], [ 2.06336, 41.30659 ], [ 2.06703, 41.30785 ], [ 2.06529, 41.31223 ], [ 2.06271, 41.31607 ], [ 2.07054, 41.31968 ], [ 2.06991, 41.32128 ], [ 2.07042, 41.32168 ], [ 2.07006, 41.3224 ], [ 2.07274, 41.32378 ], [ 2.06735, 41.32919 ], [ 2.07218, 41.33188 ], [ 2.07123, 41.33366 ], [ 2.07203, 41.33406 ], [ 2.07108, 41.33497 ], [ 2.0719, 41.33556 ], [ 2.07224, 41.33515 ], [ 2.07378, 41.3363 ], [ 2.0734, 41.33666 ], [ 2.0738, 41.33707 ], [ 2.07867, 41.33972 ], [ 2.07682, 41.34242 ], [ 2.07598, 41.34223 ], [ 2.0761, 41.3417 ], [ 2.07522, 41.34119 ], [ 2.0727, 41.34009 ], [ 2.07327, 41.33947 ], [ 2.07201, 41.33881 ], [ 2.07016, 41.34089 ], [ 2.06877, 41.34465 ], [ 2.06363, 41.34687 ], [ 2.06115, 41.34766 ], [ 2.05797, 41.34817 ], [ 2.05447, 41.34818 ], [ 2.04959, 41.34731 ], [ 2.04686, 41.34809 ], [ 2.04644, 41.34855 ], [ 2.04644, 41.3517 ], [ 2.04567, 41.35459 ], [ 2.04637, 41.35612 ], [ 2.04834, 41.3583 ], [ 2.04877, 41.3604 ], [ 2.04817, 41.36164 ], [ 2.04458, 41.36145 ], [ 2.04436, 41.36196 ], [ 2.0436, 41.36203 ], [ 2.0323, 41.36118 ], [ 2.03003, 41.3592 ], [ 2.02604, 41.35721 ], [ 2.02324, 41.35682 ], [ 2.02294, 41.35922 ], [ 2.02196, 41.35924 ], [ 2.02159, 41.35977 ], [ 2.02028, 41.35982 ], [ 2.01973, 41.3602 ], [ 2.01766, 41.35847 ], [ 2.01928, 41.35734 ], [ 2.01835, 41.35681 ], [ 2.0177, 41.35582 ], [ 2.01609, 41.35458 ], [ 2.01305, 41.35587 ], [ 2.01227, 41.35681 ], [ 2.00957, 41.35679 ], [ 2.00773, 41.35711 ], [ 2.00401, 41.35657 ], [ 2.00129, 41.35661 ], [ 1.99918, 41.35615 ] ] ] } },
{ "type": "Feature", "properties": { "id": "muni-torrelles-de-llobregat", "name": "Torrelles de Llobregat", "kind": "municipality" }, "geometry": { "type": "Polygon", "coordinates": [ [ [ 1.94418, 41.35002 ], [ 1.9439, 41.3445 ], [ 1.94496, 41.34148 ], [ 1.94351, 41.33733 ], [ 1.94433, 41.3368 ], [ 1.94687, 41.33659 ], [ 1.94919, 41.33493 ], [ 1.95914, 41.33335 ], [ 1.96821, 41.33964 ], [ 1.97073, 41.34097 ], [ 1.97196, 41.34137 ], [ 1.97482, 41.34126 ], [ 1.97731, 41.34172 ], [ 1.97806, 41.34247 ], [ 1.98073, 41.34357 ], [ 1.98409, 41.34455 ], [ 1.9871, 41.34492 ], [ 1.9892, 41.34612 ], [ 1.99125, 41.34819 ], [ 1.99148, 41.34985 ], [ 1.99334, 41.35221 ], [ 1.99372, 41.35344 ], [ 1.99577, 41.35576 ], [ 1.99701, 41.35643 ], [ 1.99812, 41.35644 ], [ 1.99917, 41.36035 ], [ 1.99827, 41.36204 ], [ 1.99804, 41.36397 ], [ 2.0006, 41.36495 ], [ 2.00178, 41.36595 ], [ 2.00191, 41.36734 ], [ 2.00265, 41.36801 ], [ 2.00319, 41.36928 ], [ 2.00182, 41.37059 ], [ 1.99986, 41.37159 ], [ 1.99957, 41.37211 ], [ 1.99694, 41.3732 ], [ 1.99454, 41.37558 ], [ 1.99102, 41.37597 ], [ 1.98614, 41.37255 ], [ 1.98198, 41.37245 ], [ 1.98254, 41.37175 ], [ 1.9811, 41.36962 ], [ 1.98159, 41.36931 ], [ 1.9805, 41.36858 ], [ 1.97925, 41.36857 ], [ 1.97627, 41.36728 ], [ 1.97339, 41.36729 ], [ 1.97185, 41.36661 ], [ 1.96964, 41.36637 ], [ 1.96629, 41.36546 ], [ 1.9647, 41.36467 ], [ 1.9635, 41.36549 ], [ 1.95974, 41.3661 ], [ 1.95819, 41.36681 ], [ 1.95462, 41.36738 ], [ 1.9541, 41.3678 ], [ 1.95196, 41.36578 ], [ 1.95134, 41.36468 ], [ 1.95111, 41.36345 ], [ 1.94937, 41.36273 ], [ 1.94833, 41.36161 ], [ 1.94756, 41.35975 ], [ 1.94684, 41.35884 ], [ 1.94677, 41.35781 ], [ 1.94609, 41.35708 ], [ 1.94613, 41.35597 ], [ 1.94538, 41.3552 ], [ 1.94522, 41.35424 ], [ 1.94729, 41.35221 ], [ 1.9458, 41.3502 ], [ 1.94418, 41.35002 ] ] ] } },
{ "type": "Feature", "properties": { "id": "muni-lhospitalet-de-llobregat", "name": "L'Hospitalet de Llobregat", "kind": "municipality" }, "geometry": { "type": "Polygon", "coordinates": [ [ [ 2.08678, 41.36678 ], [ 2.08705, 41.36453 ], [ 2.08936, 41.36361 ], [ 2.08918, 41.36301 ], [ 2.09359, 41.35852 ], [ 2.0956, 41.35904 ], [ 2.09586, 41.35856 ], [ 2.09552, 41.35844 ], [ 2.09988, 41.35192 ], [ 2.0923, 41.34807 ], [ 2.09157, 41.34458 ], [ 2.08952, 41.3413 ], [ 2.09365, 41.34003 ], [ 2.09928, 41.3371 ], [ 2.10137, 41.33633 ], [ 2.11034, 41.33797 ], [ 2.11784, 41.34062 ], [ 2.13088, 41.34424 ], [ 2.13921, 41.34694 ], [ 2.13531, 41.35114 ], [ 2.13199, 41.35553 ], [ 2.13266, 41.356 ], [ 2.13303, 41.35677 ], [ 2.13351, 41.36013 ], [ 2.13473, 41.36119 ], [ 2.13528, 41.36228 ], [ 2.13297, 41.36438 ], [ 2.13097, 41.36914 ], [ 2.12891, 41.37089 ], [ 2.12457, 41.37352 ], [ 2.12199, 41.37568 ], [ 2.1217, 41.37601 ], [ 2.12136, 41.37808 ], [ 2.11766, 41.37589 ], [ 2.10944, 41.3761 ], [ 2.10747, 41.37993 ], [ 2.1075, 41.38166 ], [ 2.10824, 41.38152 ], [ 2.1118, 41.38459 ], [ 2.1083, 41.38608 ], [ 2.10761, 41.38697 ], [ 2.10602, 41.38804 ], [ 2.10242, 41.38832 ], [ 2.1021, 41.38754 ], [ 2.10116, 41.38236 ], [ 2.10288, 41.38061 ], [ 2.10352, 41.37865 ], [ 2.1022, 41.37731 ], [ 2.09987, 41.37634 ], [ 2.10109, 41.37446 ], [ 2.10111, 41.37394 ], [ 2.0986, 41.3702 ], [ 2.09905, 41.36863 ], [ 2.09412, 41.36695 ], [ 2.09241, 41.36793 ], [ 2.09218, 41.3689 ], [ 2.0882, 41.36894 ], [ 2.08678, 41.36678 ] ] ] } },
{ "type": "Feature", "properties": { "id": "muni-cerdanyola-del-vallès", "name": "Cerdanyola del Vallès", "kind": "municipality" }, "geometry": { "type": "Polygon", "coordinates": [ [ [ 2.0751, 41.50681 ], [ 2.07536, 41.50596 ], [ 2.07494, 41.50467 ], [ 2.07529, 41.50261 ], [ 2.07481, 41.50155 ], [ 2.0752, 41.50041 ], [ 2.07436, 41.49901 ], [ 2.07463, 41.498 ], [ 2.07446, 41.49748 ], [ 2.07897, 41.49517 ], [ 2.08245, 41.48882 ], [ 2.09543, 41.4802 ], [ 2.10229, 41.47364 ], [ 2.10461, 41.47281 ], [ 2.10457, 41.47174 ], [ 2.10555, 41.47025 ], [ 2.10608, 41.46849 ], [ 2.1067, 41.46786 ], [ 2.11195, 41.46603 ], [ 2.11513, 41.46578 ], [ 2.11743, 41.46603 ], [ 2.11702, 41.46438 ], [ 2.11618, 41.46317 ], [ 2.1159, 41.46002 ], [ 2.11669, 41.45987 ], [ 2.1169, 41.45898 ], [ 2.1177, 41.45865 ], [ 2.11797, 41.45649 ], [ 2.11982, 41.45576 ], [ 2.11921, 41.4535 ], [ 2.11963, 41.4526 ], [ 2.11976, 41.45029 ], [ 2.12051, 41.44922 ], [ 2.12161, 41.44856 ], [ 2.1218, 41.44804 ], [ 2.12365, 41.4473 ], [ 2.12574, 41.44544 ], [ 2.12994, 41.44303 ], [ 2.13072, 41.44383 ], [ 2.13274, 41.44457 ], [ 2.13291, 41.44543 ], [ 2.13384, 41.44604 ], [ 2.13473, 41.44756 ], [ 2.13574, 41.44743 ], [ 2.13781, 41.44796 ], [ 2.14227, 41.44696 ], [ 2.14303, 41.44745 ], [ 2.14504, 41.44796 ], [ 2.14842, 41.44676 ], [ 2.14953, 41.44722 ], [ 2.15191, 41.44702 ], [ 2.15327, 41.44779 ], [ 2.15356, 41.4488 ], [ 2.15584, 41.44993 ], [ 2.15835, 41.45357 ], [ 2.15851, 41.45394 ], [ 2.15823, 41.4542 ], [ 2.15814, 41.45528 ], [ 2.15711, 41.45633 ], [ 2.15716, 41.45867 ], [ 2.15792, 41.4595 ], [ 2.15781, 41.46126 ], [ 2.15962, 41.46415 ], [ 2.15979, 41.46568 ], [ 2.15818, 41.4671 ], [ 2.15867, 41.46831 ], [ 2.15647, 41.46692 ], [ 2.15593, 41.46697 ], [ 2.1572, 41.47182 ], [ 2.1557, 41.47462 ], [ 2.15429, 41.47523 ], [ 2.15799, 41.47981 ], [ 2.15753, 41.48156 ], [ 2.16005, 41.48456 ], [ 2.15838, 41.48516 ], [ 2.1535, 41.48821 ], [ 2.15269, 41.48947 ], [ 2.15098, 41.49104 ], [ 2.14923, 41.49233 ], [ 2.14744, 41.49315 ], [ 2.14874, 41.49398 ], [ 2.14593, 41.49656 ], [ 2.14246, 41.49754 ], [ 2.14117, 41.49883 ], [ 2.13929, 41.5023 ], [ 2.13461, 41.50662 ], [ 2.126, 41.50624 ], [ 2.12033, 41.5027 ], [ 2.11742, 41.50395 ], [ 2.10992, 41.50504 ], [ 2.10903, 41.50663 ], [ 2.10701, 41.50771 ], [ 2.10476, 41.50672 ], [ 2.10443, 41.50719 ], [ 2.10241, 41.50817 ], [ 2.09961, 41.51015 ], [ 2.0944, 41.50976 ], [ 2.09157, 41.50922 ], [ 2.08902, 41.50983 ], [ 2.08841, 41.51111 ], [ 2.08125, 41.50979 ], [ 2.07998, 41.50775 ], [ 2.07915, 41.50733 ], [ 2.0751, 41.50681 ] ] ] } },
{ "type": "Feature", "properties": { "id": "muni-corbera-de-llobregat", "name": "Corbera de Llobregat", "kind": "municipality" }, "geometry": { "type": "Polygon", "coordinates": [ [ [ 1.88495, 41.40814 ], [ 1.8892, 41.40818 ], [ 1.89258, 41.40678 ], [ 1.89404, 41.4076 ], [ 1.8968, 41.40759 ], [ 1.89939, 41.40845 ], [ 1.90005, 41.40715 ], [ 1.90289, 41.40547 ], [ 1.90374, 41.4053 ], [ 1.90465, 41.40465 ], [ 1.90687, 41.40436 ], [ 1.90862, 41.40448 ], [ 1.91125, 41.40551 ], [ 1.91459, 41.40504 ], [ 1.91528, 41.4054 ], [ 1.91526, 41.40616 ], [ 1.91569, 41.40652 ], [ 1.91734, 41.40614 ], [ 1.91906, 41.40683 ], [ 1.92046, 41.40678 ], [ 1.92048, 41.4073 ], [ 1.92176, 41.4091 ], [ 1.92356, 41.40783 ], [ 1.92455, 41.40845 ], [ 1.92506, 41.40932 ], [ 1.92607, 41.40979 ], [ 1.92706, 41.41148 ], [ 1.92825, 41.41192 ], [ 1.9293, 41.41286 ], [ 1.9311, 41.4136 ], [ 1.93252, 41.4147 ], [ 1.93343, 41.41494 ], [ 1.93492, 41.41449 ], [ 1.93631, 41.41487 ], [ 1.93665, 41.41521 ], [ 1.93566, 41.41597 ], [ 1.9358, 41.41698 ], [ 1.93669, 41.41817 ], [ 1.93798, 41.41897 ], [ 1.94235, 41.41867 ], [ 1.94518, 41.41751 ], [ 1.94525, 41.4198 ], [ 1.94746, 41.42017 ], [ 1.94899, 41.42119 ], [ 1.9532, 41.41989 ], [ 1.9559, 41.41955 ], [ 1.95954, 41.42102 ], [ 1.96259, 41.42158 ], [ 1.96499, 41.42308 ], [ 1.96533, 41.42457 ], [ 1.96712, 41.42562 ], [ 1.96807, 41.42655 ], [ 1.96873, 41.42782 ], [ 1.97053, 41.42789 ], [ 1.97226, 41.42857 ], [ 1.9729, 41.43033 ], [ 1.9742, 41.43217 ], [ 1.97608, 41.43238 ], [ 1.98232, 41.43419 ], [ 1.98248, 41.43465 ], [ 1.9846, 41.43427 ], [ 1.98681, 41.43484 ], [ 1.9869, 41.43562 ], [ 1.98591, 41.43691 ], [ 1.99041, 41.43962 ], [ 1.98795, 41.44106 ], [ 1.98499, 41.44354 ], [ 1.98207, 41.44289 ], [ 1.98144, 41.4424 ], [ 1.97964, 41.4426 ], [ 1.97902, 41.44222 ], [ 1.97891, 41.44087 ], [ 1.97704, 41.44157 ], [ 1.97412, 41.44178 ], [ 1.9722, 41.44259 ], [ 1.96872, 41.44243 ], [ 1.96498, 41.44289 ], [ 1.96365, 41.44251 ], [ 1.96, 41.44046 ], [ 1.95829, 41.44034 ], [ 1.9555, 41.43925 ], [ 1.95358, 41.43965 ], [ 1.9526, 41.44079 ], [ 1.95018, 41.44138 ], [ 1.94848, 41.44081 ], [ 1.94737, 41.43999 ], [ 1.94632, 41.43801 ], [ 1.94498, 41.43749 ], [ 1.94491, 41.4368 ], [ 1.94436, 41.43625 ], [ 1.94231, 41.43617 ], [ 1.9385, 41.43435 ], [ 1.93698, 41.43499 ], [ 1.93473, 41.43455 ], [ 1.93262, 41.43469 ], [ 1.92405, 41.43195 ], [ 1.92332, 41.43134 ], [ 1.92144, 41.43192 ], [ 1.91826, 41.43159 ], [ 1.91341, 41.43309 ], [ 1.90913, 41.43219 ], [ 1.90613, 41.43088 ], [ 1.90433, 41.431 ], [ 1.90221, 41.43175 ], [ 1.90125, 41.43147 ], [ 1.90014, 41.43014 ], [ 1.89726, 41.42863 ], [ 1.89569, 41.42973 ], [ 1.89418, 41.43034 ], [ 1.89181, 41.43048 ], [ 1.89105, 41.42919 ], [ 1.89114, 41.42786 ], [ 1.88947, 41.42601 ], [ 1.88838, 41.42536 ], [ 1.8876, 41.42441 ], [ 1.88738, 41.42361 ], [ 1.88744, 41.42304 ], [ 1.88943, 41.42225 ], [ 1.88886, 41.42155 ], [ 1.88881, 41.41897 ], [ 1.88793, 41.41859 ], [ 1.88751, 41.41713 ], [ 1.88545, 41.4156 ], [ 1.8831, 41.41462 ], [ 1.88225, 41.41467 ], [ 1.88166, 41.41264 ], [ 1.88092, 41.4118 ], [ 1.88164, 41.41145 ], [ 1.88281, 41.40963 ], [ 1.88495, 41.40814 ] ] ] } },
{ "type": "Feature", "properties": { "id": "muni-sant-andreu-de-la-barca", "name": "Sant Andreu de la Barca", "kind": "municipality" }, "geometry": { "type": "Polygon", "coordinates": [ [ [ 1.94731, 41.461 ], [ 1.94959, 41.45926 ], [ 1.95065, 41.45786 ], [ 1.95131, 41.45556 ], [ 1.95238, 41.4556 ], [ 1.95256, 41.45491 ], [ 1.95128, 41.45285 ], [ 1.9513, 41.45044 ], [ 1.94982, 41.45009 ], [ 1.94836, 41.44925 ], [ 1.94853, 41.44786 ], [ 1.94796, 41.44692 ], [ 1.94611, 41.44617 ], [ 1.9475, 41.44434 ], [ 1.94782, 41.44299 ], [ 1.94925, 41.44223 ], [ 1.9496, 41.44167 ], [ 1.94951, 41.44112 ], [ 1.95018, 41.44138 ], [ 1.95233, 41.44091 ], [ 1.95358, 41.43965 ], [ 1.9555, 41.43925 ], [ 1.95829, 41.44034 ], [ 1.96, 41.44046 ], [ 1.96365, 41.44251 ], [ 1.96498, 41.44289 ], [ 1.96872, 41.44243 ], [ 1.9722, 41.44259 ], [ 1.97412, 41.44178 ], [ 1.97704, 41.44157 ], [ 1.97891, 41.44087 ], [ 1.97902, 41.44222 ], [ 1.97964, 41.4426 ], [ 1.98144, 41.4424 ], [ 1.98207, 41.44289 ], [ 1.98499, 41.44354 ], [ 1.98116, 41.44608 ], [ 1.97989, 41.44815 ], [ 1.97839, 41.44915 ], [ 1.97739, 41.45063 ], [ 1.97652, 41.45705 ], [ 1.9756, 41.45993 ], [ 1.97329, 41.46371 ], [ 1.96869, 41.46386 ], [ 1.96158, 41.45973 ], [ 1.95366, 41.4647 ], [ 1.95136, 41.46292 ], [ 1.94731, 41.461 ] ] ] } },
{ "type": "Feature", "properties": { "id": "muni-sant-just-desvern", "name": "Sant Just Desvern", "kind": "municipality" }, "geometry": { "type": "Polygon", "coordinates": [ [ [ 2.05261, 41.37954 ], [ 2.0529, 41.37954 ], [ 2.05254, 41.37921 ], [ 2.05272, 41.3788 ], [ 2.05372, 41.37815 ], [ 2.05422, 41.3784 ], [ 2.05907, 41.37777 ], [ 2.05963, 41.37925 ], [ 2.06149, 41.37898 ], [ 2.06175, 41.37939 ], [ 2.06504, 41.37947 ], [ 2.06745, 41.37708 ], [ 2.06936, 41.37663 ], [ 2.07142, 41.3755 ], [ 2.07275, 41.3754 ], [ 2.07523, 41.3734 ], [ 2.0766, 41.37556 ], [ 2.08014, 41.37744 ], [ 2.08076, 41.3789 ], [ 2.08027, 41.38091 ], [ 2.08188, 41.38151 ], [ 2.08202, 41.38295 ], [ 2.08287, 41.38281 ], [ 2.08333, 41.38389 ], [ 2.08308, 41.38413 ], [ 2.08385, 41.38498 ], [ 2.08384, 41.38718 ], [ 2.08431, 41.3873 ], [ 2.08419, 41.38774 ], [ 2.08647, 41.38938 ], [ 2.08968, 41.38987 ], [ 2.09034, 41.3908 ], [ 2.09388, 41.39394 ], [ 2.09677, 41.39436 ], [ 2.09779, 41.39396 ], [ 2.10001, 41.39697 ], [ 2.10046, 41.39851 ], [ 2.10204, 41.3995 ], [ 2.10289, 41.40067 ], [ 2.10378, 41.40317 ], [ 2.10379, 41.40402 ], [ 2.10286, 41.40482 ], [ 2.10179, 41.40516 ], [ 2.1016, 41.407 ], [ 2.10061, 41.40837 ], [ 2.099, 41.40886 ], [ 2.09727, 41.40908 ], [ 2.09666, 41.40824 ], [ 2.09565, 41.40785 ], [ 2.08867, 41.40861 ], [ 2.086, 41.40971 ], [ 2.08413, 41.40935 ], [ 2.0841, 41.40889 ], [ 2.08279, 41.40776 ], [ 2.0825, 41.40714 ], [ 2.08042, 41.40596 ], [ 2.08006, 41.40446 ], [ 2.07859, 41.40312 ], [ 2.07777, 41.40287 ], [ 2.07641, 41.40014 ], [ 2.06983, 41.39694 ], [ 2.06538, 41.39666 ], [ 2.065, 41.39577 ], [ 2.0636, 41.39455 ], [ 2.05948, 41.39289 ], [ 2.06072, 41.39039 ], [ 2.05787, 41.38838 ], [ 2.058, 41.38662 ], [ 2.05759, 41.38582 ], [ 2.05938, 41.38295 ], [ 2.05591, 41.38118 ], [ 2.05655, 41.38033 ], [ 2.05261, 41.37954 ] ] ] } },
{ "type": "Feature", "properties": { "id": "muni-pallejà", "name": "Pallejà", "kind": "municipality" }, "geometry": { "type": "Polygon", "coordinates": [ [ [ 1.94518, 41.41751 ], [ 1.94497, 41.41737 ], [ 1.94554, 41.41695 ], [ 1.94682, 41.41658 ], [ 1.94958, 41.41745 ], [ 1.95105, 41.41736 ], [ 1.95236, 41.41768 ], [ 1.95427, 41.41719 ], [ 1.95465, 41.41665 ], [ 1.95586, 41.41638 ], [ 1.95633, 41.41594 ], [ 1.9586, 41.41668 ], [ 1.95933, 41.41723 ], [ 1.96013, 41.41707 ], [ 1.96064, 41.41758 ], [ 1.96174, 41.41787 ], [ 1.96227, 41.41786 ], [ 1.96148, 41.41656 ], [ 1.96198, 41.41625 ], [ 1.96511, 41.41735 ], [ 1.96647, 41.41666 ], [ 1.96877, 41.41666 ], [ 1.96951, 41.41696 ], [ 1.97, 41.41759 ], [ 1.97031, 41.41679 ], [ 1.97178, 41.41689 ], [ 1.97318, 41.41771 ], [ 1.9736, 41.41754 ], [ 1.97372, 41.41622 ], [ 1.97326, 41.4158 ], [ 1.97343, 41.41536 ], [ 1.97639, 41.41595 ], [ 1.97598, 41.41448 ], [ 1.97843, 41.41456 ], [ 1.97762, 41.41347 ], [ 1.98001, 41.41379 ], [ 1.9829, 41.41475 ], [ 1.98401, 41.4136 ], [ 1.98164, 41.41269 ], [ 1.98254, 41.41216 ], [ 1.98262, 41.41167 ], [ 1.9831, 41.41131 ], [ 1.98525, 41.41107 ], [ 1.98621, 41.41191 ], [ 1.98767, 41.41097 ], [ 1.9886, 41.40833 ], [ 1.9907, 41.40937 ], [ 1.99252, 41.4089 ], [ 1.99476, 41.40737 ], [ 1.99784, 41.40584 ], [ 1.99913, 41.40618 ], [ 2.00314, 41.40913 ], [ 2.00971, 41.41098 ], [ 2.00851, 41.41295 ], [ 2.0062, 41.42024 ], [ 2.00493, 41.42281 ], [ 2.00435, 41.42325 ], [ 2.00324, 41.42583 ], [ 2.00161, 41.42805 ], [ 1.99762, 41.43145 ], [ 1.99563, 41.43469 ], [ 1.99408, 41.43559 ], [ 1.99408, 41.43635 ], [ 1.99363, 41.43704 ], [ 1.99041, 41.43962 ], [ 1.98591, 41.43691 ], [ 1.9869, 41.43562 ], [ 1.98681, 41.43484 ], [ 1.9846, 41.43427 ], [ 1.98248, 41.43465 ], [ 1.98232, 41.43419 ], [ 1.97608, 41.43238 ], [ 1.9742, 41.43217 ], [ 1.9729, 41.43033 ], [ 1.97226, 41.42857 ], [ 1.97053, 41.42789 ], [ 1.96873, 41.42782 ], [ 1.96807, 41.42655 ], [ 1.96712, 41.42562 ], [ 1.96533, 41.42457 ], [ 1.96499, 41.42308 ], [ 1.96259, 41.42158 ], [ 1.95954, 41.42102 ], [ 1.9559, 41.41955 ], [ 1.9532, 41.41989 ], [ 1.94899, 41.42119 ], [ 1.94746, 41.42017 ], [ 1.94525, 41.4198 ], [ 1.94518, 41.41751 ] ] ] } },
{ "type": "Feature", "properties": { "id": "muni-tiana", "name": "Tiana", "kind": "municipality" }, "geometry": { "type": "Polygon", "coordinates": [ [ [ 2.24695, 41.48867 ], [ 2.24754, 41.48739 ], [ 2.24747, 41.48519 ], [ 2.2608, 41.47077 ], [ 2.26138, 41.47068 ], [ 2.26633, 41.47176 ], [ 2.26712, 41.47108 ], [ 2.26841, 41.47129 ], [ 2.2698, 41.47202 ], [ 2.27286, 41.4712 ], [ 2.27425, 41.47214 ], [ 2.27399, 41.47252 ], [ 2.2749, 41.47275 ], [ 2.27632, 41.47374 ], [ 2.27619, 41.47507 ], [ 2.27695, 41.47522 ], [ 2.27744, 41.47581 ], [ 2.2779, 41.476 ], [ 2.27782, 41.47568 ], [ 2.27858, 41.47469 ], [ 2.27933, 41.47451 ], [ 2.28079, 41.47633 ], [ 2.28341, 41.47734 ], [ 2.28389, 41.47702 ], [ 2.28669, 41.47839 ], [ 2.28988, 41.4804 ], [ 2.29039, 41.48087 ], [ 2.29046, 41.48172 ], [ 2.29104, 41.48175 ], [ 2.29187, 41.48251 ], [ 2.28775, 41.48581 ], [ 2.28735, 41.48631 ], [ 2.28724, 41.48721 ], [ 2.28373, 41.4893 ], [ 2.28306, 41.48999 ], [ 2.28307, 41.49085 ], [ 2.28139, 41.49264 ], [ 2.28066, 41.49371 ], [ 2.28046, 41.49464 ], [ 2.27783, 41.49558 ], [ 2.2767, 41.49757 ], [ 2.27472, 41.498 ], [ 2.2737, 41.49868 ], [ 2.27176, 41.49898 ], [ 2.27029, 41.50046 ], [ 2.26915, 41.50071 ], [ 2.26792, 41.50215 ], [ 2.26802, 41.50414 ], [ 2.2668, 41.50477 ], [ 2.26623, 41.50418 ], [ 2.26501, 41.5045 ], [ 2.26328, 41.50397 ], [ 2.26235, 41.5025 ], [ 2.26304, 41.5017 ], [ 2.26223, 41.50053 ], [ 2.26008, 41.49921 ], [ 2.25929, 41.49756 ], [ 2.25743, 41.49623 ], [ 2.25532, 41.49588 ], [ 2.25472, 41.49259 ], [ 2.25426, 41.49203 ], [ 2.2539, 41.49187 ], [ 2.25295, 41.49236 ], [ 2.25222, 41.49177 ], [ 2.25152, 41.49185 ], [ 2.24959, 41.49009 ], [ 2.24879, 41.48991 ], [ 2.24861, 41.4895 ], [ 2.24695, 41.48867 ] ] ] } },
{ "type": "Feature", "properties": { "id": "muni-montgat", "name": "Montgat", "kind": "municipality" }, "geometry": { "type": "Polygon", "coordinates": [ [ [ 2.26138, 41.47068 ], [ 2.26132, 41.47004 ], [ 2.264, 41.46715 ], [ 2.26428, 41.46578 ], [ 2.2662, 41.46453 ], [ 2.26798, 41.46392 ], [ 2.26865, 41.46252 ], [ 2.27031, 41.4608 ], [ 2.27752, 41.46452 ], [ 2.27924, 41.46475 ], [ 2.27979, 41.46445 ], [ 2.27985, 41.46488 ], [ 2.28058, 41.46535 ], [ 2.28465, 41.46737 ], [ 2.29633, 41.47219 ], [ 2.29565, 41.47383 ], [ 2.2952, 41.47732 ], [ 2.29396, 41.47857 ], [ 2.29393, 41.47915 ], [ 2.29187, 41.48251 ], [ 2.29104, 41.48175 ], [ 2.29046, 41.48172 ], [ 2.29039, 41.48087 ], [ 2.28988, 41.4804 ], [ 2.28669, 41.47839 ], [ 2.28389, 41.47702 ], [ 2.28341, 41.47734 ], [ 2.28079, 41.47633 ], [ 2.27933, 41.47451 ], [ 2.27858, 41.47469 ], [ 2.27782, 41.47568 ], [ 2.2779, 41.476 ], [ 2.27744, 41.47581 ], [ 2.27695, 41.47522 ], [ 2.27619, 41.47507 ], [ 2.27632, 41.47374 ], [ 2.2749, 41.47275 ], [ 2.27399, 41.47252 ], [ 2.27425, 41.47214 ], [ 2.27286, 41.4712 ], [ 2.2698, 41.47202 ], [ 2.26841, 41.47129 ], [ 2.26712, 41.47108 ], [ 2.26633, 41.47176 ], [ 2.26138, 41.47068 ] ] ] } },
{ "type": "Feature", "properties": { "id": "muni-barberà-del-vallès", "name": "Barberà del Vallès", "kind": "municipality" }, "geometry": { "type": "Polygon", "coordinates": [ [ [ 2.11215, 41.51822 ], [ 2.11603, 41.51498 ], [ 2.11317, 41.51357 ], [ 2.11349, 41.51235 ], [ 2.1227, 41.50565 ], [ 2.12368, 41.50691 ], [ 2.12478, 41.5072 ], [ 2.126, 41.50624 ], [ 2.13599, 41.50675 ], [ 2.1362, 41.50724 ], [ 2.13587, 41.50852 ], [ 2.13981, 41.50735 ], [ 2.14207, 41.50809 ], [ 2.1427, 41.50887 ], [ 2.14259, 41.50943 ], [ 2.14592, 41.51059 ], [ 2.14721, 41.5099 ], [ 2.14921, 41.51006 ], [ 2.14912, 41.50963 ], [ 2.14959, 41.50867 ], [ 2.15223, 41.51014 ], [ 2.15252, 41.51058 ], [ 2.15472, 41.51135 ], [ 2.15719, 41.50963 ], [ 2.15761, 41.50887 ], [ 2.15849, 41.50846 ], [ 2.159, 41.50739 ], [ 2.16126, 41.50876 ], [ 2.1609, 41.5102 ], [ 2.16172, 41.5108 ], [ 2.16164, 41.51195 ], [ 2.1625, 41.51343 ], [ 2.16266, 41.51613 ], [ 2.16111, 41.51596 ], [ 2.16064, 41.518 ], [ 2.16019, 41.5187 ], [ 2.15912, 41.51934 ], [ 2.15719, 41.51987 ], [ 2.15469, 41.51976 ], [ 2.1532, 41.52009 ], [ 2.15283, 41.51987 ], [ 2.1508, 41.52252 ], [ 2.1491, 41.52332 ], [ 2.14926, 41.52538 ], [ 2.14634, 41.52765 ], [ 2.1436, 41.529 ], [ 2.1422, 41.52921 ], [ 2.13866, 41.53162 ], [ 2.13434, 41.53127 ], [ 2.13358, 41.53242 ], [ 2.13349, 41.53388 ], [ 2.13133, 41.53392 ], [ 2.12664, 41.53265 ], [ 2.12456, 41.53323 ], [ 2.12441, 41.53353 ], [ 2.12384, 41.53343 ], [ 2.12282, 41.53251 ], [ 2.12312, 41.53185 ], [ 2.12446, 41.53114 ], [ 2.12386, 41.53076 ], [ 2.1241, 41.52914 ], [ 2.12525, 41.52833 ], [ 2.12649, 41.52833 ], [ 2.12672, 41.52791 ], [ 2.12106, 41.52496 ], [ 2.11595, 41.52282 ], [ 2.10967, 41.52115 ], [ 2.11215, 41.51822 ] ] ] } },
{ "type": "Feature", "properties": { "id": "muni-santa-coloma-de-cervelló", "name": "Santa Coloma de Cervelló", "kind": "municipality" }, "geometry": { "type": "Polygon", "coordinates": [ [ [ 1.99812, 41.35644 ], [ 1.99918, 41.35615 ], [ 2.00129, 41.35661 ], [ 2.00401, 41.35657 ], [ 2.00773, 41.35711 ], [ 2.00957, 41.35679 ], [ 2.01227, 41.35681 ], [ 2.01305, 41.35587 ], [ 2.01609, 41.35458 ], [ 2.0177, 41.35582 ], [ 2.01835, 41.35681 ], [ 2.01928, 41.35734 ], [ 2.01766, 41.35847 ], [ 2.01973, 41.3602 ], [ 2.02028, 41.35982 ], [ 2.02159, 41.35977 ], [ 2.02196, 41.35924 ], [ 2.02294, 41.35922 ], [ 2.02324, 41.35682 ], [ 2.02604, 41.35721 ], [ 2.03003, 41.3592 ], [ 2.0323, 41.36118 ], [ 2.0436, 41.36203 ], [ 2.04436, 41.36196 ], [ 2.04458, 41.36145 ], [ 2.04817, 41.36164 ], [ 2.04672, 41.36401 ], [ 2.04381, 41.36661 ], [ 2.04091, 41.36718 ], [ 2.0398, 41.36769 ], [ 2.03799, 41.36782 ], [ 2.03725, 41.3683 ], [ 2.03358, 41.37213 ], [ 2.02843, 41.37858 ], [ 2.02763, 41.37999 ], [ 2.02665, 41.3832 ], [ 2.01387, 41.37914 ], [ 2.01164, 41.37883 ], [ 2.0064, 41.3792 ], [ 2.00284, 41.3779 ], [ 2.00174, 41.37697 ], [ 2.00201, 41.37642 ], [ 1.99986, 41.37159 ], [ 2.00182, 41.37059 ], [ 2.00319, 41.36928 ], [ 2.00265, 41.36801 ], [ 2.00191, 41.36734 ], [ 2.00178, 41.36595 ], [ 2.0006, 41.36495 ], [ 1.99804, 41.36397 ], [ 1.99827, 41.36204 ], [ 1.99917, 41.36035 ], [ 1.99812, 41.35644 ] ] ] } },
{ "type": "Feature", "properties": { "id": "muni-sant-joan-despí", "name": "Sant Joan Despí", "kind": "municipality" }, "geometry": { "type": "Polygon", "coordinates": [ [ [ 2.03565, 41.37017 ], [ 2.03799, 41.36782 ], [ 2.0398, 41.36769 ], [ 2.04424, 41.36634 ], [ 2.04672, 41.36401 ], [ 2.04868, 41.36105 ], [ 2.04834, 41.3583 ], [ 2.04612, 41.35573 ], [ 2.04567, 41.35459 ], [ 2.04572, 41.35376 ], [ 2.04644, 41.3517 ], [ 2.04644, 41.34855 ], [ 2.04686, 41.34809 ], [ 2.04959, 41.34731 ], [ 2.05106, 41.3481 ], [ 2.05376, 41.35112 ], [ 2.0579, 41.35414 ], [ 2.05517, 41.35648 ], [ 2.05916, 41.35937 ], [ 2.05838, 41.36104 ], [ 2.06021, 41.36229 ], [ 2.05888, 41.36355 ], [ 2.06117, 41.36498 ], [ 2.06471, 41.36288 ], [ 2.06534, 41.36286 ], [ 2.07247, 41.36605 ], [ 2.07358, 41.36569 ], [ 2.07403, 41.36652 ], [ 2.07369, 41.36674 ], [ 2.07432, 41.3672 ], [ 2.0747, 41.36702 ], [ 2.07894, 41.36978 ], [ 2.07843, 41.37069 ], [ 2.07275, 41.3754 ], [ 2.07142, 41.3755 ], [ 2.06936, 41.37663 ], [ 2.06745, 41.37708 ], [ 2.06504, 41.37947 ], [ 2.06175, 41.37939 ], [ 2.06149, 41.37898 ], [ 2.05963, 41.37925 ], [ 2.05907, 41.37777 ], [ 2.05422, 41.3784 ], [ 2.05372, 41.37815 ], [ 2.05272, 41.3788 ], [ 2.05254, 41.37921 ], [ 2.0529, 41.37954 ], [ 2.05211, 41.37942 ], [ 2.04683, 41.37546 ], [ 2.03648, 41.37097 ], [ 2.03565, 41.37017 ] ] ] } },
{ "type": "Feature", "properties": { "id": "muni-la-palma-de-cervelló", "name": "La Palma de Cervelló", "kind": "municipality" }, "geometry": { "type": "Polygon", "coordinates": [ [ [ 1.93665, 41.41521 ], [ 1.93644, 41.41495 ], [ 1.93741, 41.41452 ], [ 1.93883, 41.41469 ], [ 1.93984, 41.41443 ], [ 1.93994, 41.4125 ], [ 1.94084, 41.40997 ], [ 1.93973, 41.40788 ], [ 1.93825, 41.40678 ], [ 1.93821, 41.4049 ], [ 1.94207, 41.40712 ], [ 1.94512, 41.40693 ], [ 1.94605, 41.40495 ], [ 1.94583, 41.40366 ], [ 1.94901, 41.40346 ], [ 1.94925, 41.40289 ], [ 1.95205, 41.40355 ], [ 1.95311, 41.4046 ], [ 1.95373, 41.40577 ], [ 1.95504, 41.40679 ], [ 1.96012, 41.40875 ], [ 1.96178, 41.40883 ], [ 1.96413, 41.40813 ], [ 1.96322, 41.40711 ], [ 1.96387, 41.40717 ], [ 1.96438, 41.40611 ], [ 1.96586, 41.40592 ], [ 1.96661, 41.40664 ], [ 1.96684, 41.4065 ], [ 1.96664, 41.40598 ], [ 1.96707, 41.4053 ], [ 1.96654, 41.40494 ], [ 1.96866, 41.40475 ], [ 1.96951, 41.40404 ], [ 1.97261, 41.40328 ], [ 1.97383, 41.40177 ], [ 1.97408, 41.40084 ], [ 1.97882, 41.40086 ], [ 1.97983, 41.39988 ], [ 1.98171, 41.40002 ], [ 1.98292, 41.39972 ], [ 1.98471, 41.40066 ], [ 1.98576, 41.40172 ], [ 1.98684, 41.40493 ], [ 1.98916, 41.40758 ], [ 1.9886, 41.40833 ], [ 1.98767, 41.41097 ], [ 1.98621, 41.41191 ], [ 1.98525, 41.41107 ], [ 1.9831, 41.41131 ], [ 1.98262, 41.41167 ], [ 1.98254, 41.41216 ], [ 1.98164, 41.41269 ], [ 1.98401, 41.4136 ], [ 1.9829, 41.41475 ], [ 1.98001, 41.41379 ], [ 1.97762, 41.41347 ], [ 1.97843, 41.41456 ], [ 1.97598, 41.41448 ], [ 1.97639, 41.41595 ], [ 1.97343, 41.41536 ], [ 1.97326, 41.4158 ], [ 1.97372, 41.41622 ], [ 1.9736, 41.41754 ], [ 1.97318, 41.41771 ], [ 1.97178, 41.41689 ], [ 1.97031, 41.41679 ], [ 1.97, 41.41759 ], [ 1.96951, 41.41696 ], [ 1.96877, 41.41666 ], [ 1.96647, 41.41666 ], [ 1.96511, 41.41735 ], [ 1.96198, 41.41625 ], [ 1.96148, 41.41656 ], [ 1.96227, 41.41786 ], [ 1.96174, 41.41787 ], [ 1.96064, 41.41758 ], [ 1.96013, 41.41707 ], [ 1.95933, 41.41723 ], [ 1.9586, 41.41668 ], [ 1.95633, 41.41594 ], [ 1.95586, 41.41638 ], [ 1.95465, 41.41665 ], [ 1.95427, 41.41719 ], [ 1.95236, 41.41768 ], [ 1.95105, 41.41736 ], [ 1.94958, 41.41745 ], [ 1.94682, 41.41658 ], [ 1.94554, 41.41695 ], [ 1.94497, 41.41737 ], [ 1.94518, 41.41751 ], [ 1.94235, 41.41867 ], [ 1.93798, 41.41897 ], [ 1.93669, 41.41817 ], [ 1.9358, 41.41698 ], [ 1.93566, 41.41597 ], [ 1.93665, 41.41521 ] ] ] } },
{ "type": "Feature", "properties": { "id": "muni-el-papiol", "name": "El Papiol", "kind": "municipality" }, "geometry": { "type": "Polygon", "coordinates": [ [ [ 1.99408, 41.43559 ], [ 1.99563, 41.43469 ], [ 1.99762, 41.43145 ], [ 1.99899, 41.43053 ], [ 2.00223, 41.42733 ], [ 2.0056, 41.42144 ], [ 2.007, 41.42204 ], [ 2.00886, 41.42161 ], [ 2.00911, 41.42171 ], [ 2.00818, 41.42449 ], [ 2.01073, 41.42583 ], [ 2.0171, 41.42788 ], [ 2.01791, 41.42726 ], [ 2.01846, 41.4276 ], [ 2.01862, 41.42866 ], [ 2.01974, 41.42929 ], [ 2.01926, 41.42974 ], [ 2.01944, 41.43004 ], [ 2.02077, 41.43042 ], [ 2.02218, 41.4303 ], [ 2.02258, 41.43084 ], [ 2.02418, 41.43145 ], [ 2.02525, 41.43146 ], [ 2.0264, 41.43258 ], [ 2.02745, 41.4329 ], [ 2.02826, 41.43363 ], [ 2.02906, 41.43565 ], [ 2.02992, 41.4367 ], [ 2.03007, 41.43757 ], [ 2.0328, 41.43915 ], [ 2.03261, 41.44008 ], [ 2.03295, 41.44169 ], [ 2.03156, 41.44267 ], [ 2.03114, 41.44566 ], [ 2.02999, 41.44633 ], [ 2.0282, 41.4464 ], [ 2.02708, 41.44683 ], [ 2.02683, 41.44771 ], [ 2.02592, 41.44841 ], [ 2.02566, 41.4494 ], [ 2.02519, 41.44937 ], [ 2.02372, 41.45069 ], [ 2.02459, 41.4519 ], [ 2.02451, 41.45308 ], [ 2.0235, 41.4548 ], [ 2.02409, 41.45671 ], [ 2.02357, 41.45747 ], [ 2.02086, 41.45773 ], [ 2.01982, 41.45839 ], [ 2.01847, 41.45821 ], [ 2.0168, 41.45845 ], [ 2.01557, 41.45898 ], [ 2.01399, 41.45813 ], [ 2.01242, 41.45835 ], [ 2.01122, 41.45796 ], [ 2.01052, 41.45665 ], [ 1.99973, 41.46024 ], [ 1.9992, 41.45984 ], [ 1.99898, 41.45886 ], [ 2.00113, 41.45631 ], [ 1.99954, 41.45453 ], [ 1.9968, 41.45295 ], [ 1.99572, 41.45141 ], [ 1.99557, 41.4498 ], [ 1.99612, 41.44443 ], [ 1.99596, 41.43993 ], [ 1.99509, 41.43628 ], [ 1.99408, 41.43559 ] ] ] } },
{ "type": "Feature", "properties": { "id": "muni-castelldefels", "name": "Castelldefels", "kind": "municipality" }, "geometry": { "type": "Polygon", "coordinates": [ [ [ 1.94266, 41.28027 ], [ 1.94331, 41.27923 ], [ 1.93916, 41.27689 ], [ 1.93725, 41.2748 ], [ 1.93738, 41.27391 ], [ 1.93977, 41.27045 ], [ 1.93945, 41.2693 ], [ 1.9427, 41.2663 ], [ 1.94445, 41.26364 ], [ 1.95844, 41.2642 ], [ 1.98558, 41.26402 ], [ 2.003, 41.26444 ], [ 1.98761, 41.29126 ], [ 1.98467, 41.29115 ], [ 1.98391, 41.29219 ], [ 1.98268, 41.29279 ], [ 1.98154, 41.29406 ], [ 1.98022, 41.29461 ], [ 1.97796, 41.2966 ], [ 1.97103, 41.29329 ], [ 1.96608, 41.29304 ], [ 1.96337, 41.29225 ], [ 1.96069, 41.28999 ], [ 1.95943, 41.28785 ], [ 1.9573, 41.2871 ], [ 1.95364, 41.28374 ], [ 1.95236, 41.28334 ], [ 1.95063, 41.28367 ], [ 1.94983, 41.28353 ], [ 1.94761, 41.28088 ], [ 1.94453, 41.27989 ], [ 1.94266, 41.28027 ] ] ] } }
]
}
