{"type":"FeatureCollection","features":[{"type":"Feature","geometry":{"type":"LineString","coordinates":[[2.17006,41.38575],[2.16973,41.385601],[2.16945,41.385551],[2.16781,41.3857],[2.16759,41.38575],[2.16729,41.385891],[2.1665,41.386581],[2.16563,41.387131],[2.1642,41.388161],[2.15615,41.394291],[2.15584,41.394711],[2.15571,41.39502],[2.15564,41.39537],[2.15539,41.39587],[2.15473,41.396931],[2.15347,41.3983],[2.15156,41.4002],[2.1512,41.400471],[2.15078,41.4007],[2.1501,41.40097],[2.14955,41.401112],[2.14898,41.401192],[2.14772,41.401211],[2.147436,41.401188],[2.147208,41.401154],[2.146701,41.401039],[2.146454,41.400955],[2.146159,41.400795],[2.144453,41.399734],[2.143195,41.398949],[2.14305,41.398846],[2.142106,41.398441],[2.14124,41.398129],[2.140346,41.397964],[2.140177,41.39793],[2.139936,41.397896],[2.139185,41.397869],[2.138767,41.397877],[2.137399,41.397861],[2.136178,41.397858],[2.135336,41.397858],[2.133118,41.397842],[2.132348,41.397842],[2.13028,41.39785],[2.127705,41.397846],[2.127255,41.397884],[2.126938,41.397934],[2.12656,41.398048],[2.126353,41.39814],[2.125574,41.398499]]},"properties":{"routeId":"L6","name":"L6","color":"#797FBC"}},{"type":"Feature","geometry":{"type":"LineString","coordinates":[[2.118768,41.398926],[2.119844,41.399578],[2.120144,41.399742],[2.120332,41.399826],[2.120584,41.399895],[2.121088,41.39999],[2.121244,41.400009],[2.12148,41.400017],[2.121938,41.400002],[2.122453,41.400036],[2.122751,41.399948],[2.123027,41.399899],[2.123827,41.399727],[2.123969,41.399704],[2.124098,41.399719],[2.124194,41.399673],[2.124529,41.399574],[2.124784,41.399376],[2.126353,41.39814],[2.12656,41.398048],[2.126938,41.397934],[2.127255,41.397884],[2.127705,41.397846],[2.13028,41.39785],[2.132348,41.397842],[2.133118,41.397842],[2.135336,41.397858],[2.136178,41.397858],[2.137399,41.397861],[2.138767,41.397877],[2.139185,41.397869],[2.139936,41.397896],[2.140177,41.39793],[2.140346,41.397964],[2.14124,41.398129],[2.142106,41.398441],[2.14305,41.398846],[2.143195,41.398949],[2.144453,41.399734],[2.146159,41.400795],[2.146454,41.400955],[2.146701,41.401039],[2.147208,41.401154],[2.147436,41.401188],[2.14772,41.401211],[2.14898,41.401192],[2.14955,41.401112],[2.1501,41.40097],[2.15078,41.4007],[2.1512,41.400471],[2.15156,41.4002],[2.15347,41.3983],[2.15473,41.396931],[2.15539,41.39587],[2.15564,41.39537],[2.15571,41.39502],[2.15584,41.394711],[2.15615,41.394291],[2.1642,41.388161],[2.16563,41.387131],[2.1665,41.386581],[2.16729,41.385891],[2.16759,41.38575],[2.16781,41.3857],[2.16945,41.385551],[2.16973,41.385601],[2.17006,41.38575]]},"properties":{"routeId":"L6","name":"L6","color":"#797FBC"}},{"type":"Feature","geometry":{"type":"LineString","coordinates":[[2.17006,41.38575],[2.16973,41.385601],[2.16945,41.385551],[2.16781,41.3857],[2.16759,41.38575],[2.16729,41.385891],[2.1665,41.386589],[2.16563,41.387131],[2.1642,41.388161],[2.15615,41.394291],[2.15584,41.394718],[2.15571,41.39502],[2.15564,41.39537],[2.15539,41.39587],[2.15473,41.396938],[2.15347,41.3983],[2.15156,41.4002],[2.1512,41.400471],[2.15078,41.4007],[2.1501,41.40097],[2.14955,41.401119],[2.14898,41.401199],[2.148356,41.401226],[2.147725,41.401215],[2.147425,41.401279],[2.147283,41.401333],[2.146073,41.401993],[2.145032,41.402573],[2.144866,41.402641],[2.144359,41.402809],[2.143726,41.402985],[2.143369,41.403088],[2.143216,41.403141],[2.142272,41.403744],[2.141937,41.403908],[2.141647,41.404022],[2.140687,41.404346],[2.139453,41.405075],[2.139362,41.405163],[2.139252,41.405369],[2.139129,41.40564],[2.139091,41.405735],[2.139059,41.405838],[2.138061,41.407417],[2.137586,41.408215],[2.136784,41.409554],[2.136557,41.409943]]},"properties":{"routeId":"L7","name":"L7","color":"#B2600B"}},{"type":"Feature","geometry":{"type":"LineString","coordinates":[[2.136557,41.409943],[2.136784,41.409554],[2.137586,41.408215],[2.138061,41.407417],[2.139059,41.405838],[2.139091,41.405735],[2.139129,41.40564],[2.139252,41.405369],[2.139362,41.405163],[2.139453,41.405075],[2.140687,41.404346],[2.141647,41.404022],[2.141937,41.403908],[2.142272,41.403744],[2.143216,41.403141],[2.143369,41.403088],[2.143726,41.402985],[2.144359,41.402809],[2.144866,41.402641],[2.145032,41.402573],[2.146073,41.401993],[2.147283,41.401333],[2.147425,41.401279],[2.147725,41.401215],[2.148356,41.401226],[2.14898,41.401199],[2.14955,41.401119],[2.1501,41.40097],[2.15078,41.4007],[2.1512,41.400471],[2.15156,41.4002],[2.15347,41.3983],[2.15473,41.396938],[2.15539,41.39587],[2.15564,41.39537],[2.15571,41.39502],[2.15584,41.394718],[2.15615,41.394291],[2.1642,41.388161],[2.16563,41.387131],[2.1665,41.386589],[2.16729,41.385891],[2.16759,41.38575],[2.16781,41.3857],[2.16945,41.385551],[2.16973,41.385601],[2.17006,41.38575]]},"properties":{"routeId":"L7","name":"L7","color":"#B2600B"}},{"type":"Feature","geometry":{"type":"LineString","coordinates":[[2.17006,41.38575],[2.16973,41.385601],[2.16945,41.385551],[2.16781,41.3857],[2.16759,41.38575],[2.16729,41.385891],[2.1665,41.386581],[2.16563,41.387131],[2.1642,41.388161],[2.15615,41.394291],[2.15584,41.394711],[2.15571,41.39502],[2.15564,41.39537],[2.15539,41.39587],[2.15473,41.396931],[2.15347,41.3983],[2.15156,41.4002],[2.1512,41.400471],[2.15078,41.4007],[2.1501,41.40097],[2.14955,41.401112],[2.14898,41.401192],[2.14772,41.401211],[2.1472,41.40115],[2.1467,41.401031],[2.14615,41.400791],[2.14305,41.398842],[2.14124,41.398121],[2.13993,41.397881],[2.1277,41.397831],[2.12693,41.39793],[2.12635,41.39814],[2.12452,41.39957],[2.12427,41.399841],[2.12413,41.400162],[2.12406,41.400761],[2.12411,41.401131],[2.12442,41.401711],[2.12461,41.401932],[2.1247,41.40242],[2.12467,41.40274],[2.12434,41.40332],[2.12397,41.40353],[2.12377,41.403721],[2.12331,41.40424],[2.12305,41.404621],[2.12261,41.40588],[2.12255,41.406471],[2.12229,41.4072],[2.12209,41.407501],[2.12197,41.407581],[2.12167,41.4077],[2.12019,41.40749],[2.11908,41.407242],[2.1184,41.40694],[2.11796,41.406811],[2.11702,41.406651],[2.11593,41.40662],[2.11561,41.406651],[2.11513,41.406651],[2.11423,41.406872],[2.11374,41.407162],[2.11251,41.408482],[2.11216,41.40871],[2.11187,41.408821],[2.11144,41.4091],[2.10954,41.410881],[2.1058,41.414131],[2.10526,41.414551],[2.10149,41.417011],[2.09827,41.419201],[2.09712,41.41991],[2.09623,41.420712],[2.09482,41.422192],[2.09421,41.42292],[2.09303,41.42474],[2.09215,41.42627],[2.09146,41.42812],[2.09134,41.428371],[2.09089,41.428921],[2.08944,41.429451],[2.08762,41.429241],[2.08707,41.42923],[2.0867,41.429291],[2.08635,41.429401],[2.08456,41.431042],[2.08417,41.431461],[2.08353,41.4319],[2.08293,41.432152],[2.08095,41.432522],[2.08039,41.432732],[2.07986,41.433102],[2.07971,41.433361],[2.07499,41.439442],[2.07285,41.44091],[2.07253,41.441231],[2.07231,41.44162],[2.0722,41.442081],[2.07313,41.44463],[2.07342,41.44519],[2.07431,41.446251],[2.07469,41.446621],[2.07501,41.44717],[2.07533,41.44828],[2.07511,41.44949],[2.07463,41.45026],[2.07363,41.45118],[2.07055,41.453411],[2.06983,41.454021],[2.06895,41.455051],[2.06848,41.456181],[2.0683,41.457161],[2.06834,41.458191],[2.06856,41.45879],[2.06914,41.459862],[2.0696,41.4604],[2.0702,41.460972],[2.07769,41.466541],[2.07813,41.467091],[2.07823,41.467381],[2.07821,41.46838],[2.07788,41.468868],[2.07739,41.469391],[2.07679,41.46949],[2.07017,41.4688],[2.0683,41.468731],[2.06468,41.468811],[2.06298,41.469021],[2.05551,41.470619],[2.05472,41.470879],[2.05424,41.471111],[2.05298,41.47192],[2.05257,41.472309],[2.05067,41.474781],[2.04989,41.475399],[2.04848,41.47599],[2.04476,41.476398],[2.0435,41.476841],[2.043,41.477089],[2.03956,41.480209],[2.03575,41.484131],[2.03529,41.484501],[2.03439,41.485081],[2.03357,41.48547],[2.03167,41.486179],[2.029692,41.486938],[2.027836,41.487957],[2.027417,41.488335],[2.027149,41.488659],[2.026784,41.489292],[2.026645,41.489677],[2.025722,41.491673],[2.025476,41.492516],[2.025379,41.493462],[2.025443,41.494026],[2.025561,41.494507],[2.02569,41.494934],[2.025862,41.495289],[2.028126,41.499981],[2.029992,41.503822],[2.030486,41.504841],[2.031001,41.506088],[2.031237,41.507782],[2.032224,41.513805],[2.033286,41.520008],[2.034177,41.5252],[2.034338,41.526402],[2.034284,41.526958],[2.034144,41.527534],[2.033898,41.528034],[2.03364,41.52845],[2.030872,41.53233],[2.030228,41.53299],[2.029402,41.533607],[2.028759,41.533978],[2.028362,41.534161],[2.023855,41.535854],[2.02334,41.536129],[2.022482,41.53661],[2.02171,41.537205],[2.017322,41.54142],[2.014049,41.545147],[2.013212,41.54612],[2.012912,41.546478],[2.010133,41.549717],[2.00979,41.55019],[2.009554,41.550606],[2.007446,41.556702],[2.007408,41.556942],[2.007687,41.559734],[2.007837,41.560467],[2.007859,41.560692],[2.007855252,41.56068237],[2.007691185,41.56092066],[2.007851272,41.56268889],[2.008094024,41.5632102],[2.008277169,41.56334356],[2.008639917,41.56358685],[2.008953355,41.56371152],[2.009217389,41.56383641],[2.009478794,41.56391243],[2.009788608,41.56398642],[2.010327493,41.56406609],[2.010672612,41.5640795],[2.011046474,41.56404302],[2.011373665,41.56404324],[2.011805762,41.56393402],[2.012100179,41.56379951],[2.012461614,41.56360895],[2.01282805,41.56333053],[2.013441618,41.56271203],[2.014097379,41.56190913],[2.014518778,41.56168247],[2.014864323,41.56147744],[2.015251639,41.56140877],[2.01530045,41.56140823],[2.01566153,41.56139003],[2.016797516,41.56129798],[2.017231438,41.56132409],[2.017958987,41.56145445],[2.01841378,41.5618693],[2.018826378,41.562255],[2.019033769,41.56272466],[2.019180198,41.56309959],[2.019873096,41.56515762],[2.020009769,41.56567871],[2.019561216,41.56660294],[2.019217955,41.56723249],[2.018942053,41.56747397],[2.018502002,41.56772219],[2.018289123,41.56791919],[2.016381605,41.56961023],[2.014836515,41.57086733],[2.014720038,41.5713031],[2.013819812,41.57488462],[2.013390383,41.57987541],[2.013401844,41.58017774]]},"properties":{"routeId":"S1","name":"S1","color":"#EF7900"}},{"type":"Feature","geometry":{"type":"LineString","coordinates":[[2.013401844,41.58017774],[2.013390383,41.57987541],[2.013819812,41.57488462],[2.014720038,41.5713031],[2.014836515,41.57086733],[2.016381605,41.56961023],[2.018289123,41.56791919],[2.018502002,41.56772219],[2.018942053,41.56747397],[2.019217955,41.56723249],[2.019561216,41.56660294],[2.020009769,41.56567871],[2.019873096,41.56515762],[2.019180198,41.56309959],[2.019033769,41.56272466],[2.018826378,41.562255],[2.01841378,41.5618693],[2.017958987,41.56145445],[2.017231438,41.56132409],[2.016797516,41.56129798],[2.01566153,41.56139003],[2.01530045,41.56140823],[2.015251639,41.56140877],[2.014864323,41.56147744],[2.014518778,41.56168247],[2.014097379,41.56190913],[2.013441618,41.56271203],[2.01282805,41.56333053],[2.012461614,41.56360895],[2.012100179,41.56379951],[2.011805762,41.56393402],[2.011373665,41.56404324],[2.011046474,41.56404302],[2.010672612,41.5640795],[2.010327493,41.56406609],[2.009788608,41.56398642],[2.009478794,41.56391243],[2.009217389,41.56383641],[2.008953355,41.56371152],[2.008639917,41.56358685],[2.008277169,41.56334356],[2.008094024,41.5632102],[2.007851272,41.56268889],[2.007691185,41.56092066],[2.007855252,41.56068237],[2.007859,41.560692],[2.007837,41.560467],[2.007687,41.559734],[2.007408,41.556942],[2.007446,41.556702],[2.009554,41.550606],[2.00979,41.55019],[2.010133,41.549717],[2.012912,41.546478],[2.013212,41.54612],[2.014049,41.545147],[2.017322,41.54142],[2.02171,41.537205],[2.022482,41.53661],[2.02334,41.536129],[2.023855,41.535854],[2.028362,41.534161],[2.028759,41.533978],[2.029402,41.533607],[2.030228,41.53299],[2.030872,41.53233],[2.03364,41.52845],[2.033898,41.528034],[2.034144,41.527534],[2.034284,41.526958],[2.034338,41.526402],[2.034177,41.5252],[2.033286,41.520008],[2.032224,41.513805],[2.031237,41.507782],[2.031001,41.506088],[2.030486,41.504841],[2.029992,41.503822],[2.028126,41.499981],[2.025862,41.495289],[2.02569,41.494934],[2.025561,41.494507],[2.025443,41.494026],[2.025379,41.493462],[2.025476,41.492516],[2.025722,41.491673],[2.026645,41.489677],[2.026784,41.489292],[2.027149,41.488659],[2.027417,41.488335],[2.027836,41.487957],[2.029692,41.486938],[2.03167,41.486179],[2.03357,41.48547],[2.03439,41.485081],[2.03529,41.484501],[2.03575,41.484131],[2.03956,41.480209],[2.043,41.477089],[2.0435,41.476841],[2.04476,41.476398],[2.04848,41.47599],[2.04989,41.475399],[2.05067,41.474781],[2.05257,41.472309],[2.05298,41.47192],[2.05424,41.471111],[2.05472,41.470879],[2.05551,41.470619],[2.06298,41.469021],[2.06468,41.468811],[2.0683,41.468731],[2.07017,41.4688],[2.07679,41.46949],[2.07739,41.469391],[2.07788,41.468868],[2.07821,41.46838],[2.07823,41.467381],[2.07813,41.467091],[2.07769,41.466541],[2.0702,41.460972],[2.0696,41.4604],[2.06914,41.459862],[2.06856,41.45879],[2.06834,41.458191],[2.0683,41.457161],[2.06848,41.456181],[2.06895,41.455051],[2.06983,41.454021],[2.07055,41.453411],[2.07363,41.45118],[2.07463,41.45026],[2.07511,41.44949],[2.07533,41.44828],[2.07501,41.44717],[2.07469,41.446621],[2.07431,41.446251],[2.07342,41.44519],[2.07313,41.44463],[2.0722,41.442081],[2.07231,41.44162],[2.07253,41.441231],[2.07285,41.44091],[2.07499,41.439442],[2.07971,41.433361],[2.07986,41.433102],[2.08039,41.432732],[2.08095,41.432522],[2.08293,41.432152],[2.08353,41.4319],[2.08417,41.431461],[2.08456,41.431042],[2.08635,41.429401],[2.0867,41.429291],[2.08707,41.42923],[2.08762,41.429241],[2.08944,41.429451],[2.09089,41.428921],[2.09134,41.428371],[2.09146,41.42812],[2.09215,41.42627],[2.09303,41.42474],[2.09421,41.42292],[2.09482,41.422192],[2.09623,41.420712],[2.09712,41.41991],[2.09827,41.419201],[2.10149,41.417011],[2.10526,41.414551],[2.1058,41.414131],[2.10954,41.410881],[2.11144,41.4091],[2.11187,41.408821],[2.11216,41.40871],[2.11251,41.408482],[2.11374,41.407162],[2.11423,41.406872],[2.11513,41.406651],[2.11561,41.406651],[2.11593,41.40662],[2.11702,41.406651],[2.11796,41.406811],[2.1184,41.40694],[2.11908,41.407242],[2.12019,41.40749],[2.12167,41.4077],[2.12197,41.407581],[2.12209,41.407501],[2.12229,41.4072],[2.12255,41.406471],[2.12261,41.40588],[2.12305,41.404621],[2.12331,41.40424],[2.12377,41.403721],[2.12397,41.40353],[2.12434,41.40332],[2.12467,41.40274],[2.1247,41.40242],[2.12461,41.401932],[2.12442,41.401711],[2.12411,41.401131],[2.12406,41.400761],[2.12413,41.400162],[2.12427,41.399841],[2.12452,41.39957],[2.12635,41.39814],[2.12693,41.39793],[2.1277,41.397831],[2.13993,41.397881],[2.14124,41.398121],[2.14305,41.398842],[2.14615,41.400791],[2.1467,41.401031],[2.1472,41.40115],[2.14772,41.401211],[2.14898,41.401192],[2.14955,41.401112],[2.1501,41.40097],[2.15078,41.4007],[2.1512,41.400471],[2.15156,41.4002],[2.15347,41.3983],[2.15473,41.396931],[2.15539,41.39587],[2.15564,41.39537],[2.15571,41.39502],[2.15584,41.394711],[2.15615,41.394291],[2.1642,41.388161],[2.16563,41.387131],[2.1665,41.386581],[2.16729,41.385891],[2.16759,41.38575],[2.16781,41.3857],[2.16945,41.385551],[2.16973,41.385601],[2.17006,41.38575]]},"properties":{"routeId":"S1","name":"S1","color":"#EF7900"}},{"type":"Feature","geometry":{"type":"LineString","coordinates":[[2.17006,41.38575],[2.16973,41.385601],[2.16945,41.385551],[2.16781,41.3857],[2.16759,41.38575],[2.16729,41.385891],[2.1665,41.386581],[2.16563,41.387131],[2.1642,41.388161],[2.15615,41.394291],[2.15584,41.394711],[2.15571,41.39502],[2.15564,41.39537],[2.15539,41.39587],[2.15473,41.396931],[2.15347,41.3983],[2.15156,41.4002],[2.1512,41.400471],[2.15078,41.4007],[2.1501,41.40097],[2.14955,41.401112],[2.14898,41.401192],[2.14772,41.401211],[2.1472,41.40115],[2.1467,41.401031],[2.14615,41.400791],[2.14305,41.398842],[2.14124,41.398121],[2.13993,41.397881],[2.1277,41.397831],[2.12693,41.39793],[2.12635,41.39814],[2.12452,41.39957],[2.12427,41.399841],[2.12413,41.400162],[2.12406,41.400761],[2.12411,41.401131],[2.12442,41.401711],[2.12461,41.401932],[2.1247,41.40242],[2.12467,41.40274],[2.12434,41.40332],[2.12397,41.40353],[2.12377,41.403721],[2.12331,41.40424],[2.12305,41.404621],[2.12261,41.40588],[2.12255,41.406471],[2.12229,41.4072],[2.12209,41.407501],[2.12167,41.4077],[2.12019,41.40749],[2.11908,41.407242],[2.1184,41.40694],[2.11796,41.406811],[2.11702,41.406651],[2.11593,41.40662],[2.11513,41.406651],[2.11423,41.406872],[2.11374,41.407162],[2.11251,41.408482],[2.11216,41.40871],[2.11187,41.408821],[2.11144,41.4091],[2.10954,41.410881],[2.1058,41.414131],[2.10526,41.414551],[2.10149,41.417011],[2.09827,41.419201],[2.09712,41.41991],[2.09623,41.420712],[2.09482,41.422192],[2.09421,41.42292],[2.09303,41.42474],[2.09215,41.42627],[2.09146,41.42812],[2.09134,41.428371],[2.09089,41.428921],[2.08944,41.429451],[2.08762,41.429241],[2.08707,41.42923],[2.0867,41.429291],[2.08635,41.429401],[2.08456,41.431042],[2.08417,41.431461],[2.08353,41.4319],[2.08293,41.432152],[2.08095,41.432522],[2.08039,41.432732],[2.07986,41.433102],[2.07971,41.433361],[2.07499,41.439442],[2.07285,41.44091],[2.07253,41.441231],[2.07231,41.44162],[2.0722,41.442081],[2.07313,41.44463],[2.07342,41.44519],[2.07431,41.446251],[2.07469,41.446621],[2.07501,41.44717],[2.07533,41.44828],[2.07511,41.44949],[2.07463,41.45026],[2.07363,41.45118],[2.07055,41.453411],[2.06983,41.454021],[2.06895,41.455051],[2.06848,41.456181],[2.0683,41.457161],[2.06834,41.458191],[2.06856,41.45879],[2.06914,41.459862],[2.0696,41.4604],[2.0702,41.460972],[2.07769,41.466541],[2.07813,41.467091],[2.07823,41.467381],[2.07818,41.469341],[2.07799,41.471691],[2.07726,41.472832],[2.07691,41.473461],[2.07605,41.47538],[2.07356,41.479931],[2.0724,41.482311],[2.07216,41.483292],[2.07205,41.484322],[2.07214,41.485111],[2.07236,41.486111],[2.07265,41.486801],[2.07289,41.487171],[2.07369,41.48814],[2.07456,41.489052],[2.07482,41.489262],[2.07548,41.489681],[2.07726,41.490551],[2.08124,41.491772],[2.08251,41.492401],[2.08335,41.492901],[2.08466,41.493912],[2.09163,41.50206],[2.09218,41.502651],[2.09272,41.50304],[2.0933,41.503231],[2.09394,41.50333],[2.09471,41.503262],[2.09521,41.503101],[2.09576,41.5028],[2.09708,41.501801],[2.09743,41.50161],[2.09789,41.501431],[2.09814,41.501381],[2.0986,41.501301],[2.09925,41.501251],[2.10003,41.50135],[2.10053,41.50148],[2.10104,41.501701],[2.10152,41.501991],[2.10263,41.50288],[2.103989,41.504108],[2.105266,41.505161],[2.105802,41.506054],[2.105942,41.506447],[2.105974,41.507004],[2.105888,41.507694],[2.105738,41.508167],[2.105577,41.508415],[2.105287,41.508755],[2.102637,41.51086],[2.101264,41.511406],[2.100127,41.511761],[2.099183,41.511711],[2.094784,41.511616],[2.093689,41.512211],[2.093239,41.512474],[2.092692,41.512859],[2.092654,41.513371],[2.092611,41.514095],[2.092611,41.515121],[2.092595,41.516521],[2.092187,41.51823],[2.09201,41.518661],[2.091501,41.519657],[2.089071,41.523338],[2.088309,41.524544],[2.088062,41.525127],[2.087987,41.525372],[2.087826,41.526379],[2.087912,41.528255],[2.088003,41.528557],[2.088068,41.528725],[2.089822,41.531273],[2.090943,41.53244],[2.093196,41.534721],[2.094076,41.535797],[2.09421,41.536049],[2.094489,41.536671],[2.094612,41.536957],[2.094693,41.53746],[2.095208,41.538742],[2.095293,41.538963],[2.095535,41.539394],[2.095803,41.539864],[2.096168,41.540363],[2.096538,41.540718],[2.097112,41.541176],[2.097766,41.541607],[2.098153,41.541805],[2.098812,41.542133],[2.099172,41.542274],[2.099687,41.542435],[2.100341,41.54258],[2.100824,41.54266],[2.102822,41.542877],[2.103002,41.542915],[2.103171,41.542969],[2.103589,41.543205],[2.1066701506403,41.545946765941],[2.1075386767872,41.546591948766],[2.1078095798866,41.546788674632],[2.1078652357272,41.546836350454],[2.1079041277559,41.546892055842],[2.1079463725509,41.546975362913],[2.1079758768485,41.547057164327],[2.1080006872839,41.547147497059],[2.1080073928061,41.547212235437],[2.1080067222539,41.547286508845],[2.1079973345253,41.547345726774],[2.1079819118243,41.547405948339],[2.1079490547655,41.547466671693],[2.1078999984761,41.547533011099],[2.107113057253,41.548353157165],[2.10581935376,41.549659149876],[2.1004740343512,41.554903349877],[2.1002258313515,41.555236172713],[2.0988842355246,41.557499881139],[2.0961975670998,41.562038857742],[2.0898199773245,41.571345928242]]},"properties":{"routeId":"S2","name":"S2","color":"#88BB0B"}},{"type":"Feature","geometry":{"type":"LineString","coordinates":[[2.0898199773245,41.571345928242],[2.0961975670998,41.562038857742],[2.0988842355246,41.557499881139],[2.1002258313515,41.555236172713],[2.1004740343512,41.554903349877],[2.10581935376,41.549659149876],[2.107113057253,41.548353157165],[2.1078999984761,41.547533011099],[2.1079490547655,41.547466671693],[2.1079819118243,41.547405948339],[2.1079973345253,41.547345726774],[2.1080067222539,41.547286508845],[2.1080073928061,41.547212235437],[2.1080006872839,41.547147497059],[2.1079758768485,41.547057164327],[2.1079463725509,41.546975362913],[2.1079041277559,41.546892055842],[2.1078652357272,41.546836350454],[2.1078095798866,41.546788674632],[2.1075386767872,41.546591948766],[2.1066701506403,41.545946765941],[2.103589,41.543205],[2.103171,41.542969],[2.103002,41.542915],[2.102822,41.542877],[2.100824,41.54266],[2.100341,41.54258],[2.099687,41.542435],[2.099172,41.542274],[2.098812,41.542133],[2.098153,41.541805],[2.097766,41.541607],[2.097112,41.541176],[2.096538,41.540718],[2.096168,41.540363],[2.095803,41.539864],[2.095535,41.539394],[2.095293,41.538963],[2.095208,41.538742],[2.094693,41.53746],[2.094612,41.536957],[2.094489,41.536671],[2.09421,41.536049],[2.094076,41.535797],[2.093196,41.534721],[2.090943,41.53244],[2.089822,41.531273],[2.088068,41.528725],[2.088003,41.528557],[2.087912,41.528255],[2.087826,41.526379],[2.087987,41.525372],[2.088062,41.525127],[2.088309,41.524544],[2.089071,41.523338],[2.091501,41.519657],[2.09201,41.518661],[2.092187,41.51823],[2.092595,41.516521],[2.092611,41.515121],[2.092611,41.514095],[2.092654,41.513371],[2.092692,41.512859],[2.093239,41.512474],[2.093689,41.512211],[2.094784,41.511616],[2.099183,41.511711],[2.100127,41.511761],[2.101264,41.511406],[2.102637,41.51086],[2.105287,41.508755],[2.105577,41.508415],[2.105738,41.508167],[2.105888,41.507694],[2.105974,41.507004],[2.105942,41.506447],[2.105802,41.506054],[2.105266,41.505161],[2.103989,41.504108],[2.10263,41.50288],[2.10152,41.501991],[2.10104,41.501701],[2.10053,41.50148],[2.10003,41.50135],[2.09925,41.501251],[2.0986,41.501301],[2.09814,41.501381],[2.09789,41.501431],[2.09743,41.50161],[2.09708,41.501801],[2.09576,41.5028],[2.09521,41.503101],[2.09471,41.503262],[2.09394,41.50333],[2.0933,41.503231],[2.09272,41.50304],[2.09218,41.502651],[2.09163,41.50206],[2.08466,41.493912],[2.08335,41.492901],[2.08251,41.492401],[2.08124,41.491772],[2.07726,41.490551],[2.07548,41.489681],[2.07482,41.489262],[2.07456,41.489052],[2.07369,41.48814],[2.07289,41.487171],[2.07265,41.486801],[2.07236,41.486111],[2.07214,41.485111],[2.07205,41.484322],[2.07216,41.483292],[2.0724,41.482311],[2.07356,41.479931],[2.07605,41.47538],[2.07691,41.473461],[2.07726,41.472832],[2.07799,41.471691],[2.07818,41.469341],[2.07823,41.467381],[2.07813,41.467091],[2.07769,41.466541],[2.0702,41.460972],[2.0696,41.4604],[2.06914,41.459862],[2.06856,41.45879],[2.06834,41.458191],[2.0683,41.457161],[2.06848,41.456181],[2.06895,41.455051],[2.06983,41.454021],[2.07055,41.453411],[2.07363,41.45118],[2.07463,41.45026],[2.07511,41.44949],[2.07533,41.44828],[2.07501,41.44717],[2.07469,41.446621],[2.07431,41.446251],[2.07342,41.44519],[2.07313,41.44463],[2.0722,41.442081],[2.07231,41.44162],[2.07253,41.441231],[2.07285,41.44091],[2.07499,41.439442],[2.07971,41.433361],[2.07986,41.433102],[2.08039,41.432732],[2.08095,41.432522],[2.08293,41.432152],[2.08353,41.4319],[2.08417,41.431461],[2.08456,41.431042],[2.08635,41.429401],[2.0867,41.429291],[2.08707,41.42923],[2.08762,41.429241],[2.08944,41.429451],[2.09089,41.428921],[2.09134,41.428371],[2.09146,41.42812],[2.09215,41.42627],[2.09303,41.42474],[2.09421,41.42292],[2.09482,41.422192],[2.09623,41.420712],[2.09712,41.41991],[2.09827,41.419201],[2.10149,41.417011],[2.10526,41.414551],[2.1058,41.414131],[2.10954,41.410881],[2.11144,41.4091],[2.11187,41.408821],[2.11216,41.40871],[2.11251,41.408482],[2.11374,41.407162],[2.11423,41.406872],[2.11513,41.406651],[2.11593,41.40662],[2.11702,41.406651],[2.11796,41.406811],[2.1184,41.40694],[2.11908,41.407242],[2.12019,41.40749],[2.12167,41.4077],[2.12209,41.407501],[2.12229,41.4072],[2.12255,41.406471],[2.12261,41.40588],[2.12305,41.404621],[2.12331,41.40424],[2.12377,41.403721],[2.12397,41.40353],[2.12434,41.40332],[2.12467,41.40274],[2.1247,41.40242],[2.12461,41.401932],[2.12442,41.401711],[2.12411,41.401131],[2.12406,41.400761],[2.12413,41.400162],[2.12427,41.399841],[2.12452,41.39957],[2.12635,41.39814],[2.12693,41.39793],[2.1277,41.397831],[2.13993,41.397881],[2.14124,41.398121],[2.14305,41.398842],[2.14615,41.400791],[2.1467,41.401031],[2.1472,41.40115],[2.14772,41.401211],[2.14898,41.401192],[2.14955,41.401112],[2.1501,41.40097],[2.15078,41.4007],[2.1512,41.400471],[2.15156,41.4002],[2.15347,41.3983],[2.15473,41.396931],[2.15539,41.39587],[2.15564,41.39537],[2.15571,41.39502],[2.15584,41.394711],[2.15615,41.394291],[2.1642,41.388161],[2.16563,41.387131],[2.1665,41.386581],[2.16729,41.385891],[2.16759,41.38575],[2.16781,41.3857],[2.16945,41.385551],[2.16973,41.385601],[2.17006,41.38575]]},"properties":{"routeId":"S2","name":"S2","color":"#88BB0B"}},{"type":"Feature","geometry":{"type":"LineString","coordinates":[[2.125574,41.398499],[2.124784,41.399376],[2.124529,41.399574],[2.124194,41.399673],[2.124098,41.399719],[2.123969,41.399704],[2.123827,41.399727],[2.123027,41.399899],[2.122751,41.399948],[2.122453,41.400036],[2.121938,41.400002],[2.12148,41.400017],[2.121244,41.400009],[2.121088,41.39999],[2.120584,41.399895],[2.120332,41.399826],[2.120144,41.399742],[2.118932,41.398745]]},"properties":{"routeId":"L12","name":"L12","color":"#b2aed3"}},{"type":"Feature","geometry":{"type":"LineString","coordinates":[[2.118932,41.398745],[2.120144,41.399742],[2.120332,41.399826],[2.120584,41.399895],[2.121088,41.39999],[2.121244,41.400009],[2.12148,41.400017],[2.121938,41.400002],[2.122453,41.400036],[2.122751,41.399948],[2.123027,41.399899],[2.123827,41.399727],[2.123969,41.399704],[2.124098,41.399719],[2.124194,41.399673],[2.124529,41.399574],[2.124784,41.399376],[2.125574,41.398499]]},"properties":{"routeId":"L12","name":"L12","color":"#b2aed3"}},{"type":"Feature","geometry":{"type":"LineString","coordinates":[[2.1484709,41.3745221],[2.1446568,41.3716237],[2.1372163,41.3660157],[2.1316266,41.361752],[2.1258652,41.3574196],[2.1195191,41.353546],[2.1192616,41.3534614],[2.1188861,41.3534332],[2.118457,41.3534735],[2.1180975,41.3535862],[2.1178079,41.3537594],[2.1175772,41.3540131],[2.1171373,41.3545688],[2.1162629,41.3558694],[2.1134037,41.36021],[2.1128297,41.3610555],[2.1126473,41.3611642],[2.1123093,41.3612689],[2.1120304,41.3612729],[2.1117944,41.3612447],[2.104091,41.358394],[2.1026802,41.3578666],[2.0965594,41.3560908],[2.0878637,41.3535661],[2.0828533,41.3528775],[2.0817053,41.3526279],[2.0772636,41.352056],[2.076754,41.3519473],[2.0728111,41.3513554],[2.0724571,41.3513594],[2.0708317,41.3515164],[2.0698822,41.3516372],[2.0667976,41.3520158],[2.0648611,41.3522614],[2.0645928,41.3523258],[2.0641047,41.352346],[2.0625114,41.3522171],[2.059958,41.351903],[2.0578068,41.3516413],[2.0557898,41.351299],[2.0544595,41.3511258],[2.0534295,41.3510171],[2.0519489,41.3508238],[2.0514446,41.3506748],[2.0489395,41.3495754],[2.0467454,41.348625],[2.0458442,41.3482666],[2.045356,41.3481619],[2.0442992,41.3481539],[2.0437413,41.3482143],[2.0432961,41.3483552],[2.0421642,41.3488707],[2.0407212,41.3495513],[2.0389616,41.3504332],[2.03798,41.3512386],[2.0371914,41.3519554],[2.0367193,41.3526077],[2.0365155,41.3531513],[2.0364189,41.3536869],[2.0363009,41.3554828],[2.0360756,41.3562962],[2.0352763,41.357629],[2.0339942,41.3596302],[2.0334041,41.3605965],[2.0331466,41.3612125],[2.0328301,41.3624365],[2.0326746,41.3628069],[2.0322669,41.3634229],[2.0309472,41.3648683],[2.030223,41.3656292],[2.0297509,41.3660842],[2.0288444,41.3667203],[2.0279431,41.3673523],[2.0261621,41.3686084],[2.0245367,41.3697115],[2.0240325,41.3701382],[2.0233887,41.3707823],[2.0229006,41.3715311],[2.022391,41.3726865],[2.021538,41.3748321],[2.0209962,41.3757298],[2.0178151,41.3797631],[2.0171016,41.3808982],[2.0151383,41.3841021],[2.0135397,41.3866981],[2.0132285,41.3871891],[2.0123702,41.388151],[2.0097256,41.3912419],[2.0091999,41.3918415],[2.008996,41.3922359],[2.0088619,41.3927309],[2.0087975,41.3934351],[2.0087385,41.3940267],[2.0086741,41.3943044],[2.0084918,41.3947028],[2.0069361,41.3968517],[2.0054448,41.3987953],[2.0052087,41.3990649],[2.0047367,41.3997369],[2.0042539,41.4006503],[2.0038086,41.4016684],[2.0032829,41.4028192],[2.0026606,41.4041671],[2.0021027,41.4054386],[2.0017272,41.4063036]]},"properties":{"routeId":"L8","name":"L8","color":"#E274AA"}},{"type":"Feature","geometry":{"type":"LineString","coordinates":[[2.0017272,41.4063036],[2.0021027,41.4054386],[2.0026606,41.4041671],[2.0032829,41.4028192],[2.0038086,41.4016684],[2.0042539,41.4006503],[2.0047367,41.3997369],[2.0052087,41.3990649],[2.0054448,41.3987953],[2.0069361,41.3968517],[2.0084918,41.3947028],[2.0086741,41.3943044],[2.0087385,41.3940267],[2.0087975,41.3934351],[2.0088619,41.3927309],[2.008996,41.3922359],[2.0091999,41.3918415],[2.0097256,41.3912419],[2.0123702,41.388151],[2.0132285,41.3871891],[2.0135397,41.3866981],[2.0151383,41.3841021],[2.0171016,41.3808982],[2.0178151,41.3797631],[2.0209962,41.3757298],[2.021538,41.3748321],[2.022391,41.3726865],[2.0229006,41.3715311],[2.0233887,41.3707823],[2.0240325,41.3701382],[2.0245367,41.3697115],[2.0261621,41.3686084],[2.0279431,41.3673523],[2.0288444,41.3667203],[2.0297509,41.3660842],[2.030223,41.3656292],[2.0309472,41.3648683],[2.0322669,41.3634229],[2.0326746,41.3628069],[2.0328301,41.3624365],[2.0331466,41.3612125],[2.0334041,41.3605965],[2.0339942,41.3596302],[2.0352763,41.357629],[2.0360756,41.3562962],[2.0363009,41.3554828],[2.0364189,41.3536869],[2.0365155,41.3531513],[2.0367193,41.3526077],[2.0371914,41.3519554],[2.03798,41.3512386],[2.0389616,41.3504332],[2.0407212,41.3495513],[2.0421642,41.3488707],[2.0432961,41.3483552],[2.0437413,41.3482143],[2.0442992,41.3481539],[2.045356,41.3481619],[2.0458442,41.3482666],[2.0467454,41.348625],[2.0489395,41.3495754],[2.0514446,41.3506748],[2.0519489,41.3508238],[2.0534295,41.3510171],[2.0544595,41.3511258],[2.0557898,41.351299],[2.0578068,41.3516413],[2.059958,41.351903],[2.0625114,41.3522171],[2.0641047,41.352346],[2.0645928,41.3523258],[2.0648611,41.3522614],[2.0667976,41.3520158],[2.0698822,41.3516372],[2.0708317,41.3515164],[2.0724571,41.3513594],[2.0728111,41.3513554],[2.076754,41.3519473],[2.0772636,41.352056],[2.0817053,41.3526279],[2.0828533,41.3528775],[2.0878637,41.3535661],[2.0965594,41.3560908],[2.1026802,41.3578666],[2.104091,41.358394],[2.1117944,41.3612447],[2.1120304,41.3612729],[2.1123093,41.3612689],[2.1126473,41.3611642],[2.1128297,41.3610555],[2.1134037,41.36021],[2.1162629,41.3558694],[2.1171373,41.3545688],[2.1175772,41.3540131],[2.1178079,41.3537594],[2.1180975,41.3535862],[2.118457,41.3534735],[2.1188861,41.3534332],[2.1192616,41.3534614],[2.1195191,41.353546],[2.1258652,41.3574196],[2.1316266,41.361752],[2.1372163,41.3660157],[2.1446568,41.3716237],[2.1484709,41.3745221]]},"properties":{"routeId":"L8","name":"L8","color":"#E274AA"}},{"type":"Feature","geometry":{"type":"LineString","coordinates":[[2.1484709,41.3745221],[2.1446568,41.3716237],[2.1372163,41.3660157],[2.1316266,41.361752],[2.1258652,41.3574196],[2.1195191,41.353546],[2.1192616,41.3534614],[2.1188861,41.3534332],[2.118457,41.3534735],[2.1180975,41.3535862],[2.1178079,41.3537594],[2.1175772,41.3540131],[2.1171373,41.3545688],[2.1162629,41.3558694],[2.1134037,41.36021],[2.1128297,41.3610555],[2.1126473,41.3611642],[2.1123093,41.3612689],[2.1120304,41.3612729],[2.1117944,41.3612447],[2.104091,41.358394],[2.1026802,41.3578666],[2.0965594,41.3560908],[2.0878637,41.3535661],[2.0828533,41.3528775],[2.0817053,41.3526279],[2.0772636,41.352056],[2.076754,41.3519473],[2.0728111,41.3513554],[2.0724571,41.3513594],[2.0708317,41.3515164],[2.0698822,41.3516372],[2.0667976,41.3520158],[2.0648611,41.3522614],[2.0645928,41.3523258],[2.0641047,41.352346],[2.0625114,41.3522171],[2.059958,41.351903],[2.0578068,41.3516413],[2.0557898,41.351299],[2.0544595,41.3511258],[2.0534295,41.3510171],[2.0519489,41.3508238],[2.0514446,41.3506748],[2.0489395,41.3495754],[2.0467454,41.348625],[2.0458442,41.3482666],[2.045356,41.3481619],[2.0442992,41.3481539],[2.0437413,41.3482143],[2.0432961,41.3483552],[2.0421642,41.3488707],[2.0407212,41.3495513],[2.0389616,41.3504332],[2.03798,41.3512386],[2.0371914,41.3519554],[2.0367193,41.3526077],[2.0365155,41.3531513],[2.0364189,41.3536869],[2.0363009,41.3554828],[2.0360756,41.3562962],[2.0352763,41.357629],[2.0339942,41.3596302],[2.0334041,41.3605965],[2.0331466,41.3612125],[2.0328301,41.3624365],[2.0326746,41.3628069],[2.0322669,41.3634229],[2.0309472,41.3648683],[2.030223,41.3656292],[2.0297509,41.3660842],[2.0288444,41.3667203],[2.0279431,41.3673523],[2.0261621,41.3686084],[2.0245367,41.3697115],[2.0240325,41.3701382],[2.0233887,41.3707823],[2.0229006,41.3715311],[2.022391,41.3726865],[2.021538,41.3748321],[2.0209962,41.3757298],[2.0178151,41.3797631],[2.0171016,41.3808982],[2.0151383,41.3841021],[2.0135397,41.3866981],[2.0132285,41.3871891],[2.0123702,41.388151],[2.0097256,41.3912419],[2.0091999,41.3918415],[2.008996,41.3922359],[2.0088619,41.3927309],[2.0087975,41.3934351],[2.0087385,41.3940267],[2.0086741,41.3943044],[2.0084918,41.3947028],[2.0069361,41.3968517],[2.0054448,41.3987953],[2.0052087,41.3990649],[2.0047367,41.3997369],[2.0042539,41.4006503],[2.0038086,41.4016684],[2.0032829,41.4028192],[2.0026606,41.4041671],[2.0021027,41.4054386],[2.0017272,41.4063036],[2.00086889298,41.408347515519],[2.0006114009293,41.410858063855],[1.9994526867013,41.413111037452],[1.9981223111061,41.414848992268],[1.9959336286754,41.419740763572],[1.9953328138904,41.421800346529],[1.9946032530802,41.42823612227],[1.9934445385989,41.432644260747],[1.992457485738,41.43557212874],[1.9888955119351,41.438725069814],[1.9815999038325,41.442263902681],[1.9791108140093,41.444033246749],[1.9753771783648,41.445545193602],[1.9660216338568,41.452782748298],[1.9627600678816,41.455484561733],[1.9584685329906,41.459054642836],[1.9549494749647,41.460887851234],[1.9538765914202,41.462463725804],[1.9534474380024,41.463910923818],[1.9508296021538,41.466805222952],[1.94834051207,41.468188009247],[1.9438773165249,41.469570765954],[1.9392424596127,41.47429764172],[1.9387274745131,41.475423037764],[1.9392853739563,41.476805640151],[1.9400149347665,41.478734803497],[1.9395857813487,41.480181638322],[1.938555813146,41.480824665654],[1.9368391994748,41.480921119204],[1.9326334959804,41.479956577249],[1.9244883916084,41.479153433833],[1.9222997091776,41.479828623077],[1.9210766219369,41.480986073985],[1.9205187224938,41.481805922538],[1.9202397727722,41.482625760719],[1.918909397177,41.483734937042]]},"properties":{"routeId":"S8","name":"S8","color":"#49C0DE"}},{"type":"Feature","geometry":{"type":"LineString","coordinates":[[1.918909397177,41.483734937042],[1.9202397727722,41.482625760719],[1.9205187224938,41.481805922538],[1.9210766219369,41.480986073985],[1.9222997091776,41.479828623077],[1.9244883916084,41.479153433833],[1.9326334959804,41.479956577249],[1.9368391994748,41.480921119204],[1.938555813146,41.480824665654],[1.9395857813487,41.480181638322],[1.9400149347665,41.478734803497],[1.9392853739563,41.476805640151],[1.9387274745131,41.475423037764],[1.9392424596127,41.47429764172],[1.9438773165249,41.469570765954],[1.94834051207,41.468188009247],[1.9508296021538,41.466805222952],[1.9534474380024,41.463910923818],[1.9538765914202,41.462463725804],[1.9549494749647,41.460887851234],[1.9584685329906,41.459054642836],[1.9627600678816,41.455484561733],[1.9660216338568,41.452782748298],[1.9753771783648,41.445545193602],[1.9791108140093,41.444033246749],[1.9815999038325,41.442263902681],[1.9888955119351,41.438725069814],[1.992457485738,41.43557212874],[1.9934445385989,41.432644260747],[1.9946032530802,41.42823612227],[1.9953328138904,41.421800346529],[1.9959336286754,41.419740763572],[1.9981223111061,41.414848992268],[1.9994526867013,41.413111037452],[2.0006114009293,41.410858063855],[2.00086889298,41.408347515519],[2.0017272,41.4063036],[2.0021027,41.4054386],[2.0026606,41.4041671],[2.0032829,41.4028192],[2.0038086,41.4016684],[2.0042539,41.4006503],[2.0047367,41.3997369],[2.0052087,41.3990649],[2.0054448,41.3987953],[2.0069361,41.3968517],[2.0084918,41.3947028],[2.0086741,41.3943044],[2.0087385,41.3940267],[2.0087975,41.3934351],[2.0088619,41.3927309],[2.008996,41.3922359],[2.0091999,41.3918415],[2.0097256,41.3912419],[2.0123702,41.388151],[2.0132285,41.3871891],[2.0135397,41.3866981],[2.0151383,41.3841021],[2.0171016,41.3808982],[2.0178151,41.3797631],[2.0209962,41.3757298],[2.021538,41.3748321],[2.022391,41.3726865],[2.0229006,41.3715311],[2.0233887,41.3707823],[2.0240325,41.3701382],[2.0245367,41.3697115],[2.0261621,41.3686084],[2.0279431,41.3673523],[2.0288444,41.3667203],[2.0297509,41.3660842],[2.030223,41.3656292],[2.0309472,41.3648683],[2.0322669,41.3634229],[2.0326746,41.3628069],[2.0328301,41.3624365],[2.0331466,41.3612125],[2.0334041,41.3605965],[2.0339942,41.3596302],[2.0352763,41.357629],[2.0360756,41.3562962],[2.0363009,41.3554828],[2.0364189,41.3536869],[2.0365155,41.3531513],[2.0367193,41.3526077],[2.0371914,41.3519554],[2.03798,41.3512386],[2.0389616,41.3504332],[2.0407212,41.3495513],[2.0421642,41.3488707],[2.0432961,41.3483552],[2.0437413,41.3482143],[2.0442992,41.3481539],[2.045356,41.3481619],[2.0458442,41.3482666],[2.0467454,41.348625],[2.0489395,41.3495754],[2.0514446,41.3506748],[2.0519489,41.3508238],[2.0534295,41.3510171],[2.0544595,41.3511258],[2.0557898,41.351299],[2.0578068,41.3516413],[2.059958,41.351903],[2.0625114,41.3522171],[2.0641047,41.352346],[2.0645928,41.3523258],[2.0648611,41.3522614],[2.0667976,41.3520158],[2.0698822,41.3516372],[2.0708317,41.3515164],[2.0724571,41.3513594],[2.0728111,41.3513554],[2.076754,41.3519473],[2.0772636,41.352056],[2.0817053,41.3526279],[2.0828533,41.3528775],[2.0878637,41.3535661],[2.0965594,41.3560908],[2.1026802,41.3578666],[2.104091,41.358394],[2.1117944,41.3612447],[2.1120304,41.3612729],[2.1123093,41.3612689],[2.1126473,41.3611642],[2.1128297,41.3610555],[2.1134037,41.36021],[2.1162629,41.3558694],[2.1171373,41.3545688],[2.1175772,41.3540131],[2.1178079,41.3537594],[2.1180975,41.3535862],[2.118457,41.3534735],[2.1188861,41.3534332],[2.1192616,41.3534614],[2.1195191,41.353546],[2.1258652,41.3574196],[2.1316266,41.361752],[2.1372163,41.3660157],[2.1446568,41.3716237],[2.1484709,41.3745221]]},"properties":{"routeId":"S8","name":"S8","color":"#49C0DE"}},{"type":"Feature","geometry":{"type":"LineString","coordinates":[[1.82746,41.73151],[1.83018,41.7313],[1.83093,41.731312],[1.83212,41.73175],[1.83487,41.733002],[1.83529,41.733131],[1.83589,41.733131],[1.83625,41.733009],[1.83745,41.73204],[1.83761,41.731812],[1.83774,41.731331],[1.8372,41.7286],[1.83691,41.727612],[1.8367,41.727131],[1.83627,41.726822],[1.83489,41.726311],[1.83443,41.726082],[1.83394,41.725491],[1.83382,41.725151],[1.83382,41.724731],[1.83391,41.724152],[1.83448,41.723492],[1.83471,41.723091],[1.83498,41.72184],[1.83423,41.719181],[1.83391,41.716942],[1.83414,41.716091],[1.83533,41.713821],[1.83553,41.71328],[1.83637,41.71188],[1.83656,41.711632],[1.83683,41.711411],[1.83772,41.710991],[1.83881,41.710361],[1.84185,41.708191],[1.84241,41.707901],[1.84366,41.70747],[1.84403,41.707241],[1.84429,41.706902],[1.84501,41.704491],[1.8455,41.703251],[1.84616,41.70211],[1.8467,41.700871],[1.84722,41.698662],[1.84828,41.69619],[1.85028,41.693642],[1.85133,41.69249],[1.85307,41.691181],[1.85403,41.690552],[1.8557,41.689251],[1.85592,41.689072],[1.85612,41.68877],[1.85631,41.68837],[1.85634,41.687801],[1.85521,41.683491],[1.85526,41.682861],[1.85604,41.680962],[1.8561,41.68026],[1.856,41.679771],[1.85531,41.67765],[1.85512,41.67675],[1.85517,41.676182],[1.85554,41.675442],[1.85578,41.67519],[1.85795,41.67366],[1.8585,41.673222],[1.85874,41.67292],[1.85902,41.67244],[1.85917,41.671822],[1.85953,41.66806],[1.85979,41.667042],[1.86014,41.66629],[1.86085,41.665291],[1.86117,41.664631],[1.86123,41.664371],[1.86117,41.664021],[1.86094,41.663521],[1.85965,41.66169],[1.85931,41.661091],[1.85838,41.657261],[1.85731,41.652191],[1.85732,41.65181],[1.85815,41.650002],[1.85826,41.649502],[1.85837,41.648571],[1.85832,41.64819],[1.85738,41.645222],[1.85732,41.644791],[1.85732,41.644291],[1.85785,41.6427],[1.85789,41.642311],[1.85746,41.6418],[1.85654,41.641281],[1.85536,41.640831],[1.85473,41.640491],[1.85395,41.639931],[1.85228,41.638401],[1.85192,41.638031],[1.85156,41.637531],[1.85134,41.637032],[1.85087,41.634102],[1.85074,41.633781],[1.8502,41.633011],[1.85009,41.632771],[1.85004,41.632401],[1.85022,41.631531],[1.85156,41.627281],[1.85185,41.625462],[1.85187,41.62479],[1.85268,41.623661],[1.85295,41.622711],[1.85312,41.622662],[1.85365,41.622292],[1.85528,41.620731],[1.85544,41.620541],[1.85546,41.620411],[1.85501,41.618462],[1.85484,41.618031],[1.85463,41.617741],[1.85211,41.615002],[1.8511,41.61412],[1.85002,41.613491],[1.84934,41.61298],[1.84893,41.61216],[1.84882,41.61166],[1.84884,41.611172],[1.84893,41.61087],[1.85094,41.6082],[1.85346,41.605701],[1.85364,41.605282],[1.85423,41.602982],[1.85465,41.602291],[1.85641,41.600101],[1.85665,41.599491],[1.85709,41.596062],[1.857,41.595531],[1.85616,41.593781],[1.85565,41.593151],[1.85471,41.592731],[1.85365,41.59206],[1.8535,41.591862],[1.85332,41.59119],[1.8534,41.590912],[1.85356,41.590641],[1.85417,41.589931],[1.85456,41.588951],[1.85489,41.588451],[1.85547,41.587372],[1.85597,41.58667],[1.86158,41.580971],[1.8618,41.580681],[1.862,41.580231],[1.86193,41.577591],[1.86285,41.576431],[1.86344,41.575771],[1.86493,41.574631],[1.8667,41.573391],[1.87547,41.571941],[1.87773,41.571621],[1.87823,41.571381],[1.88037,41.569881],[1.88113,41.569141],[1.88126,41.56778],[1.8812,41.566181],[1.88125,41.56591],[1.88225,41.564121],[1.8824,41.563671],[1.88224,41.562431],[1.88198,41.561852],[1.88181,41.561272],[1.88169,41.560501],[1.88123,41.558411],[1.88111,41.55809],[1.88079,41.557652],[1.87972,41.55645],[1.87952,41.55595],[1.87948,41.555561],[1.87997,41.5541],[1.88043,41.551941],[1.8807,41.551411],[1.88114,41.55085],[1.88209,41.54784],[1.88282,41.546181],[1.88374,41.545021],[1.88427,41.544472],[1.88665,41.542412],[1.88771,41.54158],[1.89164,41.53923],[1.89267,41.538792],[1.89369,41.538441],[1.89659,41.53764],[1.89735,41.53735],[1.89814,41.53693],[1.8988,41.53648],[1.89968,41.535782],[1.90137,41.53429],[1.90192,41.533932],[1.90428,41.53196],[1.90513,41.53059],[1.90552,41.530231],[1.90579,41.52956],[1.90575,41.52932],[1.90636,41.528301],[1.9067,41.527451],[1.90684,41.526852],[1.90692,41.52565],[1.90665,41.517941],[1.90689,41.51672],[1.91062,41.508781],[1.91076,41.507881],[1.91072,41.507481],[1.91043,41.506882],[1.90998,41.506142],[1.9098,41.505581],[1.90956,41.502522],[1.90973,41.501701],[1.91016,41.500751],[1.91123,41.499161],[1.91463,41.491871],[1.917715,41.484734],[1.9193,41.483551],[1.91959,41.48341],[1.920065,41.482967],[1.920148,41.482861],[1.920228,41.482731],[1.920309,41.48259],[1.920365,41.482471],[1.92051,41.482101],[1.920982,41.480671],[1.92125,41.480331],[1.921615,41.480057],[1.922082,41.479774],[1.923074,41.479256],[1.923476,41.479122],[1.923777,41.479073],[1.924045,41.479057],[1.92486,41.479221],[1.925429,41.479401],[1.925933,41.4795],[1.926448,41.479568],[1.927038,41.479599],[1.927838,41.479744],[1.928793,41.479797],[1.931244,41.479824],[1.93258,41.480019],[1.9359,41.480762],[1.937086,41.48098],[1.937537,41.481033],[1.937955,41.480999],[1.938733,41.480766],[1.939023,41.480568],[1.939495,41.480202],[1.939763,41.479832],[1.939967,41.479477],[1.93996,41.478371],[1.93928,41.476871],[1.93904,41.475151],[1.93907,41.474522],[1.93917,41.474281],[1.94473,41.469212],[1.94495,41.469101],[1.94747,41.468651],[1.94813,41.468491],[1.94894,41.46822],[1.94959,41.46788],[1.95219,41.46566],[1.95342,41.464481],[1.95369,41.464001],[1.95425,41.461842],[1.95439,41.461552],[1.95469,41.461201],[1.95487,41.46106],[1.95828,41.459461],[1.95884,41.459091],[1.96932,41.450081],[1.97053,41.44923],[1.97115,41.448502],[1.97136,41.448441],[1.9728,41.447441],[1.97336,41.44714],[1.97476,41.44627],[1.97515,41.445992],[1.97546,41.445671],[1.97593,41.44553],[1.97874,41.444271],[1.97908,41.444061],[1.98083,41.44268],[1.98146,41.442341],[1.98314,41.44173],[1.98392,41.441391],[1.98475,41.440941],[1.98713,41.43951],[1.98914,41.43858],[1.99037,41.437771],[1.99165,41.436722],[1.99203,41.43626],[1.99274,41.434971],[1.9933,41.433102],[1.99562,41.424191],[1.9957,41.423561],[1.99535,41.422401],[1.9953,41.42205],[1.99546,41.421242],[1.99584,41.420071],[1.99782,41.415531],[2.00004,41.412312],[2.00027,41.4119],[2.00056,41.410831],[2.00064,41.410141],[2.00065,41.40921],[2.00086,41.40826],[2.00454,41.39983],[2.00672,41.397171],[2.00716,41.39645],[2.00861,41.39444],[2.00871,41.394161],[2.0089,41.39246],[2.00906,41.39204],[2.01072,41.390011],[2.01328,41.387032],[2.01747,41.38026],[2.0184,41.378922],[2.01977,41.37722],[2.02147,41.374882],[2.02234,41.372711],[2.02318,41.37093],[2.02346,41.370602],[2.02515,41.369202],[2.02768,41.367432],[2.02963,41.365871],[2.03102,41.364262],[2.03234,41.362621],[2.03252,41.362202],[2.03262,41.361462],[2.03287,41.360741],[2.03573,41.355942],[2.03617,41.35387],[2.03653,41.352821],[2.03682,41.352242],[2.03888,41.350422],[2.0394,41.35014],[2.04334,41.348351],[2.04385,41.348202],[2.04488,41.348141],[2.04547,41.348171],[2.04605,41.348331],[2.04987,41.349991],[2.05167,41.35067],[2.05207,41.350761],[2.05286,41.350842],[2.0551,41.351372],[2.05879,41.35173],[2.06091,41.35215],[2.06214,41.352291],[2.06337,41.352322],[2.06825,41.351761],[2.07259,41.351341],[2.07921,41.352341],[2.08497,41.353062],[2.09751,41.355721],[2.09843,41.356152],[2.10071,41.357101],[2.10481,41.35873],[2.10776,41.359821],[2.10961,41.360561],[2.11154,41.36124],[2.112,41.361221],[2.11276,41.361061],[2.11308,41.360882],[2.11332,41.36063],[2.11585,41.356911],[2.11605,41.35672],[2.11613,41.356491],[2.11631,41.35622],[2.11667,41.35593],[2.1166,41.355431],[2.11669,41.35479],[2.11685,41.35466],[2.11732,41.354431],[2.11833,41.353821],[2.11894,41.353661],[2.11949,41.35371],[2.12142,41.354141],[2.12698,41.358231],[2.13022,41.360771],[2.13086,41.36121],[2.13375,41.363461],[2.13577,41.364941],[2.13758,41.36636],[2.13929,41.367531],[2.14882,41.374771]]},"properties":{"routeId":"R53","name":"R53","color":"#3dbfc3"}},{"type":"Feature","geometry":{"type":"LineString","coordinates":[[2.1484709,41.3745221],[2.1446568,41.3716237],[2.1372163,41.3660157],[2.1316266,41.361752],[2.1258652,41.3574196],[2.1195191,41.353546],[2.1192616,41.3534614],[2.1188861,41.3534332],[2.118457,41.3534735],[2.1180975,41.3535862],[2.1178079,41.3537594],[2.1175772,41.3540131],[2.1171373,41.3545688],[2.1162629,41.3558694],[2.1134037,41.36021],[2.1128297,41.3610555],[2.1126473,41.3611642],[2.1123093,41.3612689],[2.1120304,41.3612729],[2.1117944,41.3612447],[2.104091,41.358394],[2.1026802,41.3578666],[2.0965594,41.3560908],[2.0878637,41.3535661],[2.0828533,41.3528775],[2.0817053,41.3526279],[2.0772636,41.352056],[2.076754,41.3519473],[2.0728111,41.3513554],[2.0724571,41.3513594],[2.0708317,41.3515164],[2.0698822,41.3516372],[2.0667976,41.3520158],[2.0648611,41.3522614],[2.0645928,41.3523258],[2.0641047,41.352346],[2.0625114,41.3522171],[2.059958,41.351903],[2.0578068,41.3516413],[2.0557898,41.351299],[2.0544595,41.3511258],[2.0534295,41.3510171],[2.0519489,41.3508238],[2.0514446,41.3506748],[2.0489395,41.3495754],[2.0467454,41.348625],[2.0458442,41.3482666],[2.045356,41.3481619],[2.0442992,41.3481539],[2.0437413,41.3482143],[2.0432961,41.3483552],[2.0421642,41.3488707],[2.0407212,41.3495513],[2.0389616,41.3504332],[2.03798,41.3512386],[2.0371914,41.3519554],[2.0367193,41.3526077],[2.0365155,41.3531513],[2.0364189,41.3536869],[2.0363009,41.3554828],[2.0360756,41.3562962],[2.0352763,41.357629],[2.0339942,41.3596302],[2.0334041,41.3605965],[2.0331466,41.3612125],[2.0328301,41.3624365],[2.0326746,41.3628069],[2.0322669,41.3634229],[2.0309472,41.3648683],[2.030223,41.3656292],[2.0297509,41.3660842],[2.0288444,41.3667203],[2.0279431,41.3673523],[2.0261621,41.3686084],[2.0245367,41.3697115],[2.0240325,41.3701382],[2.0233887,41.3707823],[2.0229006,41.3715311],[2.022391,41.3726865],[2.021538,41.3748321],[2.0209962,41.3757298],[2.0178151,41.3797631],[2.0171016,41.3808982],[2.0151383,41.3841021],[2.0135397,41.3866981],[2.0132285,41.3871891],[2.0123702,41.388151],[2.0097256,41.3912419],[2.0091999,41.3918415],[2.008996,41.3922359],[2.0088619,41.3927309],[2.0087975,41.3934351],[2.0087385,41.3940267],[2.0086741,41.3943044],[2.0084918,41.3947028],[2.0069361,41.3968517],[2.0054448,41.3987953],[2.0052087,41.3990649],[2.0047367,41.3997369],[2.0042539,41.4006503],[2.0038086,41.4016684],[2.0032829,41.4028192],[2.0026606,41.4041671],[2.0021027,41.4054386],[2.0017272,41.4063036],[2.00086889298,41.408347515519],[2.0006114009293,41.410858063855],[1.9994526867013,41.413111037452],[1.9981223111061,41.414848992268],[1.9959336286754,41.419740763572],[1.9953328138904,41.421800346529],[1.9946032530802,41.42823612227],[1.9934445385989,41.432644260747],[1.992457485738,41.43557212874],[1.9888955119351,41.438725069814],[1.9815999038325,41.442263902681],[1.9791108140093,41.444033246749],[1.9753771783648,41.445545193602],[1.9660216338568,41.452782748298],[1.9627600678816,41.455484561733],[1.9584685329906,41.459054642836],[1.9549494749647,41.460887851234],[1.9538765914202,41.462463725804],[1.9534474380024,41.463910923818],[1.9508296021538,41.466805222952],[1.94834051207,41.468188009247],[1.9438773165249,41.469570765954],[1.9392424596127,41.47429764172],[1.9387274745131,41.475423037764],[1.9392853739563,41.476805640151],[1.9400149347665,41.478734803497],[1.9395857813487,41.480181638322],[1.938555813146,41.480824665654],[1.9368391994748,41.480921119204],[1.9326334959804,41.479956577249],[1.9244883916084,41.479153433833],[1.9222997091776,41.479828623077],[1.9210766219369,41.480986073985],[1.9205187224938,41.481805922538],[1.9202397727722,41.482625760719],[1.918909397177,41.483734937042],[1.917579023331,41.484819924681],[1.9169782085461,41.486202326604],[1.9138133109771,41.49362325539],[1.9115540427948,41.498832103783],[1.9109746856808,41.499748152044],[1.9099554462195,41.501323081971],[1.9096335811562,41.502423903073],[1.9096550388135,41.503275620458],[1.9098910731872,41.505212030531],[1.9101914805796,41.506184231159],[1.9105348033139,41.506923415256],[1.9106635493417,41.507357280305],[1.9105777186581,41.508586548672],[1.9100090903795,41.509855964712],[1.9096228522586,41.510699550282],[1.9089469356256,41.512153705194],[1.9079598827432,41.51492534651],[1.9076594753095,41.515656397386],[1.906972829841,41.517086341044],[1.9068226261448,41.517640636549],[1.9067904396385,41.518098529256],[1.9067904396004,41.519046437261],[1.9068333549422,41.522460397414],[1.906844083777,41.524002645141],[1.9068548126124,41.526123175632],[1.9068548125946,41.526733618526],[1.906768981911,41.527496664007],[1.9065544052021,41.527970550881],[1.9060286921959,41.529086982599],[1.90552443693,41.530171268254],[1.9052776737147,41.530653167156],[1.9047734184488,41.531392071834],[1.9040760441449,41.5321149052],[1.9034645005246,41.532612852376],[1.9010826988523,41.534540353761],[1.9000527304412,41.535407710666],[1.8983361167701,41.53674887846],[1.896984283504,41.537471651966],[1.8945381088117,41.538242601503],[1.8925747319253,41.538844899409],[1.8917915269378,41.539174153226],[1.8909439489377,41.539639924056],[1.8902787608137,41.540033417563],[1.8887230796742,41.540940852471],[1.8884977741299,41.541117519734],[1.8838315355525,41.544803674946],[1.8827342780665,41.546054603892],[1.8823642726219,41.546933104458],[1.8814711560636,41.54959717978],[1.8803738985633,41.552872218785],[1.8795828524605,41.555182787907],[1.8795445760366,41.555860666458],[1.8798125110041,41.556500348148],[1.8803738985555,41.557149570915],[1.8810501153782,41.557913353984],[1.8812670151138,41.558400260979],[1.8814328796175,41.559116294013],[1.8815859853191,41.560242836641],[1.8816752969749,41.561340719413],[1.8817646086307,41.561665307269],[1.8822622021418,41.56256268874],[1.8823387549897,41.562791805416],[1.8822366845454,41.564433784569],[1.8820070260018,41.56494928102],[1.881369085603,41.565646149315],[1.8811394270594,41.565980261585],[1.8812704005717,41.567912655134],[1.8809270778232,41.569357497337],[1.8806272493937,41.569823483878],[1.879951032571,41.57045348198],[1.8760934672371,41.572498890893],[1.8712011180712,41.573205212084],[1.8682185016938,41.57336573855],[1.8665448032949,41.57357442236],[1.8658152424544,41.57392757804],[1.8652144276445,41.574393098487],[1.8635192715739,41.575725431567],[1.8622747266106,41.577170099032],[1.8619743192057,41.57773190543],[1.8619314038198,41.57888760615],[1.8618884884762,41.580524813339],[1.8617597424455,41.580990286236],[1.8615237080559,41.58135945201],[1.8609443509179,41.581840969414],[1.8602362477491,41.58240273518],[1.859957298016,41.582948445815],[1.8598285519616,41.583205249292],[1.8587985837161,41.584296652388],[1.8571892582777,41.585516434073],[1.8562451207194,41.586367057624],[1.8557730519402,41.586960882517],[1.8555370175506,41.58760284923],[1.8549576604126,41.588405298645],[1.8546572530076,41.588790470822],[1.8543139302592,41.589721294094],[1.8535420855748,41.590674910593],[1.8533613924628,41.591078397982],[1.8533386331649,41.591330886217],[1.8534031178421,41.591628764326],[1.8535756262582,41.592003445282],[1.8538921269169,41.592388595991],[1.8543159159346,41.592649373812],[1.8548845442501,41.592914162544],[1.8555336388214,41.593295295901],[1.8559252413314,41.593608224764],[1.8562900217667,41.594113722052],[1.8567835482177,41.594984291398],[1.8570893200498,41.595750543211],[1.8570785912139,41.596757488527],[1.8568532856653,41.598626915101],[1.8567245396361,41.599509458205],[1.856536785008,41.599962759726],[1.8563651236337,41.600215483971],[1.8548013038496,41.60246540825],[1.8544312984183,41.603123709583],[1.8542016398699,41.603877408692],[1.8538571520546,41.604612018308],[1.853640252319,41.605356159781],[1.8534105937754,41.605756847788],[1.8532957645036,41.605919030322],[1.8516243606289,41.607598072669],[1.8506674500136,41.608609292975],[1.8496339865675,41.609935303104],[1.8491555312607,41.610498133734],[1.8489421110554,41.610885005337],[1.848813141701,41.611423858553],[1.848813141701,41.611718807881],[1.8490107983583,41.612210747381],[1.850986599209,41.614094443382],[1.850986599209,41.614094443382],[1.8543769113503,41.617471301428],[1.8547953359959,41.617984632581],[1.8550206415496,41.618481918197],[1.8552030317598,41.619283983692],[1.8553854219699,41.620061977692],[1.8553317777905,41.620454981402],[1.855278133621,41.620671533477],[1.8550099127237,41.620992349979],[1.8550206415596,41.621016411152],[1.853808283104,41.622147276171],[1.8536580794016,41.62228362026],[1.8529928915703,41.622909195376],[1.8527568571807,41.623286141521],[1.8526495688218,41.623743286017],[1.8504203932277,41.630904102965],[1.8501677817177,41.631807696509],[1.8500595196421,41.63238760808],[1.850185825397,41.6329540283],[1.8503482185105,41.633183292212],[1.8507993104925,41.633830621208],[1.8509797472905,41.634504915394],[1.8513045335175,41.636689579907],[1.8515932323817,41.637525666558],[1.8521525864394,41.63825386216],[1.8525675910628,41.638658411717],[1.8532712945547,41.639265231291],[1.8544621773872,41.640263099944],[1.8550215314449,41.640667636888],[1.8557793660082,41.64095081129],[1.8568258994064,41.641436250138],[1.8574844937002,41.641807069016],[1.8579066700587,41.642283139905],[1.8579832229066,41.642912430876],[1.8575621822433,41.64390402842],[1.8574601117795,41.644247270169],[1.8574218353556,41.644743060577],[1.8574218353556,41.645210244202],[1.8574601117795,41.645791835409],[1.8574345941765,41.645829972417],[1.8584042635827,41.648423231715],[1.8584042635827,41.648871321091],[1.8582128814775,41.649757956909],[1.857409076575,41.651683725855],[1.8572942473038,41.652036459501],[1.8572942473038,41.65241779097],[1.8573325237278,41.652856319368],[1.8578428760444,41.655020318041],[1.8592591037382,41.660920896382],[1.8596546268087,41.66166438816],[1.86109637211,41.663713711878],[1.861223960195,41.664028253516],[1.8612494778109,41.664342793567],[1.8611474073471,41.664704989298],[1.8609305076115,41.665133902661],[1.8602925672127,41.666144220623],[1.8600373910532,41.666563593234],[1.8598204913176,41.667068742979],[1.8596801444299,41.667449985445],[1.8595963766572,41.667876682179],[1.8594712850502,41.668903432239],[1.8592908482539,41.670460193189],[1.8591916080178,41.671733878664],[1.8590833459431,41.672246041396],[1.8589750838675,41.672535815865],[1.858686384999,41.672980583441],[1.8583525769176,41.673344481929],[1.8573240871987,41.674092488967],[1.8564309250743,41.674712452177],[1.8556702471067,41.675300514558],[1.8553912973735,41.675685167864],[1.8551445341481,41.676374332621],[1.8551445341481,41.676622750666],[1.8553161955223,41.677680519995],[1.8554556703941,41.678153305271],[1.8559921121886,41.67977196733],[1.8560994005475,41.680116528751],[1.8561208582193,41.680573270115],[1.8559062815076,41.681374562972],[1.8554020262208,41.68249635614],[1.8552518225183,41.683025194708],[1.8552518225183,41.683521978494],[1.8554342127239,41.68434727219],[1.8562603330927,41.687424001733],[1.8563568926157,41.68816912503],[1.8562603330927,41.688489605514],[1.8558955526724,41.689058454442],[1.8555736875957,41.689362906731],[1.8547475672288,41.689931747971],[1.8541789389266,41.690356372634],[1.8514108992132,41.692407350458],[1.8467632804684,41.696153426293],[1.8463555847046,41.69672220745],[1.8462697540175,41.697058667175],[1.8462482963457,41.697595396902],[1.8463555846978,41.697971906192],[1.8467525516257,41.699189537956],[1.8467847381334,41.699966567229],[1.8467096362822,41.700495262191],[1.845754769881,41.703451067636],[1.8455080066555,41.703947693691],[1.8448857341578,41.704748695436],[1.8445853267529,41.705357450041],[1.8445638690811,41.705477598296],[1.8442205463326,41.706791204562],[1.843930867745,41.707215717961],[1.8435660873247,41.70744799767],[1.8420318637924,41.708072745826],[1.8415490661497,41.708377108148],[1.8388883147695,41.710275335204],[1.8371073280118,41.711236441428],[1.8366245303967,41.711556806976],[1.836109546274,41.712181515202],[1.8345002208706,41.715617301981],[1.8336718310016,41.717317956021],[1.8336074579863,41.717606257806],[1.833543084971,41.718519204928],[1.8337147463447,41.719271976179],[1.8341224421085,41.719832544752],[1.8344550360211,41.720545260591],[1.8340228030771,41.724113802516],[1.8339812836544,41.72440660188],[1.8343576740104,41.725686289416],[1.8364146534483,41.727315741551],[1.8371183569402,41.728312245631],[1.8372085753366,41.728648898922],[1.8375874926015,41.730520659047],[1.8377061688503,41.731274734108],[1.8375020279226,41.731903155238],[1.8366599465962,41.732750561874],[1.8362644235489,41.732988595435],[1.835715794806,41.733150457753],[1.8351926836789,41.733121893844],[1.8345675020881,41.732912424792],[1.8332150684426,41.732322099242],[1.8329912330369,41.732185446463],[1.8318580471328,41.73171339763],[1.8313588051005,41.731503956158],[1.8307594769241,41.73132278648],[1.8301184233684,41.731252016936],[1.8295646137617,41.731311463359],[1.8287452790396,41.731393555947],[1.8279714629131,41.731438848364]]},"properties":{"routeId":"R5","name":"R5","color":"#3dbfc3"}},{"type":"Feature","geometry":{"type":"LineString","coordinates":[[1.8279714629131,41.731438848364],[1.8287452790396,41.731393555947],[1.8295646137617,41.731311463359],[1.8301184233684,41.731252016936],[1.8307594769241,41.73132278648],[1.8313588051005,41.731503956158],[1.8318580471328,41.73171339763],[1.8329912330369,41.732185446463],[1.8332150684426,41.732322099242],[1.8345675020881,41.732912424792],[1.8351926836789,41.733121893844],[1.835715794806,41.733150457753],[1.8362644235489,41.732988595435],[1.8366599465962,41.732750561874],[1.8375020279226,41.731903155238],[1.8377061688503,41.731274734108],[1.8375874926015,41.730520659047],[1.8372085753366,41.728648898922],[1.8371183569402,41.728312245631],[1.8364146534483,41.727315741551],[1.8343576740104,41.725686289416],[1.8339812836544,41.72440660188],[1.8340228030771,41.724113802516],[1.8344550360211,41.720545260591],[1.8341224421085,41.719832544752],[1.8337147463447,41.719271976179],[1.833543084971,41.718519204928],[1.8336074579863,41.717606257806],[1.8336718310016,41.717317956021],[1.8345002208706,41.715617301981],[1.836109546274,41.712181515202],[1.8366245303967,41.711556806976],[1.8371073280118,41.711236441428],[1.8388883147695,41.710275335204],[1.8415490661497,41.708377108148],[1.8420318637924,41.708072745826],[1.8435660873247,41.70744799767],[1.843930867745,41.707215717961],[1.8442205463326,41.706791204562],[1.8445638690811,41.705477598296],[1.8445853267529,41.705357450041],[1.8448857341578,41.704748695436],[1.8455080066555,41.703947693691],[1.845754769881,41.703451067636],[1.8467096362822,41.700495262191],[1.8467847381334,41.699966567229],[1.8467525516257,41.699189537956],[1.8463555846978,41.697971906192],[1.8462482963457,41.697595396902],[1.8462697540175,41.697058667175],[1.8463555847046,41.69672220745],[1.8467632804684,41.696153426293],[1.8514108992132,41.692407350458],[1.8541789389266,41.690356372634],[1.8547475672288,41.689931747971],[1.8555736875957,41.689362906731],[1.8558955526724,41.689058454442],[1.8562603330927,41.688489605514],[1.8563568926157,41.68816912503],[1.8562603330927,41.687424001733],[1.8554342127239,41.68434727219],[1.8552518225183,41.683521978494],[1.8552518225183,41.683025194708],[1.8554020262208,41.68249635614],[1.8559062815076,41.681374562972],[1.8561208582193,41.680573270115],[1.8560994005475,41.680116528751],[1.8559921121886,41.67977196733],[1.8554556703941,41.678153305271],[1.8553161955223,41.677680519995],[1.8551445341481,41.676622750666],[1.8551445341481,41.676374332621],[1.8553912973735,41.675685167864],[1.8556702471067,41.675300514558],[1.8564309250743,41.674712452177],[1.8573240871987,41.674092488967],[1.8583525769176,41.673344481929],[1.858686384999,41.672980583441],[1.8589750838675,41.672535815865],[1.8590833459431,41.672246041396],[1.8591916080178,41.671733878664],[1.8592908482539,41.670460193189],[1.8594712850502,41.668903432239],[1.8595963766572,41.667876682179],[1.8596801444299,41.667449985445],[1.8598204913176,41.667068742979],[1.8600373910532,41.666563593234],[1.8602925672127,41.666144220623],[1.8609305076115,41.665133902661],[1.8611474073471,41.664704989298],[1.8612494778109,41.664342793567],[1.861223960195,41.664028253516],[1.86109637211,41.663713711878],[1.8596546268087,41.66166438816],[1.8592591037382,41.660920896382],[1.8578428760444,41.655020318041],[1.8573325237278,41.652856319368],[1.8572942473038,41.65241779097],[1.8572942473038,41.652036459501],[1.857409076575,41.651683725855],[1.8582128814775,41.649757956909],[1.8584042635827,41.648871321091],[1.8584042635827,41.648423231715],[1.8574345941765,41.645829972417],[1.8574601117795,41.645791835409],[1.8574218353556,41.645210244202],[1.8574218353556,41.644743060577],[1.8574601117795,41.644247270169],[1.8575621822433,41.64390402842],[1.8579832229066,41.642912430876],[1.8579066700587,41.642283139905],[1.8574844937002,41.641807069016],[1.8568258994064,41.641436250138],[1.8557793660082,41.64095081129],[1.8550215314449,41.640667636888],[1.8544621773872,41.640263099944],[1.8532712945547,41.639265231291],[1.8525675910628,41.638658411717],[1.8521525864394,41.63825386216],[1.8515932323817,41.637525666558],[1.8513045335175,41.636689579907],[1.8509797472905,41.634504915394],[1.8507993104925,41.633830621208],[1.8503482185105,41.633183292212],[1.850185825397,41.6329540283],[1.8500595196421,41.63238760808],[1.8501677817177,41.631807696509],[1.8504203932277,41.630904102965],[1.8526495688218,41.623743286017],[1.8527568571807,41.623286141521],[1.8529928915703,41.622909195376],[1.8536580794016,41.62228362026],[1.853808283104,41.622147276171],[1.8550206415596,41.621016411152],[1.8550099127237,41.620992349979],[1.855278133621,41.620671533477],[1.8553317777905,41.620454981402],[1.8553854219699,41.620061977692],[1.8552030317598,41.619283983692],[1.8550206415496,41.618481918197],[1.8547953359959,41.617984632581],[1.8543769113503,41.617471301428],[1.850986599209,41.614094443382],[1.850986599209,41.614094443382],[1.8490107983583,41.612210747381],[1.848813141701,41.611718807881],[1.848813141701,41.611423858553],[1.8489421110554,41.610885005337],[1.8491555312607,41.610498133734],[1.8496339865675,41.609935303104],[1.8506674500136,41.608609292975],[1.8516243606289,41.607598072669],[1.8532957645036,41.605919030322],[1.8534105937754,41.605756847788],[1.853640252319,41.605356159781],[1.8538571520546,41.604612018308],[1.8542016398699,41.603877408692],[1.8544312984183,41.603123709583],[1.8548013038496,41.60246540825],[1.8563651236337,41.600215483971],[1.856536785008,41.599962759726],[1.8567245396361,41.599509458205],[1.8568532856653,41.598626915101],[1.8570785912139,41.596757488527],[1.8570893200498,41.595750543211],[1.8567835482177,41.594984291398],[1.8562900217667,41.594113722052],[1.8559252413314,41.593608224764],[1.8555336388214,41.593295295901],[1.8548845442501,41.592914162544],[1.8543159159346,41.592649373812],[1.8538921269169,41.592388595991],[1.8535756262582,41.592003445282],[1.8534031178421,41.591628764326],[1.8533386331649,41.591330886217],[1.8533613924628,41.591078397982],[1.8535420855748,41.590674910593],[1.8543139302592,41.589721294094],[1.8546572530076,41.588790470822],[1.8549576604126,41.588405298645],[1.8555370175506,41.58760284923],[1.8557730519402,41.586960882517],[1.8562451207194,41.586367057624],[1.8571892582777,41.585516434073],[1.8587985837161,41.584296652388],[1.8598285519616,41.583205249292],[1.859957298016,41.582948445815],[1.8602362477491,41.58240273518],[1.8609443509179,41.581840969414],[1.8615237080559,41.58135945201],[1.8617597424455,41.580990286236],[1.8618884884762,41.580524813339],[1.8619314038198,41.57888760615],[1.8619743192057,41.57773190543],[1.8622747266106,41.577170099032],[1.8635192715739,41.575725431567],[1.8652144276445,41.574393098487],[1.8658152424544,41.57392757804],[1.8665448032949,41.57357442236],[1.8682185016938,41.57336573855],[1.8712011180712,41.573205212084],[1.8760934672371,41.572498890893],[1.879951032571,41.57045348198],[1.8806272493937,41.569823483878],[1.8809270778232,41.569357497337],[1.8812704005717,41.567912655134],[1.8811394270594,41.565980261585],[1.881369085603,41.565646149315],[1.8820070260018,41.56494928102],[1.8822366845454,41.564433784569],[1.8823387549897,41.562791805416],[1.8822622021418,41.56256268874],[1.8817646086307,41.561665307269],[1.8816752969749,41.561340719413],[1.8815859853191,41.560242836641],[1.8814328796175,41.559116294013],[1.8812670151138,41.558400260979],[1.8810501153782,41.557913353984],[1.8803738985555,41.557149570915],[1.8798125110041,41.556500348148],[1.8795445760366,41.555860666458],[1.8795828524605,41.555182787907],[1.8803738985633,41.552872218785],[1.8814711560636,41.54959717978],[1.8823642726219,41.546933104458],[1.8827342780665,41.546054603892],[1.8838315355525,41.544803674946],[1.8884977741299,41.541117519734],[1.8887230796742,41.540940852471],[1.8902787608137,41.540033417563],[1.8909439489377,41.539639924056],[1.8917915269378,41.539174153226],[1.8925747319253,41.538844899409],[1.8945381088117,41.538242601503],[1.896984283504,41.537471651966],[1.8983361167701,41.53674887846],[1.9000527304412,41.535407710666],[1.9010826988523,41.534540353761],[1.9034645005246,41.532612852376],[1.9040760441449,41.5321149052],[1.9047734184488,41.531392071834],[1.9052776737147,41.530653167156],[1.90552443693,41.530171268254],[1.9060286921959,41.529086982599],[1.9065544052021,41.527970550881],[1.906768981911,41.527496664007],[1.9068548125946,41.526733618526],[1.9068548126124,41.526123175632],[1.906844083777,41.524002645141],[1.9068333549422,41.522460397414],[1.9067904396004,41.519046437261],[1.9067904396385,41.518098529256],[1.9068226261448,41.517640636549],[1.906972829841,41.517086341044],[1.9076594753095,41.515656397386],[1.9079598827432,41.51492534651],[1.9089469356256,41.512153705194],[1.9096228522586,41.510699550282],[1.9100090903795,41.509855964712],[1.9105777186581,41.508586548672],[1.9106635493417,41.507357280305],[1.9105348033139,41.506923415256],[1.9101914805796,41.506184231159],[1.9098910731872,41.505212030531],[1.9096550388135,41.503275620458],[1.9096335811562,41.502423903073],[1.9099554462195,41.501323081971],[1.9109746856808,41.499748152044],[1.9115540427948,41.498832103783],[1.9138133109771,41.49362325539],[1.9169782085461,41.486202326604],[1.917579023331,41.484819924681],[1.918909397177,41.483734937042],[1.9202397727722,41.482625760719],[1.9205187224938,41.481805922538],[1.9210766219369,41.480986073985],[1.9222997091776,41.479828623077],[1.9244883916084,41.479153433833],[1.9326334959804,41.479956577249],[1.9368391994748,41.480921119204],[1.938555813146,41.480824665654],[1.9395857813487,41.480181638322],[1.9400149347665,41.478734803497],[1.9392853739563,41.476805640151],[1.9387274745131,41.475423037764],[1.9392424596127,41.47429764172],[1.9438773165249,41.469570765954],[1.94834051207,41.468188009247],[1.9508296021538,41.466805222952],[1.9534474380024,41.463910923818],[1.9538765914202,41.462463725804],[1.9549494749647,41.460887851234],[1.9584685329906,41.459054642836],[1.9627600678816,41.455484561733],[1.9660216338568,41.452782748298],[1.9753771783648,41.445545193602],[1.9791108140093,41.444033246749],[1.9815999038325,41.442263902681],[1.9888955119351,41.438725069814],[1.992457485738,41.43557212874],[1.9934445385989,41.432644260747],[1.9946032530802,41.42823612227],[1.9953328138904,41.421800346529],[1.9959336286754,41.419740763572],[1.9981223111061,41.414848992268],[1.9994526867013,41.413111037452],[2.0006114009293,41.410858063855],[2.00086889298,41.408347515519],[2.0017272,41.4063036],[2.0021027,41.4054386],[2.0026606,41.4041671],[2.0032829,41.4028192],[2.0038086,41.4016684],[2.0042539,41.4006503],[2.0047367,41.3997369],[2.0052087,41.3990649],[2.0054448,41.3987953],[2.0069361,41.3968517],[2.0084918,41.3947028],[2.0086741,41.3943044],[2.0087385,41.3940267],[2.0087975,41.3934351],[2.0088619,41.3927309],[2.008996,41.3922359],[2.0091999,41.3918415],[2.0097256,41.3912419],[2.0123702,41.388151],[2.0132285,41.3871891],[2.0135397,41.3866981],[2.0151383,41.3841021],[2.0171016,41.3808982],[2.0178151,41.3797631],[2.0209962,41.3757298],[2.021538,41.3748321],[2.022391,41.3726865],[2.0229006,41.3715311],[2.0233887,41.3707823],[2.0240325,41.3701382],[2.0245367,41.3697115],[2.0261621,41.3686084],[2.0279431,41.3673523],[2.0288444,41.3667203],[2.0297509,41.3660842],[2.030223,41.3656292],[2.0309472,41.3648683],[2.0322669,41.3634229],[2.0326746,41.3628069],[2.0328301,41.3624365],[2.0331466,41.3612125],[2.0334041,41.3605965],[2.0339942,41.3596302],[2.0352763,41.357629],[2.0360756,41.3562962],[2.0363009,41.3554828],[2.0364189,41.3536869],[2.0365155,41.3531513],[2.0367193,41.3526077],[2.0371914,41.3519554],[2.03798,41.3512386],[2.0389616,41.3504332],[2.0407212,41.3495513],[2.0421642,41.3488707],[2.0432961,41.3483552],[2.0437413,41.3482143],[2.0442992,41.3481539],[2.045356,41.3481619],[2.0458442,41.3482666],[2.0467454,41.348625],[2.0489395,41.3495754],[2.0514446,41.3506748],[2.0519489,41.3508238],[2.0534295,41.3510171],[2.0544595,41.3511258],[2.0557898,41.351299],[2.0578068,41.3516413],[2.059958,41.351903],[2.0625114,41.3522171],[2.0641047,41.352346],[2.0645928,41.3523258],[2.0648611,41.3522614],[2.0667976,41.3520158],[2.0698822,41.3516372],[2.0708317,41.3515164],[2.0724571,41.3513594],[2.0728111,41.3513554],[2.076754,41.3519473],[2.0772636,41.352056],[2.0817053,41.3526279],[2.0828533,41.3528775],[2.0878637,41.3535661],[2.0965594,41.3560908],[2.1026802,41.3578666],[2.104091,41.358394],[2.1117944,41.3612447],[2.1120304,41.3612729],[2.1123093,41.3612689],[2.1126473,41.3611642],[2.1128297,41.3610555],[2.1134037,41.36021],[2.1162629,41.3558694],[2.1171373,41.3545688],[2.1175772,41.3540131],[2.1178079,41.3537594],[2.1180975,41.3535862],[2.118457,41.3534735],[2.1188861,41.3534332],[2.1192616,41.3534614],[2.1195191,41.353546],[2.1258652,41.3574196],[2.1316266,41.361752],[2.1372163,41.3660157],[2.1446568,41.3716237],[2.1484709,41.3745221]]},"properties":{"routeId":"R5","name":"R5","color":"#3dbfc3"}},{"type":"Feature","geometry":{"type":"LineString","coordinates":[[2.1484709,41.3745221],[2.1446568,41.3716237],[2.1372163,41.3660157],[2.1316266,41.361752],[2.1258652,41.3574196],[2.1195191,41.353546],[2.1192616,41.3534614],[2.1188861,41.3534332],[2.118457,41.3534735],[2.1180975,41.3535862],[2.1178079,41.3537594],[2.1175772,41.3540131],[2.1171373,41.3545688],[2.1162629,41.3558694],[2.1134037,41.36021],[2.1128297,41.3610555],[2.1126473,41.3611642],[2.1123093,41.3612689],[2.1120304,41.3612729],[2.1117944,41.3612447],[2.104091,41.358394],[2.1026802,41.3578666],[2.0965594,41.3560908],[2.0878637,41.3535661],[2.0828533,41.3528775],[2.0817053,41.3526279],[2.0772636,41.352056],[2.076754,41.3519473],[2.0728111,41.3513554],[2.0724571,41.3513594],[2.0708317,41.3515164],[2.0698822,41.3516372],[2.0667976,41.3520158],[2.0648611,41.3522614],[2.0645928,41.3523258],[2.0641047,41.352346],[2.0625114,41.3522171],[2.059958,41.351903],[2.0578068,41.3516413],[2.0557898,41.351299],[2.0544595,41.3511258],[2.0534295,41.3510171],[2.0519489,41.3508238],[2.0514446,41.3506748],[2.0489395,41.3495754],[2.0467454,41.348625],[2.0458442,41.3482666],[2.045356,41.3481619],[2.0442992,41.3481539],[2.0437413,41.3482143],[2.0432961,41.3483552],[2.0421642,41.3488707],[2.0407212,41.3495513],[2.0389616,41.3504332],[2.03798,41.3512386],[2.0371914,41.3519554],[2.0367193,41.3526077],[2.0365155,41.3531513],[2.0364189,41.3536869],[2.0363009,41.3554828],[2.0360756,41.3562962],[2.0352763,41.357629],[2.0339942,41.3596302],[2.0334041,41.3605965],[2.0331466,41.3612125],[2.0328301,41.3624365],[2.0326746,41.3628069],[2.0322669,41.3634229],[2.0309472,41.3648683],[2.030223,41.3656292],[2.0297509,41.3660842],[2.0288444,41.3667203],[2.0279431,41.3673523],[2.0261621,41.3686084],[2.0245367,41.3697115],[2.0240325,41.3701382],[2.0233887,41.3707823],[2.0229006,41.3715311],[2.022391,41.3726865],[2.021538,41.3748321],[2.0209962,41.3757298],[2.0178151,41.3797631],[2.0171016,41.3808982],[2.0151383,41.3841021],[2.0135397,41.3866981],[2.0132285,41.3871891],[2.0123702,41.388151],[2.0097256,41.3912419],[2.0091999,41.3918415],[2.008996,41.3922359],[2.0088619,41.3927309],[2.0087975,41.3934351],[2.0087385,41.3940267],[2.0086741,41.3943044],[2.0084918,41.3947028],[2.0069361,41.3968517],[2.0054448,41.3987953],[2.0052087,41.3990649],[2.0047367,41.3997369],[2.0042539,41.4006503],[2.0038086,41.4016684],[2.0032829,41.4028192],[2.0026606,41.4041671],[2.0021027,41.4054386],[2.0017272,41.4063036],[2.00086889298,41.408347515519],[2.0006114009293,41.410858063855],[1.9994526867013,41.413111037452],[1.9981223111061,41.414848992268],[1.9959336286754,41.419740763572],[1.9953328138904,41.421800346529],[1.9946032530802,41.42823612227],[1.9934445385989,41.432644260747],[1.992457485738,41.43557212874],[1.9888955119351,41.438725069814],[1.9815999038325,41.442263902681],[1.9791108140093,41.444033246749],[1.9753771783648,41.445545193602],[1.9660216338568,41.452782748298],[1.9627600678816,41.455484561733],[1.9584685329906,41.459054642836],[1.9549494749647,41.460887851234],[1.9538765914202,41.462463725804],[1.9534474380024,41.463910923818],[1.9508296021538,41.466805222952],[1.94834051207,41.468188009247],[1.9438773165249,41.469570765954],[1.9392424596127,41.47429764172],[1.9387274745131,41.475423037764],[1.9392853739563,41.476805640151],[1.9400149347665,41.478734803497],[1.9395857813487,41.480181638322],[1.938555813146,41.480824665654],[1.9368391994748,41.480921119204],[1.9326334959804,41.479956577249],[1.9244883916084,41.479153433833],[1.9222997091776,41.479828623077],[1.9210766219369,41.480986073985],[1.9205187224938,41.481805922538],[1.9202397727722,41.482625760719],[1.918909397177,41.483734937042],[1.917579023331,41.484819924681],[1.9169782085461,41.486202326604],[1.9138133109771,41.49362325539],[1.9115540427948,41.498832103783],[1.9109746856808,41.499748152044],[1.9099554462195,41.501323081971],[1.9096335811562,41.502423903073],[1.9096550388135,41.503275620458],[1.9098910731872,41.505212030531],[1.9101914805796,41.506184231159],[1.9105348033139,41.506923415256],[1.9106635493417,41.507357280305],[1.9105777186581,41.508586548672],[1.9100090903795,41.509855964712],[1.9096228522586,41.510699550282],[1.9089469356256,41.512153705194],[1.9079598827432,41.51492534651],[1.9076594753095,41.515656397386],[1.906972829841,41.517086341044],[1.9068226261448,41.517640636549],[1.9067904396385,41.518098529256],[1.9067904396004,41.519046437261],[1.9068333549422,41.522460397414],[1.906844083777,41.524002645141],[1.9068548126124,41.526123175632],[1.9068548125946,41.526733618526],[1.906768981911,41.527496664007],[1.9065544052021,41.527970550881],[1.9060286921959,41.529086982599],[1.90552443693,41.530171268254],[1.9052776737147,41.530653167156],[1.9047734184488,41.531392071834],[1.9040760441449,41.5321149052],[1.9034645005246,41.532612852376],[1.9010826988523,41.534540353761],[1.9000527304412,41.535407710666],[1.8983361167701,41.53674887846],[1.896984283504,41.537471651966],[1.8945381088117,41.538242601503],[1.8925747319253,41.538844899409],[1.8917915269378,41.539174153226],[1.8909439489377,41.539639924056],[1.8902787608137,41.540033417563],[1.8887230796742,41.540940852471],[1.8884977741299,41.541117519734]]},"properties":{"routeId":"S4","name":"S4","color":"#A78600"}},{"type":"Feature","geometry":{"type":"LineString","coordinates":[[1.8884977741299,41.541117519734],[1.8887230796742,41.540940852471],[1.8902787608137,41.540033417563],[1.8909439489377,41.539639924056],[1.8917915269378,41.539174153226],[1.8925747319253,41.538844899409],[1.8945381088117,41.538242601503],[1.896984283504,41.537471651966],[1.8983361167701,41.53674887846],[1.9000527304412,41.535407710666],[1.9010826988523,41.534540353761],[1.9034645005246,41.532612852376],[1.9040760441449,41.5321149052],[1.9047734184488,41.531392071834],[1.9052776737147,41.530653167156],[1.90552443693,41.530171268254],[1.9060286921959,41.529086982599],[1.9065544052021,41.527970550881],[1.906768981911,41.527496664007],[1.9068548125946,41.526733618526],[1.9068548126124,41.526123175632],[1.906844083777,41.524002645141],[1.9068333549422,41.522460397414],[1.9067904396004,41.519046437261],[1.9067904396385,41.518098529256],[1.9068226261448,41.517640636549],[1.906972829841,41.517086341044],[1.9076594753095,41.515656397386],[1.9079598827432,41.51492534651],[1.9089469356256,41.512153705194],[1.9096228522586,41.510699550282],[1.9100090903795,41.509855964712],[1.9105777186581,41.508586548672],[1.9106635493417,41.507357280305],[1.9105348033139,41.506923415256],[1.9101914805796,41.506184231159],[1.9098910731872,41.505212030531],[1.9096550388135,41.503275620458],[1.9096335811562,41.502423903073],[1.9099554462195,41.501323081971],[1.9109746856808,41.499748152044],[1.9115540427948,41.498832103783],[1.9138133109771,41.49362325539],[1.9169782085461,41.486202326604],[1.917579023331,41.484819924681],[1.918909397177,41.483734937042],[1.9202397727722,41.482625760719],[1.9205187224938,41.481805922538],[1.9210766219369,41.480986073985],[1.9222997091776,41.479828623077],[1.9244883916084,41.479153433833],[1.9326334959804,41.479956577249],[1.9368391994748,41.480921119204],[1.938555813146,41.480824665654],[1.9395857813487,41.480181638322],[1.9400149347665,41.478734803497],[1.9392853739563,41.476805640151],[1.9387274745131,41.475423037764],[1.9392424596127,41.47429764172],[1.9438773165249,41.469570765954],[1.94834051207,41.468188009247],[1.9508296021538,41.466805222952],[1.9534474380024,41.463910923818],[1.9538765914202,41.462463725804],[1.9549494749647,41.460887851234],[1.9584685329906,41.459054642836],[1.9627600678816,41.455484561733],[1.9660216338568,41.452782748298],[1.9753771783648,41.445545193602],[1.9791108140093,41.444033246749],[1.9815999038325,41.442263902681],[1.9888955119351,41.438725069814],[1.992457485738,41.43557212874],[1.9934445385989,41.432644260747],[1.9946032530802,41.42823612227],[1.9953328138904,41.421800346529],[1.9959336286754,41.419740763572],[1.9981223111061,41.414848992268],[1.9994526867013,41.413111037452],[2.0006114009293,41.410858063855],[2.00086889298,41.408347515519],[2.0017272,41.4063036],[2.0021027,41.4054386],[2.0026606,41.4041671],[2.0032829,41.4028192],[2.0038086,41.4016684],[2.0042539,41.4006503],[2.0047367,41.3997369],[2.0052087,41.3990649],[2.0054448,41.3987953],[2.0069361,41.3968517],[2.0084918,41.3947028],[2.0086741,41.3943044],[2.0087385,41.3940267],[2.0087975,41.3934351],[2.0088619,41.3927309],[2.008996,41.3922359],[2.0091999,41.3918415],[2.0097256,41.3912419],[2.0123702,41.388151],[2.0132285,41.3871891],[2.0135397,41.3866981],[2.0151383,41.3841021],[2.0171016,41.3808982],[2.0178151,41.3797631],[2.0209962,41.3757298],[2.021538,41.3748321],[2.022391,41.3726865],[2.0229006,41.3715311],[2.0233887,41.3707823],[2.0240325,41.3701382],[2.0245367,41.3697115],[2.0261621,41.3686084],[2.0279431,41.3673523],[2.0288444,41.3667203],[2.0297509,41.3660842],[2.030223,41.3656292],[2.0309472,41.3648683],[2.0322669,41.3634229],[2.0326746,41.3628069],[2.0328301,41.3624365],[2.0331466,41.3612125],[2.0334041,41.3605965],[2.0339942,41.3596302],[2.0352763,41.357629],[2.0360756,41.3562962],[2.0363009,41.3554828],[2.0364189,41.3536869],[2.0365155,41.3531513],[2.0367193,41.3526077],[2.0371914,41.3519554],[2.03798,41.3512386],[2.0389616,41.3504332],[2.0407212,41.3495513],[2.0421642,41.3488707],[2.0432961,41.3483552],[2.0437413,41.3482143],[2.0442992,41.3481539],[2.045356,41.3481619],[2.0458442,41.3482666],[2.0467454,41.348625],[2.0489395,41.3495754],[2.0514446,41.3506748],[2.0519489,41.3508238],[2.0534295,41.3510171],[2.0544595,41.3511258],[2.0557898,41.351299],[2.0578068,41.3516413],[2.059958,41.351903],[2.0625114,41.3522171],[2.0641047,41.352346],[2.0645928,41.3523258],[2.0648611,41.3522614],[2.0667976,41.3520158],[2.0698822,41.3516372],[2.0708317,41.3515164],[2.0724571,41.3513594],[2.0728111,41.3513554],[2.076754,41.3519473],[2.0772636,41.352056],[2.0817053,41.3526279],[2.0828533,41.3528775],[2.0878637,41.3535661],[2.0965594,41.3560908],[2.1026802,41.3578666],[2.104091,41.358394],[2.1117944,41.3612447],[2.1120304,41.3612729],[2.1123093,41.3612689],[2.1126473,41.3611642],[2.1128297,41.3610555],[2.1134037,41.36021],[2.1162629,41.3558694],[2.1171373,41.3545688],[2.1175772,41.3540131],[2.1178079,41.3537594],[2.1180975,41.3535862],[2.118457,41.3534735],[2.1188861,41.3534332],[2.1192616,41.3534614],[2.1195191,41.353546],[2.1258652,41.3574196],[2.1316266,41.361752],[2.1372163,41.3660157],[2.1446568,41.3716237],[2.1484709,41.3745221]]},"properties":{"routeId":"S4","name":"S4","color":"#A78600"}},{"type":"Feature","geometry":{"type":"LineString","coordinates":[[1.629858,41.578033],[1.631462,41.577332],[1.631915,41.577133],[1.634216,41.57608],[1.634627,41.575977],[1.634763,41.575981],[1.635195,41.575977],[1.635453,41.576061],[1.636432,41.576057],[1.636724,41.576023],[1.637191,41.575981],[1.63792,41.575817],[1.63814,41.575741],[1.638328,41.575649],[1.640133,41.574581],[1.64057,41.574322],[1.643175,41.572784],[1.6456,41.571358],[1.645895,41.571136],[1.646198,41.570911],[1.64629,41.570831],[1.65246,41.567348],[1.65323,41.567039],[1.66049,41.564461],[1.66572,41.562809],[1.66654,41.562592],[1.66712,41.56255],[1.66793,41.562592],[1.66835,41.562691],[1.66872,41.56282],[1.67074,41.564079],[1.67122,41.56432],[1.67197,41.564541],[1.67266,41.56469],[1.67328,41.56472],[1.67405,41.564701],[1.67473,41.56461],[1.67544,41.564369],[1.67581,41.564129],[1.67615,41.563789],[1.67626,41.56356],[1.67641,41.56279],[1.67639,41.562408],[1.67609,41.561619],[1.67564,41.561001],[1.67541,41.560532],[1.67535,41.560268],[1.67539,41.55965],[1.67562,41.559151],[1.67613,41.558479],[1.67629,41.558079],[1.67648,41.55685],[1.67682,41.556068],[1.67682,41.556061],[1.67735,41.55529],[1.67826,41.55423],[1.67861,41.553951],[1.67938,41.55365],[1.67986,41.55357],[1.68074,41.553581],[1.68414,41.55389],[1.68454,41.553871],[1.68507,41.553791],[1.68557,41.553631],[1.68594,41.553452],[1.68798,41.551682],[1.68869,41.550812],[1.69041,41.54847],[1.69072,41.547852],[1.69141,41.545681],[1.69149,41.545101],[1.69058,41.541061],[1.69024,41.540371],[1.69006,41.539822],[1.68997,41.539341],[1.69,41.538971],[1.69008,41.538601],[1.69219,41.532471],[1.69232,41.531891],[1.69236,41.530811],[1.6917,41.528431],[1.69172,41.528011],[1.69195,41.527561],[1.6935,41.52594],[1.69362,41.525742],[1.69373,41.525261],[1.69364,41.52486],[1.69301,41.523571],[1.69292,41.523251],[1.69295,41.522812],[1.69314,41.522442],[1.69334,41.522221],[1.69391,41.52182],[1.69426,41.521671],[1.69487,41.521561],[1.69604,41.521511],[1.69636,41.521561],[1.69801,41.522091],[1.69852,41.522202],[1.69902,41.52227],[1.69948,41.522251],[1.70001,41.522121],[1.70165,41.521851],[1.70211,41.52198],[1.70255,41.52224],[1.70675,41.525391],[1.70722,41.525532],[1.70766,41.52557],[1.70801,41.52549],[1.70848,41.52523],[1.7087,41.524872],[1.70874,41.52446],[1.70847,41.524052],[1.7075,41.523281],[1.70706,41.522812],[1.70642,41.52158],[1.70639,41.521301],[1.70647,41.521061],[1.70671,41.52076],[1.70708,41.520561],[1.70965,41.520191],[1.71114,41.520111],[1.71165,41.52026],[1.71223,41.52071],[1.71238,41.521061],[1.71284,41.52306],[1.71318,41.523602],[1.71357,41.524021],[1.71415,41.524422],[1.71927,41.527241],[1.71955,41.52737],[1.72014,41.527821],[1.72087,41.528542],[1.72293,41.53101],[1.72311,41.531181],[1.72354,41.53146],[1.72438,41.531792],[1.72537,41.531952],[1.7258,41.531952],[1.72978,41.53157],[1.73043,41.531601],[1.73086,41.531681],[1.73178,41.532001],[1.734,41.53334],[1.73457,41.534142],[1.73514,41.53474],[1.73555,41.534981],[1.73609,41.53521],[1.73691,41.535412],[1.73747,41.53548],[1.73853,41.535412],[1.73912,41.535271],[1.73967,41.535061],[1.7406,41.535011],[1.74251,41.535141],[1.7432,41.535091],[1.74371,41.534981],[1.74426,41.53474],[1.74686,41.533192],[1.7525,41.529701],[1.75317,41.528782],[1.75325,41.52853],[1.75339,41.5275],[1.75351,41.527142],[1.75371,41.526791],[1.75405,41.526482],[1.75699,41.523201],[1.75786,41.521111],[1.75842,41.51992],[1.75919,41.51902],[1.75998,41.518421],[1.76211,41.517132],[1.76663,41.51479],[1.76702,41.51453],[1.7681,41.51329],[1.76841,41.51302],[1.76874,41.512852],[1.77038,41.512291],[1.77071,41.512051],[1.77099,41.51181],[1.77112,41.5116],[1.77144,41.510231],[1.77155,41.51001],[1.77179,41.509651],[1.77216,41.509331],[1.77658,41.506771],[1.77715,41.506512],[1.77791,41.50634],[1.77835,41.506321],[1.78048,41.50676],[1.78108,41.506802],[1.78126,41.50692],[1.78169,41.50684],[1.78199,41.506691],[1.78719,41.503311],[1.78747,41.503231],[1.78923,41.502911],[1.80476,41.50209],[1.80556,41.502312],[1.80606,41.502651],[1.80792,41.504341],[1.80818,41.504421],[1.8085,41.504421],[1.81277,41.50288],[1.81552,41.501961],[1.81682,41.501781],[1.81719,41.501862],[1.82278,41.50423],[1.82319,41.504341],[1.82366,41.504341],[1.82393,41.504311],[1.82464,41.50412],[1.8253,41.503792],[1.8262,41.503151],[1.82669,41.502911],[1.82825,41.502541],[1.83069,41.502201],[1.83506,41.501411],[1.83721,41.50164],[1.83806,41.501881],[1.84021,41.501572],[1.84086,41.501541],[1.84181,41.50161],[1.84213,41.501701],[1.84264,41.501991],[1.84391,41.503471],[1.84429,41.503651],[1.8502,41.505531],[1.85064,41.505611],[1.85116,41.505611],[1.85364,41.505081],[1.85443,41.505051],[1.85542,41.50539],[1.8557,41.505581],[1.85646,41.506641],[1.85688,41.506931],[1.85737,41.507141],[1.85777,41.507252],[1.85834,41.50732],[1.8597,41.507172],[1.86164,41.50679],[1.86224,41.506721],[1.86292,41.506901],[1.86342,41.507252],[1.86496,41.508011],[1.86545,41.508121],[1.86587,41.508121],[1.86618,41.508041],[1.8665,41.50782],[1.86671,41.507381],[1.86694,41.504421],[1.86687,41.50407],[1.86642,41.50354],[1.86619,41.503441],[1.86568,41.50309],[1.86453,41.502151],[1.86418,41.501801],[1.86407,41.50153],[1.8643,41.499352],[1.8647,41.498951],[1.86548,41.498661],[1.86617,41.498501],[1.86903,41.49765],[1.86968,41.497372],[1.87045,41.49728],[1.87108,41.497391],[1.87149,41.497391],[1.87323,41.497971],[1.87504,41.497761],[1.87605,41.4972],[1.87677,41.49707],[1.87762,41.497021],[1.87849,41.497051],[1.87884,41.4967],[1.87908,41.496552],[1.8794,41.496262],[1.87952,41.495972],[1.87956,41.495022],[1.87978,41.494541],[1.88006,41.494171],[1.8815,41.49268],[1.88213,41.492271],[1.88253,41.492081],[1.88577,41.491631],[1.88601,41.491421],[1.88698,41.489891],[1.88735,41.489552],[1.88782,41.489311],[1.88971,41.488651],[1.89038,41.488571],[1.89346,41.48875],[1.89372,41.488682],[1.89479,41.488152],[1.89546,41.48798],[1.90081,41.487171],[1.90492,41.487141],[1.91357,41.487301],[1.91411,41.48724],[1.9147,41.48703],[1.91567,41.486462],[1.91771,41.484711],[1.9193,41.483551],[1.91959,41.48341],[1.919839,41.48317],[1.920129,41.482792],[1.920397,41.482494],[1.920977,41.480659],[1.92147,41.480194],[1.922908,41.479336],[1.923884,41.479061],[1.92456,41.479164],[1.925322,41.479374],[1.925955,41.479477],[1.927006,41.479599],[1.927832,41.479767],[1.928562,41.479794],[1.931695,41.479889],[1.933047,41.480137],[1.93751,41.48103],[1.937993,41.48098],[1.938744,41.480762],[1.939076,41.480515],[1.939516,41.480164],[1.939795,41.479767],[1.939967,41.479446],[1.93996,41.478371],[1.93928,41.476871],[1.93904,41.475151],[1.93907,41.474522],[1.93917,41.474281],[1.94473,41.469212],[1.94495,41.469101],[1.94747,41.468651],[1.94813,41.468491],[1.94894,41.46822],[1.94959,41.46788],[1.95219,41.46566],[1.95342,41.464481],[1.95369,41.464001],[1.95425,41.461842],[1.95439,41.461552],[1.95469,41.461201],[1.95487,41.46106],[1.95828,41.459461],[1.95884,41.459091],[1.96932,41.450081],[1.97053,41.44923],[1.97115,41.448502],[1.97136,41.448441],[1.9728,41.447441],[1.97336,41.44714],[1.97476,41.44627],[1.97515,41.445992],[1.97546,41.445671],[1.97593,41.44553],[1.97874,41.444271],[1.97908,41.444061],[1.98083,41.44268],[1.98146,41.442341],[1.98314,41.44173],[1.98392,41.441391],[1.98475,41.440941],[1.98713,41.43951],[1.98914,41.43858],[1.99037,41.437771],[1.99165,41.436722],[1.99203,41.43626],[1.99274,41.434971],[1.9933,41.433102],[1.99562,41.424191],[1.9957,41.423561],[1.99535,41.422401],[1.9953,41.42205],[1.99546,41.421242],[1.99584,41.420071],[1.99782,41.415531],[2.00004,41.412312],[2.00027,41.4119],[2.00056,41.410831],[2.00064,41.410141],[2.00065,41.40921],[2.00086,41.40826],[2.00454,41.39983],[2.00672,41.397171],[2.00716,41.39645],[2.00861,41.39444],[2.00871,41.394161],[2.0089,41.39246],[2.00906,41.39204],[2.01072,41.390011],[2.01328,41.387032],[2.01747,41.38026],[2.0184,41.378922],[2.01977,41.37722],[2.02147,41.374882],[2.02234,41.372711],[2.02318,41.37093],[2.02346,41.370602],[2.02515,41.369202],[2.02768,41.367432],[2.02963,41.365871],[2.03102,41.364262],[2.03234,41.362621],[2.03252,41.362202],[2.03262,41.361462],[2.03287,41.360741],[2.03573,41.355942],[2.03617,41.35387],[2.03653,41.352821],[2.03682,41.352242],[2.03888,41.350422],[2.0394,41.35014],[2.04334,41.348351],[2.04385,41.348202],[2.04488,41.348141],[2.04547,41.348171],[2.04605,41.348331],[2.04987,41.349991],[2.05167,41.35067],[2.05207,41.350761],[2.05286,41.350842],[2.0551,41.351372],[2.05879,41.35173],[2.06091,41.35215],[2.06214,41.352291],[2.06337,41.352322],[2.06825,41.351761],[2.07259,41.351341],[2.07921,41.352341],[2.08497,41.353062],[2.09751,41.355721],[2.09843,41.356152],[2.10071,41.357101],[2.10481,41.35873],[2.10776,41.359821],[2.10961,41.360561],[2.11154,41.36124],[2.112,41.361221],[2.11276,41.361061],[2.11308,41.360882],[2.11332,41.36063],[2.11585,41.356911],[2.11605,41.35672],[2.11613,41.356491],[2.11631,41.35622],[2.11667,41.35593],[2.1166,41.355431],[2.11669,41.35479],[2.11685,41.35466],[2.11732,41.354431],[2.11833,41.353821],[2.11894,41.353661],[2.11949,41.35371],[2.12142,41.354141],[2.12698,41.358231],[2.13022,41.360771],[2.13086,41.36121],[2.13375,41.363461],[2.13577,41.364941],[2.13758,41.36636],[2.13929,41.367531],[2.14882,41.374771]]},"properties":{"routeId":"R63","name":"R63","color":"#b3b3b3"}},{"type":"Feature","geometry":{"type":"LineString","coordinates":[[2.14882,41.374771],[2.13929,41.367531],[2.13758,41.36636],[2.13577,41.364941],[2.13375,41.363461],[2.13086,41.36121],[2.13022,41.360771],[2.12698,41.358231],[2.12142,41.354141],[2.11949,41.35371],[2.11894,41.353661],[2.11833,41.353821],[2.11732,41.354431],[2.11685,41.35466],[2.11669,41.35479],[2.1166,41.355431],[2.11667,41.35593],[2.11631,41.35622],[2.11613,41.356491],[2.11605,41.35672],[2.11585,41.356911],[2.11332,41.36063],[2.11308,41.360882],[2.11276,41.361061],[2.112,41.361221],[2.11154,41.36124],[2.10961,41.360561],[2.10776,41.359821],[2.10481,41.35873],[2.10071,41.357101],[2.09843,41.356152],[2.09751,41.355721],[2.08497,41.353062],[2.07921,41.352341],[2.07259,41.351341],[2.06825,41.351761],[2.06337,41.352322],[2.06214,41.352291],[2.06091,41.35215],[2.05879,41.35173],[2.0551,41.351372],[2.05286,41.350842],[2.05207,41.350761],[2.05167,41.35067],[2.04987,41.349991],[2.04605,41.348331],[2.04547,41.348171],[2.04488,41.348141],[2.04385,41.348202],[2.04334,41.348351],[2.0394,41.35014],[2.03888,41.350422],[2.03682,41.352242],[2.03653,41.352821],[2.03617,41.35387],[2.03573,41.355942],[2.03287,41.360741],[2.03262,41.361462],[2.03252,41.362202],[2.03234,41.362621],[2.03102,41.364262],[2.02963,41.365871],[2.02768,41.367432],[2.02515,41.369202],[2.02346,41.370602],[2.02318,41.37093],[2.02234,41.372711],[2.02147,41.374882],[2.01977,41.37722],[2.0184,41.378922],[2.01747,41.38026],[2.01328,41.387032],[2.01072,41.390011],[2.00906,41.39204],[2.0089,41.39246],[2.00871,41.394161],[2.00861,41.39444],[2.00716,41.39645],[2.00672,41.397171],[2.00454,41.39983],[2.00086,41.40826],[2.00065,41.40921],[2.00064,41.410141],[2.00056,41.410831],[2.00027,41.4119],[2.00004,41.412312],[1.99782,41.415531],[1.99584,41.420071],[1.99546,41.421242],[1.9953,41.42205],[1.99535,41.422401],[1.9957,41.423561],[1.99562,41.424191],[1.9933,41.433102],[1.99274,41.434971],[1.99203,41.43626],[1.99165,41.436722],[1.99037,41.437771],[1.98914,41.43858],[1.98713,41.43951],[1.98475,41.440941],[1.98392,41.441391],[1.98314,41.44173],[1.98146,41.442341],[1.98083,41.44268],[1.97908,41.444061],[1.97874,41.444271],[1.97593,41.44553],[1.97546,41.445671],[1.97515,41.445992],[1.97476,41.44627],[1.97336,41.44714],[1.9728,41.447441],[1.97136,41.448441],[1.97115,41.448502],[1.97053,41.44923],[1.96932,41.450081],[1.95884,41.459091],[1.95828,41.459461],[1.95487,41.46106],[1.95469,41.461201],[1.95439,41.461552],[1.95425,41.461842],[1.95369,41.464001],[1.95342,41.464481],[1.95219,41.46566],[1.94959,41.46788],[1.94894,41.46822],[1.94813,41.468491],[1.94747,41.468651],[1.94495,41.469101],[1.94473,41.469212],[1.93917,41.474281],[1.93907,41.474522],[1.93904,41.475151],[1.93928,41.476871],[1.93996,41.478371],[1.939967,41.479446],[1.939795,41.479767],[1.939516,41.480164],[1.939076,41.480515],[1.938744,41.480762],[1.937993,41.48098],[1.93751,41.48103],[1.933047,41.480137],[1.931695,41.479889],[1.928562,41.479794],[1.927832,41.479767],[1.927006,41.479599],[1.925955,41.479477],[1.925322,41.479374],[1.92456,41.479164],[1.923884,41.479061],[1.922908,41.479336],[1.92147,41.480194],[1.920977,41.480659],[1.920397,41.482494],[1.920129,41.482792],[1.919839,41.48317],[1.91959,41.48341],[1.9193,41.483551],[1.91771,41.484711],[1.91567,41.486462],[1.9147,41.48703],[1.91411,41.48724],[1.91357,41.487301],[1.90492,41.487141],[1.90081,41.487171],[1.89546,41.48798],[1.89479,41.488152],[1.89372,41.488682],[1.89346,41.48875],[1.89038,41.488571],[1.88971,41.488651],[1.88782,41.489311],[1.88735,41.489552],[1.88698,41.489891],[1.88601,41.491421],[1.88577,41.491631],[1.88253,41.492081],[1.88213,41.492271],[1.8815,41.49268],[1.88006,41.494171],[1.87978,41.494541],[1.87956,41.495022],[1.87952,41.495972],[1.8794,41.496262],[1.87908,41.496552],[1.87884,41.4967],[1.87849,41.497051],[1.87762,41.497021],[1.87677,41.49707],[1.87605,41.4972],[1.87504,41.497761],[1.87323,41.497971],[1.87149,41.497391],[1.87108,41.497391],[1.87045,41.49728],[1.86968,41.497372],[1.86903,41.49765],[1.86617,41.498501],[1.86548,41.498661],[1.8647,41.498951],[1.8643,41.499352],[1.86407,41.50153],[1.86418,41.501801],[1.86453,41.502151],[1.86568,41.50309],[1.86619,41.503441],[1.86642,41.50354],[1.86687,41.50407],[1.86694,41.504421],[1.86671,41.507381],[1.8665,41.50782],[1.86618,41.508041],[1.86587,41.508121],[1.86545,41.508121],[1.86496,41.508011],[1.86342,41.507252],[1.86292,41.506901],[1.86224,41.506721],[1.86164,41.50679],[1.8597,41.507172],[1.85834,41.50732],[1.85777,41.507252],[1.85737,41.507141],[1.85688,41.506931],[1.85646,41.506641],[1.8557,41.505581],[1.85542,41.50539],[1.85443,41.505051],[1.85364,41.505081],[1.85116,41.505611],[1.85064,41.505611],[1.8502,41.505531],[1.84429,41.503651],[1.84391,41.503471],[1.84264,41.501991],[1.84213,41.501701],[1.84181,41.50161],[1.84086,41.501541],[1.84021,41.501572],[1.83806,41.501881],[1.83721,41.50164],[1.83506,41.501411],[1.83069,41.502201],[1.82825,41.502541],[1.82669,41.502911],[1.8262,41.503151],[1.8253,41.503792],[1.82464,41.50412],[1.82393,41.504311],[1.82366,41.504341],[1.82319,41.504341],[1.82278,41.50423],[1.81719,41.501862],[1.81682,41.501781],[1.81552,41.501961],[1.81277,41.50288],[1.8085,41.504421],[1.80818,41.504421],[1.80792,41.504341],[1.80606,41.502651],[1.80556,41.502312],[1.80476,41.50209],[1.78923,41.502911],[1.78747,41.503231],[1.78719,41.503311],[1.78199,41.506691],[1.78169,41.50684],[1.78126,41.50692],[1.78108,41.506802],[1.78048,41.50676],[1.77835,41.506321],[1.77791,41.50634],[1.77715,41.506512],[1.77658,41.506771],[1.77216,41.509331],[1.77179,41.509651],[1.77155,41.51001],[1.77144,41.510231],[1.77112,41.5116],[1.77099,41.51181],[1.77071,41.512051],[1.77038,41.512291],[1.76874,41.512852],[1.76841,41.51302],[1.7681,41.51329],[1.76702,41.51453],[1.76663,41.51479],[1.76211,41.517132],[1.75998,41.518421],[1.75919,41.51902],[1.75842,41.51992],[1.75786,41.521111],[1.75699,41.523201],[1.75405,41.526482],[1.75371,41.526791],[1.75351,41.527142],[1.75339,41.5275],[1.75325,41.52853],[1.75317,41.528782],[1.7525,41.529701],[1.74686,41.533192],[1.74426,41.53474],[1.74371,41.534981],[1.7432,41.535091],[1.74251,41.535141],[1.7406,41.535011],[1.73967,41.535061],[1.73912,41.535271],[1.73853,41.535412],[1.73747,41.53548],[1.73691,41.535412],[1.73609,41.53521],[1.73555,41.534981],[1.73514,41.53474],[1.73457,41.534142],[1.734,41.53334],[1.73178,41.532001],[1.73086,41.531681],[1.73043,41.531601],[1.72978,41.53157],[1.7258,41.531952],[1.72537,41.531952],[1.72438,41.531792],[1.72354,41.53146],[1.72311,41.531181],[1.72293,41.53101],[1.72087,41.528542],[1.72014,41.527821],[1.71955,41.52737],[1.71927,41.527241],[1.71415,41.524422],[1.71357,41.524021],[1.71318,41.523602],[1.71284,41.52306],[1.71238,41.521061],[1.71223,41.52071],[1.71165,41.52026],[1.71114,41.520111],[1.70965,41.520191],[1.70708,41.520561],[1.70671,41.52076],[1.70647,41.521061],[1.70639,41.521301],[1.70642,41.52158],[1.70706,41.522812],[1.7075,41.523281],[1.70847,41.524052],[1.70874,41.52446],[1.7087,41.524872],[1.70848,41.52523],[1.70801,41.52549],[1.70766,41.52557],[1.70722,41.525532],[1.70675,41.525391],[1.70255,41.52224],[1.70211,41.52198],[1.70165,41.521851],[1.70001,41.522121],[1.69948,41.522251],[1.69902,41.52227],[1.69852,41.522202],[1.69801,41.522091],[1.69636,41.521561],[1.69604,41.521511],[1.69487,41.521561],[1.69426,41.521671],[1.69391,41.52182],[1.69334,41.522221],[1.69314,41.522442],[1.69295,41.522812],[1.69292,41.523251],[1.69301,41.523571],[1.69364,41.52486],[1.69373,41.525261],[1.69362,41.525742],[1.6935,41.52594],[1.69195,41.527561],[1.69172,41.528011],[1.6917,41.528431],[1.69236,41.530811],[1.69232,41.531891],[1.69219,41.532471],[1.69008,41.538601],[1.69,41.538971],[1.68997,41.539341],[1.69006,41.539822],[1.69024,41.540371],[1.69058,41.541061],[1.69149,41.545101],[1.69141,41.545681],[1.69072,41.547852],[1.69041,41.54847],[1.68869,41.550812],[1.68798,41.551682],[1.68594,41.553452],[1.68557,41.553631],[1.68507,41.553791],[1.68454,41.553871],[1.68414,41.55389],[1.68074,41.553581],[1.67986,41.55357],[1.67938,41.55365],[1.67861,41.553951],[1.67826,41.55423],[1.67735,41.55529],[1.67682,41.556061],[1.67682,41.556068],[1.67648,41.55685],[1.67629,41.558079],[1.67613,41.558479],[1.67562,41.559151],[1.67539,41.55965],[1.67535,41.560268],[1.67541,41.560532],[1.67564,41.561001],[1.67609,41.561619],[1.67639,41.562408],[1.67641,41.56279],[1.67626,41.56356],[1.67615,41.563789],[1.67581,41.564129],[1.67544,41.564369],[1.67473,41.56461],[1.67405,41.564701],[1.67328,41.56472],[1.67266,41.56469],[1.67197,41.564541],[1.67122,41.56432],[1.67074,41.564079],[1.66872,41.56282],[1.66835,41.562691],[1.66793,41.562592],[1.66712,41.56255],[1.66654,41.562592],[1.66572,41.562809],[1.66049,41.564461],[1.65323,41.567039],[1.65246,41.567348],[1.64629,41.570831],[1.646198,41.570911],[1.645895,41.571136],[1.6456,41.571358],[1.643175,41.572784],[1.64057,41.574322],[1.640133,41.574581],[1.638328,41.575649],[1.63814,41.575741],[1.63792,41.575817],[1.637191,41.575981],[1.636724,41.576023],[1.636432,41.576057],[1.635453,41.576061],[1.635195,41.575977],[1.634763,41.575981],[1.634627,41.575977],[1.634216,41.57608],[1.631915,41.577133],[1.631462,41.577332],[1.629858,41.578033]]},"properties":{"routeId":"R6","name":"R6","color":"#b3b3b3"}},{"type":"Feature","geometry":{"type":"LineString","coordinates":[[1.629858,41.578033],[1.631462,41.577332],[1.631915,41.577133],[1.634216,41.57608],[1.634627,41.575977],[1.634763,41.575981],[1.635195,41.575977],[1.635453,41.576061],[1.636432,41.576057],[1.636724,41.576023],[1.637191,41.575981],[1.63792,41.575817],[1.63814,41.575741],[1.638328,41.575649],[1.640133,41.574581],[1.64057,41.574322],[1.643175,41.572784],[1.6456,41.571358],[1.645895,41.571136],[1.646198,41.570911],[1.64629,41.570831],[1.65246,41.567348],[1.65323,41.567039],[1.66049,41.564461],[1.66572,41.562809],[1.66654,41.562592],[1.66712,41.56255],[1.66793,41.562592],[1.66835,41.562691],[1.66872,41.56282],[1.67074,41.564079],[1.67122,41.56432],[1.67197,41.564541],[1.67266,41.56469],[1.67328,41.56472],[1.67405,41.564701],[1.67473,41.56461],[1.67544,41.564369],[1.67581,41.564129],[1.67615,41.563789],[1.67626,41.56356],[1.67641,41.56279],[1.67639,41.562408],[1.67609,41.561619],[1.67564,41.561001],[1.67541,41.560532],[1.67535,41.560268],[1.67539,41.55965],[1.67562,41.559151],[1.67613,41.558479],[1.67629,41.558079],[1.67648,41.55685],[1.67682,41.556068],[1.67682,41.556061],[1.67735,41.55529],[1.67826,41.55423],[1.67861,41.553951],[1.67938,41.55365],[1.67986,41.55357],[1.68074,41.553581],[1.68414,41.55389],[1.68454,41.553871],[1.68507,41.553791],[1.68557,41.553631],[1.68594,41.553452],[1.68798,41.551682],[1.68869,41.550812],[1.69041,41.54847],[1.69072,41.547852],[1.69141,41.545681],[1.69149,41.545101],[1.69058,41.541061],[1.69024,41.540371],[1.69006,41.539822],[1.68997,41.539341],[1.69,41.538971],[1.69008,41.538601],[1.69219,41.532471],[1.69232,41.531891],[1.69236,41.530811],[1.6917,41.528431],[1.69172,41.528011],[1.69195,41.527561],[1.6935,41.52594],[1.69362,41.525742],[1.69373,41.525261],[1.69364,41.52486],[1.69301,41.523571],[1.69292,41.523251],[1.69295,41.522812],[1.69314,41.522442],[1.69334,41.522221],[1.69391,41.52182],[1.69426,41.521671],[1.69487,41.521561],[1.69604,41.521511],[1.69636,41.521561],[1.69801,41.522091],[1.69852,41.522202],[1.69902,41.52227],[1.69948,41.522251],[1.70001,41.522121],[1.70165,41.521851],[1.70211,41.52198],[1.70255,41.52224],[1.70675,41.525391],[1.70722,41.525532],[1.70766,41.52557],[1.70801,41.52549],[1.70848,41.52523],[1.7087,41.524872],[1.70874,41.52446],[1.70847,41.524052],[1.7075,41.523281],[1.70706,41.522812],[1.70642,41.52158],[1.70639,41.521301],[1.70647,41.521061],[1.70671,41.52076],[1.70708,41.520561],[1.70965,41.520191],[1.71114,41.520111],[1.71165,41.52026],[1.71223,41.52071],[1.71238,41.521061],[1.71284,41.52306],[1.71318,41.523602],[1.71357,41.524021],[1.71415,41.524422],[1.71927,41.527241],[1.71955,41.52737],[1.72014,41.527821],[1.72087,41.528542],[1.72293,41.53101],[1.72311,41.531181],[1.72354,41.53146],[1.72438,41.531792],[1.72537,41.531952],[1.7258,41.531952],[1.72978,41.53157],[1.73043,41.531601],[1.73086,41.531681],[1.73178,41.532001],[1.734,41.53334],[1.73457,41.534142],[1.73514,41.53474],[1.73555,41.534981],[1.73609,41.53521],[1.73691,41.535412],[1.73747,41.53548],[1.73853,41.535412],[1.73912,41.535271],[1.73967,41.535061],[1.7406,41.535011],[1.74251,41.535141],[1.7432,41.535091],[1.74371,41.534981],[1.74426,41.53474],[1.74686,41.533192],[1.7525,41.529701],[1.75317,41.528782],[1.75325,41.52853],[1.75339,41.5275],[1.75351,41.527142],[1.75371,41.526791],[1.75405,41.526482],[1.75699,41.523201],[1.75786,41.521111],[1.75842,41.51992],[1.75919,41.51902],[1.75998,41.518421],[1.76211,41.517132],[1.76663,41.51479],[1.76702,41.51453],[1.7681,41.51329],[1.76841,41.51302],[1.76874,41.512852],[1.77038,41.512291],[1.77071,41.512051],[1.77099,41.51181],[1.77112,41.5116],[1.77144,41.510231],[1.77155,41.51001],[1.77179,41.509651],[1.77216,41.509331],[1.77658,41.506771],[1.77715,41.506512],[1.77791,41.50634],[1.77835,41.506321],[1.78048,41.50676],[1.78108,41.506802],[1.78126,41.50692],[1.78169,41.50684],[1.78199,41.506691],[1.78719,41.503311],[1.78747,41.503231],[1.78923,41.502911],[1.80476,41.50209],[1.80556,41.502312],[1.80606,41.502651],[1.80792,41.504341],[1.80818,41.504421],[1.8085,41.504421],[1.81277,41.50288],[1.81552,41.501961],[1.81682,41.501781],[1.81719,41.501862],[1.82278,41.50423],[1.82319,41.504341],[1.82366,41.504341],[1.82393,41.504311],[1.82464,41.50412],[1.8253,41.503792],[1.8262,41.503151],[1.82669,41.502911],[1.82825,41.502541],[1.83069,41.502201],[1.83506,41.501411],[1.83721,41.50164],[1.83806,41.501881],[1.84021,41.501572],[1.84086,41.501541],[1.84181,41.50161],[1.84213,41.501701],[1.84264,41.501991],[1.84391,41.503471],[1.84429,41.503651],[1.8502,41.505531],[1.85064,41.505611],[1.85116,41.505611],[1.85364,41.505081],[1.85443,41.505051],[1.85542,41.50539],[1.8557,41.505581],[1.85646,41.506641],[1.85688,41.506931],[1.85737,41.507141],[1.85777,41.507252],[1.85834,41.50732],[1.8597,41.507172],[1.86164,41.50679],[1.86224,41.506721],[1.86292,41.506901],[1.86342,41.507252],[1.86496,41.508011],[1.86545,41.508121],[1.86587,41.508121],[1.86618,41.508041],[1.8665,41.50782],[1.86671,41.507381],[1.86694,41.504421],[1.86687,41.50407],[1.86642,41.50354],[1.86619,41.503441],[1.86568,41.50309],[1.86453,41.502151],[1.86418,41.501801],[1.86407,41.50153],[1.8643,41.499352],[1.8647,41.498951],[1.86548,41.498661],[1.86617,41.498501],[1.86903,41.49765],[1.86968,41.497372],[1.87045,41.49728],[1.87108,41.497391],[1.87149,41.497391],[1.87323,41.497971],[1.87504,41.497761],[1.87605,41.4972],[1.87677,41.49707],[1.87762,41.497021],[1.87849,41.497051],[1.87884,41.4967],[1.87908,41.496552],[1.8794,41.496262],[1.87952,41.495972],[1.87956,41.495022],[1.87978,41.494541],[1.88006,41.494171],[1.8815,41.49268],[1.88213,41.492271],[1.88253,41.492081],[1.88577,41.491631],[1.88601,41.491421],[1.88698,41.489891],[1.88735,41.489552],[1.88782,41.489311],[1.88971,41.488651],[1.89038,41.488571],[1.89346,41.48875],[1.89372,41.488682],[1.89479,41.488152],[1.89546,41.48798],[1.90081,41.487171],[1.90492,41.487141],[1.91357,41.487301],[1.91411,41.48724],[1.9147,41.48703],[1.91567,41.486462],[1.91771,41.484711],[1.9193,41.483551],[1.91959,41.48341],[1.919839,41.48317],[1.920129,41.482792],[1.920397,41.482494],[1.920977,41.480659],[1.92147,41.480194],[1.922908,41.479336],[1.923884,41.479061],[1.92456,41.479164],[1.925322,41.479374],[1.925955,41.479477],[1.927006,41.479599],[1.927832,41.479767],[1.928562,41.479794],[1.931695,41.479889],[1.933047,41.480137],[1.93751,41.48103],[1.937993,41.48098],[1.938744,41.480762],[1.939076,41.480515],[1.939516,41.480164],[1.939795,41.479767],[1.939967,41.479446],[1.93996,41.478371],[1.93928,41.476871],[1.93904,41.475151],[1.93907,41.474522],[1.93917,41.474281],[1.94473,41.469212],[1.94495,41.469101],[1.94747,41.468651],[1.94813,41.468491],[1.94894,41.46822],[1.94959,41.46788],[1.95219,41.46566],[1.95342,41.464481],[1.95369,41.464001],[1.95425,41.461842],[1.95439,41.461552],[1.95469,41.461201],[1.95487,41.46106],[1.95828,41.459461],[1.95884,41.459091],[1.96932,41.450081],[1.97053,41.44923],[1.97115,41.448502],[1.97136,41.448441],[1.9728,41.447441],[1.97336,41.44714],[1.97476,41.44627],[1.97515,41.445992],[1.97546,41.445671],[1.97593,41.44553],[1.97874,41.444271],[1.97908,41.444061],[1.98083,41.44268],[1.98146,41.442341],[1.98314,41.44173],[1.98392,41.441391],[1.98475,41.440941],[1.98713,41.43951],[1.98914,41.43858],[1.99037,41.437771],[1.99165,41.436722],[1.99203,41.43626],[1.99274,41.434971],[1.9933,41.433102],[1.99562,41.424191],[1.9957,41.423561],[1.99535,41.422401],[1.9953,41.42205],[1.99546,41.421242],[1.99584,41.420071],[1.99782,41.415531],[2.00004,41.412312],[2.00027,41.4119],[2.00056,41.410831],[2.00064,41.410141],[2.00065,41.40921],[2.00086,41.40826],[2.00454,41.39983],[2.00672,41.397171],[2.00716,41.39645],[2.00861,41.39444],[2.00871,41.394161],[2.0089,41.39246],[2.00906,41.39204],[2.01072,41.390011],[2.01328,41.387032],[2.01747,41.38026],[2.0184,41.378922],[2.01977,41.37722],[2.02147,41.374882],[2.02234,41.372711],[2.02318,41.37093],[2.02346,41.370602],[2.02515,41.369202],[2.02768,41.367432],[2.02963,41.365871],[2.03102,41.364262],[2.03234,41.362621],[2.03252,41.362202],[2.03262,41.361462],[2.03287,41.360741],[2.03573,41.355942],[2.03617,41.35387],[2.03653,41.352821],[2.03682,41.352242],[2.03888,41.350422],[2.0394,41.35014],[2.04334,41.348351],[2.04385,41.348202],[2.04488,41.348141],[2.04547,41.348171],[2.04605,41.348331],[2.04987,41.349991],[2.05167,41.35067],[2.05207,41.350761],[2.05286,41.350842],[2.0551,41.351372],[2.05879,41.35173],[2.06091,41.35215],[2.06214,41.352291],[2.06337,41.352322],[2.06825,41.351761],[2.07259,41.351341],[2.07921,41.352341],[2.08497,41.353062],[2.09751,41.355721],[2.09843,41.356152],[2.10071,41.357101],[2.10481,41.35873],[2.10776,41.359821],[2.10961,41.360561],[2.11154,41.36124],[2.112,41.361221],[2.11276,41.361061],[2.11308,41.360882],[2.11332,41.36063],[2.11585,41.356911],[2.11605,41.35672],[2.11613,41.356491],[2.11631,41.35622],[2.11667,41.35593],[2.1166,41.355431],[2.11669,41.35479],[2.11685,41.35466],[2.11732,41.354431],[2.11833,41.353821],[2.11894,41.353661],[2.11949,41.35371],[2.12142,41.354141],[2.12698,41.358231],[2.13022,41.360771],[2.13086,41.36121],[2.13375,41.363461],[2.13577,41.364941],[2.13758,41.36636],[2.13929,41.367531],[2.14882,41.374771]]},"properties":{"routeId":"R6","name":"R6","color":"#b3b3b3"}},{"type":"Feature","geometry":{"type":"LineString","coordinates":[[2.1484709,41.3745221],[2.1446568,41.3716237],[2.1372163,41.3660157],[2.1316266,41.361752],[2.1258652,41.3574196],[2.1195191,41.353546],[2.1192616,41.3534614],[2.1188861,41.3534332],[2.118457,41.3534735],[2.1180975,41.3535862],[2.1178079,41.3537594],[2.1175772,41.3540131],[2.1171373,41.3545688],[2.1162629,41.3558694],[2.1134037,41.36021],[2.1128297,41.3610555],[2.1126473,41.3611642],[2.1123093,41.3612689],[2.1120304,41.3612729],[2.1117944,41.3612447],[2.104091,41.358394],[2.1026802,41.3578666],[2.0965594,41.3560908],[2.0878637,41.3535661],[2.0828533,41.3528775],[2.0817053,41.3526279],[2.0772636,41.352056],[2.076754,41.3519473],[2.0728111,41.3513554],[2.0724571,41.3513594],[2.0708317,41.3515164],[2.0698822,41.3516372],[2.0667976,41.3520158],[2.0648611,41.3522614],[2.0645928,41.3523258],[2.0641047,41.352346],[2.0625114,41.3522171],[2.059958,41.351903],[2.0578068,41.3516413],[2.0557898,41.351299],[2.0544595,41.3511258],[2.0534295,41.3510171],[2.0519489,41.3508238],[2.0514446,41.3506748],[2.0489395,41.3495754],[2.0467454,41.348625],[2.0458442,41.3482666],[2.045356,41.3481619],[2.0442992,41.3481539],[2.0437413,41.3482143],[2.0432961,41.3483552],[2.0421642,41.3488707],[2.0407212,41.3495513],[2.0389616,41.3504332],[2.03798,41.3512386],[2.0371914,41.3519554],[2.0367193,41.3526077],[2.0365155,41.3531513],[2.0364189,41.3536869],[2.0363009,41.3554828],[2.0360756,41.3562962],[2.0352763,41.357629],[2.0339942,41.3596302],[2.0334041,41.3605965],[2.0331466,41.3612125],[2.0328301,41.3624365],[2.0326746,41.3628069],[2.0322669,41.3634229],[2.0309472,41.3648683],[2.030223,41.3656292],[2.0297509,41.3660842],[2.0288444,41.3667203],[2.0279431,41.3673523],[2.0261621,41.3686084],[2.0245367,41.3697115],[2.0240325,41.3701382],[2.0233887,41.3707823],[2.0229006,41.3715311],[2.022391,41.3726865],[2.021538,41.3748321],[2.0209962,41.3757298],[2.0178151,41.3797631],[2.0171016,41.3808982],[2.0151383,41.3841021],[2.0135397,41.3866981],[2.0132285,41.3871891],[2.0123702,41.388151],[2.0097256,41.3912419],[2.0091999,41.3918415],[2.008996,41.3922359],[2.0088619,41.3927309],[2.0087975,41.3934351],[2.0087385,41.3940267],[2.0086741,41.3943044],[2.0084918,41.3947028],[2.0069361,41.3968517],[2.0054448,41.3987953]]},"properties":{"routeId":"S3","name":"S3","color":"#4F868E"}},{"type":"Feature","geometry":{"type":"LineString","coordinates":[[2.0054448,41.3987953],[2.0069361,41.3968517],[2.0084918,41.3947028],[2.0086741,41.3943044],[2.0087385,41.3940267],[2.0087975,41.3934351],[2.0088619,41.3927309],[2.008996,41.3922359],[2.0091999,41.3918415],[2.0097256,41.3912419],[2.0123702,41.388151],[2.0132285,41.3871891],[2.0135397,41.3866981],[2.0151383,41.3841021],[2.0171016,41.3808982],[2.0178151,41.3797631],[2.0209962,41.3757298],[2.021538,41.3748321],[2.022391,41.3726865],[2.0229006,41.3715311],[2.0233887,41.3707823],[2.0240325,41.3701382],[2.0245367,41.3697115],[2.0261621,41.3686084],[2.0279431,41.3673523],[2.0288444,41.3667203],[2.0297509,41.3660842],[2.030223,41.3656292],[2.0309472,41.3648683],[2.0322669,41.3634229],[2.0326746,41.3628069],[2.0328301,41.3624365],[2.0331466,41.3612125],[2.0334041,41.3605965],[2.0339942,41.3596302],[2.0352763,41.357629],[2.0360756,41.3562962],[2.0363009,41.3554828],[2.0364189,41.3536869],[2.0365155,41.3531513],[2.0367193,41.3526077],[2.0371914,41.3519554],[2.03798,41.3512386],[2.0389616,41.3504332],[2.0407212,41.3495513],[2.0421642,41.3488707],[2.0432961,41.3483552],[2.0437413,41.3482143],[2.0442992,41.3481539],[2.045356,41.3481619],[2.0458442,41.3482666],[2.0467454,41.348625],[2.0489395,41.3495754],[2.0514446,41.3506748],[2.0519489,41.3508238],[2.0534295,41.3510171],[2.0544595,41.3511258],[2.0557898,41.351299],[2.0578068,41.3516413],[2.059958,41.351903],[2.0625114,41.3522171],[2.0641047,41.352346],[2.0645928,41.3523258],[2.0648611,41.3522614],[2.0667976,41.3520158],[2.0698822,41.3516372],[2.0708317,41.3515164],[2.0724571,41.3513594],[2.0728111,41.3513554],[2.076754,41.3519473],[2.0772636,41.352056],[2.0817053,41.3526279],[2.0828533,41.3528775],[2.0878637,41.3535661],[2.0965594,41.3560908],[2.1026802,41.3578666],[2.104091,41.358394],[2.1117944,41.3612447],[2.1120304,41.3612729],[2.1123093,41.3612689],[2.1126473,41.3611642],[2.1128297,41.3610555],[2.1134037,41.36021],[2.1162629,41.3558694],[2.1171373,41.3545688],[2.1175772,41.3540131],[2.1178079,41.3537594],[2.1180975,41.3535862],[2.118457,41.3534735],[2.1188861,41.3534332],[2.1192616,41.3534614],[2.1195191,41.353546],[2.1258652,41.3574196],[2.1316266,41.361752],[2.1372163,41.3660157],[2.1446568,41.3716237],[2.1484709,41.3745221]]},"properties":{"routeId":"S3","name":"S3","color":"#4F868E"}},{"type":"Feature","geometry":{"type":"LineString","coordinates":[[1.8279714629131,41.731438848364],[1.8287452790396,41.731393555947],[1.8295646137617,41.731311463359],[1.8301184233684,41.731252016936],[1.8307594769241,41.73132278648],[1.8313588051005,41.731503956158],[1.8318580471328,41.73171339763],[1.8329912330369,41.732185446463],[1.8332150684426,41.732322099242],[1.8345675020881,41.732912424792],[1.8351926836789,41.733121893844],[1.835715794806,41.733150457753],[1.8362644235489,41.732988595435],[1.8366599465962,41.732750561874],[1.8375020279226,41.731903155238],[1.8377061688503,41.731274734108],[1.8375874926015,41.730520659047],[1.8372085753366,41.728648898922],[1.8371183569402,41.728312245631],[1.8364146534483,41.727315741551],[1.8343576740104,41.725686289416],[1.8339812836544,41.72440660188],[1.8340228030771,41.724113802516],[1.8344550360211,41.720545260591],[1.8341224421085,41.719832544752],[1.8337147463447,41.719271976179],[1.833543084971,41.718519204928],[1.8336074579863,41.717606257806],[1.8336718310016,41.717317956021],[1.8345002208706,41.715617301981],[1.836109546274,41.712181515202],[1.8366245303967,41.711556806976],[1.8371073280118,41.711236441428],[1.8388883147695,41.710275335204],[1.8415490661497,41.708377108148],[1.8420318637924,41.708072745826],[1.8435660873247,41.70744799767],[1.843930867745,41.707215717961],[1.8442205463326,41.706791204562],[1.8445638690811,41.705477598296],[1.8445853267529,41.705357450041],[1.8448857341578,41.704748695436],[1.8455080066555,41.703947693691],[1.845754769881,41.703451067636],[1.8467096362822,41.700495262191],[1.8467847381334,41.699966567229],[1.8467525516257,41.699189537956],[1.8463555846978,41.697971906192],[1.8462482963457,41.697595396902],[1.8462697540175,41.697058667175],[1.8463555847046,41.69672220745],[1.8467632804684,41.696153426293],[1.8514108992132,41.692407350458],[1.8541789389266,41.690356372634],[1.8547475672288,41.689931747971],[1.8555736875957,41.689362906731],[1.8558955526724,41.689058454442],[1.8562603330927,41.688489605514],[1.8563568926157,41.68816912503],[1.8562603330927,41.687424001733],[1.8554342127239,41.68434727219],[1.8552518225183,41.683521978494],[1.8552518225183,41.683025194708],[1.8554020262208,41.68249635614],[1.8559062815076,41.681374562972],[1.8561208582193,41.680573270115],[1.8560994005475,41.680116528751],[1.8559921121886,41.67977196733],[1.8554556703941,41.678153305271],[1.8553161955223,41.677680519995],[1.8551445341481,41.676622750666],[1.8551445341481,41.676374332621],[1.8553912973735,41.675685167864],[1.8556702471067,41.675300514558],[1.8564309250743,41.674712452177],[1.8573240871987,41.674092488967],[1.8583525769176,41.673344481929],[1.858686384999,41.672980583441],[1.8589750838675,41.672535815865],[1.8590833459431,41.672246041396],[1.8591916080178,41.671733878664],[1.8592908482539,41.670460193189],[1.8594712850502,41.668903432239],[1.8595963766572,41.667876682179],[1.8596801444299,41.667449985445],[1.8598204913176,41.667068742979],[1.8600373910532,41.666563593234],[1.8602925672127,41.666144220623],[1.8609305076115,41.665133902661],[1.8611474073471,41.664704989298],[1.8612494778109,41.664342793567],[1.861223960195,41.664028253516],[1.86109637211,41.663713711878],[1.8596546268087,41.66166438816],[1.8592591037382,41.660920896382],[1.8578428760444,41.655020318041],[1.8573325237278,41.652856319368],[1.8572942473038,41.65241779097],[1.8572942473038,41.652036459501],[1.857409076575,41.651683725855],[1.8582128814775,41.649757956909],[1.8584042635827,41.648871321091],[1.8584042635827,41.648423231715],[1.8574345941765,41.645829972417],[1.8574601117795,41.645791835409],[1.8574218353556,41.645210244202],[1.8574218353556,41.644743060577],[1.8574601117795,41.644247270169],[1.8575621822433,41.64390402842],[1.8579832229066,41.642912430876],[1.8579066700587,41.642283139905],[1.8574844937002,41.641807069016],[1.8568258994064,41.641436250138],[1.8557793660082,41.64095081129],[1.8550215314449,41.640667636888],[1.8544621773872,41.640263099944],[1.8532712945547,41.639265231291],[1.8525675910628,41.638658411717],[1.8521525864394,41.63825386216],[1.8515932323817,41.637525666558],[1.8513045335175,41.636689579907],[1.8509797472905,41.634504915394],[1.8507993104925,41.633830621208],[1.8503482185105,41.633183292212],[1.850185825397,41.6329540283],[1.8500595196421,41.63238760808],[1.8501677817177,41.631807696509],[1.8504203932277,41.630904102965],[1.8526495688218,41.623743286017],[1.8527568571807,41.623286141521],[1.8529928915703,41.622909195376],[1.8536580794016,41.62228362026],[1.853808283104,41.622147276171],[1.8550206415596,41.621016411152],[1.8550099127237,41.620992349979],[1.855278133621,41.620671533477],[1.8553317777905,41.620454981402],[1.8553854219699,41.620061977692],[1.8552030317598,41.619283983692],[1.8550206415496,41.618481918197],[1.8547953359959,41.617984632581],[1.8543769113503,41.617471301428],[1.850986599209,41.614094443382],[1.850986599209,41.614094443382],[1.8490107983583,41.612210747381],[1.848813141701,41.611718807881],[1.848813141701,41.611423858553],[1.8489421110554,41.610885005337],[1.8491555312607,41.610498133734],[1.8496339865675,41.609935303104],[1.8506674500136,41.608609292975],[1.8516243606289,41.607598072669],[1.8532957645036,41.605919030322],[1.8534105937754,41.605756847788],[1.853640252319,41.605356159781],[1.8538571520546,41.604612018308],[1.8542016398699,41.603877408692],[1.8544312984183,41.603123709583],[1.8548013038496,41.60246540825],[1.8563651236337,41.600215483971],[1.856536785008,41.599962759726],[1.8567245396361,41.599509458205],[1.8568532856653,41.598626915101],[1.8570785912139,41.596757488527],[1.8570893200498,41.595750543211],[1.8567835482177,41.594984291398],[1.8562900217667,41.594113722052],[1.8559252413314,41.593608224764],[1.8555336388214,41.593295295901],[1.8548845442501,41.592914162544],[1.8543159159346,41.592649373812],[1.8538921269169,41.592388595991],[1.8535756262582,41.592003445282],[1.8534031178421,41.591628764326],[1.8533386331649,41.591330886217],[1.8533613924628,41.591078397982],[1.8535420855748,41.590674910593],[1.8543139302592,41.589721294094],[1.8546572530076,41.588790470822],[1.8549576604126,41.588405298645],[1.8555370175506,41.58760284923],[1.8557730519402,41.586960882517],[1.8562451207194,41.586367057624],[1.8571892582777,41.585516434073],[1.8587985837161,41.584296652388],[1.8598285519616,41.583205249292],[1.859957298016,41.582948445815],[1.8602362477491,41.58240273518],[1.8609443509179,41.581840969414],[1.8615237080559,41.58135945201],[1.8617597424455,41.580990286236],[1.8618884884762,41.580524813339],[1.8619314038198,41.57888760615],[1.8619743192057,41.57773190543],[1.8622747266106,41.577170099032],[1.8635192715739,41.575725431567],[1.8652144276445,41.574393098487],[1.8658152424544,41.57392757804],[1.8665448032949,41.57357442236],[1.8682185016938,41.57336573855],[1.8712011180712,41.573205212084],[1.8760934672371,41.572498890893],[1.879951032571,41.57045348198],[1.8806272493937,41.569823483878],[1.8809270778232,41.569357497337],[1.8812704005717,41.567912655134],[1.8811394270594,41.565980261585],[1.881369085603,41.565646149315],[1.8820070260018,41.56494928102],[1.8822366845454,41.564433784569],[1.8823387549897,41.562791805416],[1.8822622021418,41.56256268874],[1.8817646086307,41.561665307269],[1.8816752969749,41.561340719413],[1.8815859853191,41.560242836641],[1.8814328796175,41.559116294013],[1.8812670151138,41.558400260979],[1.8810501153782,41.557913353984],[1.8803738985555,41.557149570915],[1.8798125110041,41.556500348148],[1.8795445760366,41.555860666458],[1.8795828524605,41.555182787907],[1.8803738985633,41.552872218785],[1.8814711560636,41.54959717978],[1.8823642726219,41.546933104458],[1.8827342780665,41.546054603892],[1.8838315355525,41.544803674946],[1.8884977741299,41.541117519734],[1.8887230796742,41.540940852471],[1.8902787608137,41.540033417563],[1.8909439489377,41.539639924056],[1.8917915269378,41.539174153226],[1.8925747319253,41.538844899409],[1.8945381088117,41.538242601503],[1.896984283504,41.537471651966],[1.8983361167701,41.53674887846],[1.9000527304412,41.535407710666],[1.9010826988523,41.534540353761],[1.9034645005246,41.532612852376],[1.9040760441449,41.5321149052],[1.9047734184488,41.531392071834],[1.9052776737147,41.530653167156],[1.90552443693,41.530171268254],[1.9060286921959,41.529086982599],[1.9065544052021,41.527970550881],[1.906768981911,41.527496664007],[1.9068548125946,41.526733618526],[1.9068548126124,41.526123175632],[1.906844083777,41.524002645141],[1.9068333549422,41.522460397414],[1.9067904396004,41.519046437261],[1.9067904396385,41.518098529256],[1.9068226261448,41.517640636549],[1.906972829841,41.517086341044],[1.9076594753095,41.515656397386],[1.9079598827432,41.51492534651],[1.9089469356256,41.512153705194],[1.9096228522586,41.510699550282],[1.9100090903795,41.509855964712],[1.9105777186581,41.508586548672],[1.9106635493417,41.507357280305],[1.9105348033139,41.506923415256],[1.9101914805796,41.506184231159],[1.9098910731872,41.505212030531],[1.9096550388135,41.503275620458],[1.9096335811562,41.502423903073],[1.9099554462195,41.501323081971],[1.9109746856808,41.499748152044],[1.9115540427948,41.498832103783],[1.9138133109771,41.49362325539],[1.9169782085461,41.486202326604],[1.917579023331,41.484819924681],[1.918909397177,41.483734937042],[1.9202397727722,41.482625760719],[1.9205187224938,41.481805922538],[1.9210766219369,41.480986073985],[1.9222997091776,41.479828623077],[1.9244883916084,41.479153433833],[1.9326334959804,41.479956577249],[1.9368391994748,41.480921119204],[1.938555813146,41.480824665654],[1.9395857813487,41.480181638322],[1.9400149347665,41.478734803497],[1.9392853739563,41.476805640151],[1.9387274745131,41.475423037764],[1.9392424596127,41.47429764172],[1.9438773165249,41.469570765954],[1.94834051207,41.468188009247],[1.9508296021538,41.466805222952],[1.9534474380024,41.463910923818],[1.9538765914202,41.462463725804],[1.9549494749647,41.460887851234],[1.9584685329906,41.459054642836],[1.9627600678816,41.455484561733],[1.9660216338568,41.452782748298],[1.9753771783648,41.445545193602],[1.9791108140093,41.444033246749],[1.9815999038325,41.442263902681],[1.9888955119351,41.438725069814],[1.992457485738,41.43557212874],[1.9934445385989,41.432644260747],[1.9946032530802,41.42823612227],[1.9953328138904,41.421800346529],[1.9959336286754,41.419740763572],[1.9981223111061,41.414848992268],[1.9994526867013,41.413111037452],[2.0006114009293,41.410858063855],[2.00086889298,41.408347515519],[2.0017272,41.4063036],[2.0021027,41.4054386],[2.0026606,41.4041671],[2.0032829,41.4028192],[2.0038086,41.4016684],[2.0042539,41.4006503],[2.0047367,41.3997369],[2.0052087,41.3990649],[2.0054448,41.3987953],[2.0069361,41.3968517],[2.0084918,41.3947028],[2.0086741,41.3943044],[2.0087385,41.3940267],[2.0087975,41.3934351],[2.0088619,41.3927309],[2.008996,41.3922359],[2.0091999,41.3918415],[2.0097256,41.3912419],[2.0123702,41.388151],[2.0132285,41.3871891],[2.0135397,41.3866981],[2.0151383,41.3841021],[2.0171016,41.3808982],[2.0178151,41.3797631],[2.0209962,41.3757298],[2.021538,41.3748321],[2.022391,41.3726865],[2.0229006,41.3715311],[2.0233887,41.3707823],[2.0240325,41.3701382],[2.0245367,41.3697115],[2.0261621,41.3686084],[2.0279431,41.3673523],[2.0288444,41.3667203],[2.0297509,41.3660842],[2.030223,41.3656292],[2.0309472,41.3648683],[2.0322669,41.3634229],[2.0326746,41.3628069],[2.0328301,41.3624365],[2.0331466,41.3612125],[2.0334041,41.3605965],[2.0339942,41.3596302],[2.0352763,41.357629],[2.0360756,41.3562962],[2.0363009,41.3554828],[2.0364189,41.3536869],[2.0365155,41.3531513],[2.0367193,41.3526077],[2.0371914,41.3519554],[2.03798,41.3512386],[2.0389616,41.3504332],[2.0407212,41.3495513],[2.0421642,41.3488707],[2.0432961,41.3483552],[2.0437413,41.3482143],[2.0442992,41.3481539],[2.045356,41.3481619],[2.0458442,41.3482666],[2.0467454,41.348625],[2.0489395,41.3495754],[2.0514446,41.3506748],[2.0519489,41.3508238],[2.0534295,41.3510171],[2.0544595,41.3511258],[2.0557898,41.351299],[2.0578068,41.3516413],[2.059958,41.351903],[2.0625114,41.3522171],[2.0641047,41.352346],[2.0645928,41.3523258],[2.0648611,41.3522614],[2.0667976,41.3520158],[2.0698822,41.3516372],[2.0708317,41.3515164],[2.0724571,41.3513594],[2.0728111,41.3513554],[2.076754,41.3519473],[2.0772636,41.352056],[2.0817053,41.3526279],[2.0828533,41.3528775],[2.0878637,41.3535661],[2.0965594,41.3560908],[2.1026802,41.3578666],[2.104091,41.358394],[2.1117944,41.3612447],[2.1120304,41.3612729],[2.1123093,41.3612689],[2.1126473,41.3611642],[2.1128297,41.3610555],[2.1134037,41.36021],[2.1162629,41.3558694],[2.1171373,41.3545688],[2.1175772,41.3540131],[2.1178079,41.3537594],[2.1180975,41.3535862],[2.118457,41.3534735],[2.1188861,41.3534332],[2.1192616,41.3534614],[2.1195191,41.353546],[2.1258652,41.3574196],[2.1316266,41.361752],[2.1372163,41.3660157],[2.1446568,41.3716237],[2.1484709,41.3745221]]},"properties":{"routeId":"R50","name":"R50","color":"#00738a"}},{"type":"Feature","geometry":{"type":"LineString","coordinates":[[2.1484709,41.3745221],[2.1446568,41.3716237],[2.1372163,41.3660157],[2.1316266,41.361752],[2.1258652,41.3574196],[2.1195191,41.353546],[2.1192616,41.3534614],[2.1188861,41.3534332],[2.118457,41.3534735],[2.1180975,41.3535862],[2.1178079,41.3537594],[2.1175772,41.3540131],[2.1171373,41.3545688],[2.1162629,41.3558694],[2.1134037,41.36021],[2.1128297,41.3610555],[2.1126473,41.3611642],[2.1123093,41.3612689],[2.1120304,41.3612729],[2.1117944,41.3612447],[2.104091,41.358394],[2.1026802,41.3578666],[2.0965594,41.3560908],[2.0878637,41.3535661],[2.0828533,41.3528775],[2.0817053,41.3526279],[2.0772636,41.352056],[2.076754,41.3519473],[2.0728111,41.3513554],[2.0724571,41.3513594],[2.0708317,41.3515164],[2.0698822,41.3516372],[2.0667976,41.3520158],[2.0648611,41.3522614],[2.0645928,41.3523258],[2.0641047,41.352346],[2.0625114,41.3522171],[2.059958,41.351903],[2.0578068,41.3516413],[2.0557898,41.351299],[2.0544595,41.3511258],[2.0534295,41.3510171],[2.0519489,41.3508238],[2.0514446,41.3506748],[2.0489395,41.3495754],[2.0467454,41.348625],[2.0458442,41.3482666],[2.045356,41.3481619],[2.0442992,41.3481539],[2.0437413,41.3482143],[2.0432961,41.3483552],[2.0421642,41.3488707],[2.0407212,41.3495513],[2.0389616,41.3504332],[2.03798,41.3512386],[2.0371914,41.3519554],[2.0367193,41.3526077],[2.0365155,41.3531513],[2.0364189,41.3536869],[2.0363009,41.3554828],[2.0360756,41.3562962],[2.0352763,41.357629],[2.0339942,41.3596302],[2.0334041,41.3605965],[2.0331466,41.3612125],[2.0328301,41.3624365],[2.0326746,41.3628069],[2.0322669,41.3634229],[2.0309472,41.3648683],[2.030223,41.3656292],[2.0297509,41.3660842],[2.0288444,41.3667203],[2.0279431,41.3673523],[2.0261621,41.3686084],[2.0245367,41.3697115],[2.0240325,41.3701382],[2.0233887,41.3707823],[2.0229006,41.3715311],[2.022391,41.3726865],[2.021538,41.3748321],[2.0209962,41.3757298],[2.0178151,41.3797631],[2.0171016,41.3808982],[2.0151383,41.3841021],[2.0135397,41.3866981],[2.0132285,41.3871891],[2.0123702,41.388151],[2.0097256,41.3912419],[2.0091999,41.3918415],[2.008996,41.3922359],[2.0088619,41.3927309],[2.0087975,41.3934351],[2.0087385,41.3940267],[2.0086741,41.3943044],[2.0084918,41.3947028],[2.0069361,41.3968517],[2.0054448,41.3987953],[2.0052087,41.3990649],[2.0047367,41.3997369],[2.0042539,41.4006503],[2.0038086,41.4016684],[2.0032829,41.4028192],[2.0026606,41.4041671],[2.0021027,41.4054386],[2.0017272,41.4063036],[2.00086889298,41.408347515519],[2.0006114009293,41.410858063855],[1.9994526867013,41.413111037452],[1.9981223111061,41.414848992268],[1.9959336286754,41.419740763572],[1.9953328138904,41.421800346529],[1.9946032530802,41.42823612227],[1.9934445385989,41.432644260747],[1.992457485738,41.43557212874],[1.9888955119351,41.438725069814],[1.9815999038325,41.442263902681],[1.9791108140093,41.444033246749],[1.9753771783648,41.445545193602],[1.9660216338568,41.452782748298],[1.9627600678816,41.455484561733],[1.9584685329906,41.459054642836],[1.9549494749647,41.460887851234],[1.9538765914202,41.462463725804],[1.9534474380024,41.463910923818],[1.9508296021538,41.466805222952],[1.94834051207,41.468188009247],[1.9438773165249,41.469570765954],[1.9392424596127,41.47429764172],[1.9387274745131,41.475423037764],[1.9392853739563,41.476805640151],[1.9400149347665,41.478734803497],[1.9395857813487,41.480181638322],[1.938555813146,41.480824665654],[1.9368391994748,41.480921119204],[1.9326334959804,41.479956577249],[1.9244883916084,41.479153433833],[1.9222997091776,41.479828623077],[1.9210766219369,41.480986073985],[1.9205187224938,41.481805922538],[1.9202397727722,41.482625760719],[1.918909397177,41.483734937042],[1.917579023331,41.484819924681],[1.9169782085461,41.486202326604],[1.9138133109771,41.49362325539],[1.9115540427948,41.498832103783],[1.9109746856808,41.499748152044],[1.9099554462195,41.501323081971],[1.9096335811562,41.502423903073],[1.9096550388135,41.503275620458],[1.9098910731872,41.505212030531],[1.9101914805796,41.506184231159],[1.9105348033139,41.506923415256],[1.9106635493417,41.507357280305],[1.9105777186581,41.508586548672],[1.9100090903795,41.509855964712],[1.9096228522586,41.510699550282],[1.9089469356256,41.512153705194],[1.9079598827432,41.51492534651],[1.9076594753095,41.515656397386],[1.906972829841,41.517086341044],[1.9068226261448,41.517640636549],[1.9067904396385,41.518098529256],[1.9067904396004,41.519046437261],[1.9068333549422,41.522460397414],[1.906844083777,41.524002645141],[1.9068548126124,41.526123175632],[1.9068548125946,41.526733618526],[1.906768981911,41.527496664007],[1.9065544052021,41.527970550881],[1.9060286921959,41.529086982599],[1.90552443693,41.530171268254],[1.9052776737147,41.530653167156],[1.9047734184488,41.531392071834],[1.9040760441449,41.5321149052],[1.9034645005246,41.532612852376],[1.9010826988523,41.534540353761],[1.9000527304412,41.535407710666],[1.8983361167701,41.53674887846],[1.896984283504,41.537471651966],[1.8945381088117,41.538242601503],[1.8925747319253,41.538844899409],[1.8917915269378,41.539174153226],[1.8909439489377,41.539639924056],[1.8902787608137,41.540033417563],[1.8887230796742,41.540940852471],[1.8884977741299,41.541117519734],[1.8838315355525,41.544803674946],[1.8827342780665,41.546054603892],[1.8823642726219,41.546933104458],[1.8814711560636,41.54959717978],[1.8803738985633,41.552872218785],[1.8795828524605,41.555182787907],[1.8795445760366,41.555860666458],[1.8798125110041,41.556500348148],[1.8803738985555,41.557149570915],[1.8810501153782,41.557913353984],[1.8812670151138,41.558400260979],[1.8814328796175,41.559116294013],[1.8815859853191,41.560242836641],[1.8816752969749,41.561340719413],[1.8817646086307,41.561665307269],[1.8822622021418,41.56256268874],[1.8823387549897,41.562791805416],[1.8822366845454,41.564433784569],[1.8820070260018,41.56494928102],[1.881369085603,41.565646149315],[1.8811394270594,41.565980261585],[1.8812704005717,41.567912655134],[1.8809270778232,41.569357497337],[1.8806272493937,41.569823483878],[1.879951032571,41.57045348198],[1.8760934672371,41.572498890893],[1.8712011180712,41.573205212084],[1.8682185016938,41.57336573855],[1.8665448032949,41.57357442236],[1.8658152424544,41.57392757804],[1.8652144276445,41.574393098487],[1.8635192715739,41.575725431567],[1.8622747266106,41.577170099032],[1.8619743192057,41.57773190543],[1.8619314038198,41.57888760615],[1.8618884884762,41.580524813339],[1.8617597424455,41.580990286236],[1.8615237080559,41.58135945201],[1.8609443509179,41.581840969414],[1.8602362477491,41.58240273518],[1.859957298016,41.582948445815],[1.8598285519616,41.583205249292],[1.8587985837161,41.584296652388],[1.8571892582777,41.585516434073],[1.8562451207194,41.586367057624],[1.8557730519402,41.586960882517],[1.8555370175506,41.58760284923],[1.8549576604126,41.588405298645],[1.8546572530076,41.588790470822],[1.8543139302592,41.589721294094],[1.8535420855748,41.590674910593],[1.8533613924628,41.591078397982],[1.8533386331649,41.591330886217],[1.8534031178421,41.591628764326],[1.8535756262582,41.592003445282],[1.8538921269169,41.592388595991],[1.8543159159346,41.592649373812],[1.8548845442501,41.592914162544],[1.8555336388214,41.593295295901],[1.8559252413314,41.593608224764],[1.8562900217667,41.594113722052],[1.8567835482177,41.594984291398],[1.8570893200498,41.595750543211],[1.8570785912139,41.596757488527],[1.8568532856653,41.598626915101],[1.8567245396361,41.599509458205],[1.856536785008,41.599962759726],[1.8563651236337,41.600215483971],[1.8548013038496,41.60246540825],[1.8544312984183,41.603123709583],[1.8542016398699,41.603877408692],[1.8538571520546,41.604612018308],[1.853640252319,41.605356159781],[1.8534105937754,41.605756847788],[1.8532957645036,41.605919030322],[1.8516243606289,41.607598072669],[1.8506674500136,41.608609292975],[1.8496339865675,41.609935303104],[1.8491555312607,41.610498133734],[1.8489421110554,41.610885005337],[1.848813141701,41.611423858553],[1.848813141701,41.611718807881],[1.8490107983583,41.612210747381],[1.850986599209,41.614094443382],[1.850986599209,41.614094443382],[1.8543769113503,41.617471301428],[1.8547953359959,41.617984632581],[1.8550206415496,41.618481918197],[1.8552030317598,41.619283983692],[1.8553854219699,41.620061977692],[1.8553317777905,41.620454981402],[1.855278133621,41.620671533477],[1.8550099127237,41.620992349979],[1.8550206415596,41.621016411152],[1.853808283104,41.622147276171],[1.8536580794016,41.62228362026],[1.8529928915703,41.622909195376],[1.8527568571807,41.623286141521],[1.8526495688218,41.623743286017],[1.8504203932277,41.630904102965],[1.8501677817177,41.631807696509],[1.8500595196421,41.63238760808],[1.850185825397,41.6329540283],[1.8503482185105,41.633183292212],[1.8507993104925,41.633830621208],[1.8509797472905,41.634504915394],[1.8513045335175,41.636689579907],[1.8515932323817,41.637525666558],[1.8521525864394,41.63825386216],[1.8525675910628,41.638658411717],[1.8532712945547,41.639265231291],[1.8544621773872,41.640263099944],[1.8550215314449,41.640667636888],[1.8557793660082,41.64095081129],[1.8568258994064,41.641436250138],[1.8574844937002,41.641807069016],[1.8579066700587,41.642283139905],[1.8579832229066,41.642912430876],[1.8575621822433,41.64390402842],[1.8574601117795,41.644247270169],[1.8574218353556,41.644743060577],[1.8574218353556,41.645210244202],[1.8574601117795,41.645791835409],[1.8574345941765,41.645829972417],[1.8584042635827,41.648423231715],[1.8584042635827,41.648871321091],[1.8582128814775,41.649757956909],[1.857409076575,41.651683725855],[1.8572942473038,41.652036459501],[1.8572942473038,41.65241779097],[1.8573325237278,41.652856319368],[1.8578428760444,41.655020318041],[1.8592591037382,41.660920896382],[1.8596546268087,41.66166438816],[1.86109637211,41.663713711878],[1.861223960195,41.664028253516],[1.8612494778109,41.664342793567],[1.8611474073471,41.664704989298],[1.8609305076115,41.665133902661],[1.8602925672127,41.666144220623],[1.8600373910532,41.666563593234],[1.8598204913176,41.667068742979],[1.8596801444299,41.667449985445],[1.8595963766572,41.667876682179],[1.8594712850502,41.668903432239],[1.8592908482539,41.670460193189],[1.8591916080178,41.671733878664],[1.8590833459431,41.672246041396],[1.8589750838675,41.672535815865],[1.858686384999,41.672980583441],[1.8583525769176,41.673344481929],[1.8573240871987,41.674092488967],[1.8564309250743,41.674712452177],[1.8556702471067,41.675300514558],[1.8553912973735,41.675685167864],[1.8551445341481,41.676374332621],[1.8551445341481,41.676622750666],[1.8553161955223,41.677680519995],[1.8554556703941,41.678153305271],[1.8559921121886,41.67977196733],[1.8560994005475,41.680116528751],[1.8561208582193,41.680573270115],[1.8559062815076,41.681374562972],[1.8554020262208,41.68249635614],[1.8552518225183,41.683025194708],[1.8552518225183,41.683521978494],[1.8554342127239,41.68434727219],[1.8562603330927,41.687424001733],[1.8563568926157,41.68816912503],[1.8562603330927,41.688489605514],[1.8558955526724,41.689058454442],[1.8555736875957,41.689362906731],[1.8547475672288,41.689931747971],[1.8541789389266,41.690356372634],[1.8514108992132,41.692407350458],[1.8467632804684,41.696153426293],[1.8463555847046,41.69672220745],[1.8462697540175,41.697058667175],[1.8462482963457,41.697595396902],[1.8463555846978,41.697971906192],[1.8467525516257,41.699189537956],[1.8467847381334,41.699966567229],[1.8467096362822,41.700495262191],[1.845754769881,41.703451067636],[1.8455080066555,41.703947693691],[1.8448857341578,41.704748695436],[1.8445853267529,41.705357450041],[1.8445638690811,41.705477598296],[1.8442205463326,41.706791204562],[1.843930867745,41.707215717961],[1.8435660873247,41.70744799767],[1.8420318637924,41.708072745826],[1.8415490661497,41.708377108148],[1.8388883147695,41.710275335204],[1.8371073280118,41.711236441428],[1.8366245303967,41.711556806976],[1.836109546274,41.712181515202],[1.8345002208706,41.715617301981],[1.8336718310016,41.717317956021],[1.8336074579863,41.717606257806],[1.833543084971,41.718519204928],[1.8337147463447,41.719271976179],[1.8341224421085,41.719832544752],[1.8344550360211,41.720545260591],[1.8340228030771,41.724113802516],[1.8339812836544,41.72440660188],[1.8343576740104,41.725686289416],[1.8364146534483,41.727315741551],[1.8371183569402,41.728312245631],[1.8372085753366,41.728648898922],[1.8375874926015,41.730520659047],[1.8377061688503,41.731274734108],[1.8375020279226,41.731903155238],[1.8366599465962,41.732750561874],[1.8362644235489,41.732988595435],[1.835715794806,41.733150457753],[1.8351926836789,41.733121893844],[1.8345675020881,41.732912424792],[1.8332150684426,41.732322099242],[1.8329912330369,41.732185446463],[1.8318580471328,41.73171339763],[1.8313588051005,41.731503956158],[1.8307594769241,41.73132278648],[1.8301184233684,41.731252016936],[1.8295646137617,41.731311463359],[1.8287452790396,41.731393555947],[1.8279714629131,41.731438848364]]},"properties":{"routeId":"R50","name":"R50","color":"#00738a"}},{"type":"Feature","geometry":{"type":"LineString","coordinates":[[1.629858,41.578033],[1.631462,41.577332],[1.631915,41.577133],[1.634216,41.57608],[1.634627,41.575977],[1.634763,41.575981],[1.635195,41.575977],[1.635453,41.576061],[1.636432,41.576057],[1.636724,41.576023],[1.637191,41.575981],[1.63792,41.575817],[1.63814,41.575741],[1.638328,41.575649],[1.640133,41.574581],[1.64057,41.574322],[1.643175,41.572784],[1.6456,41.571358],[1.645895,41.571136],[1.646198,41.570911],[1.64629,41.570831],[1.65246,41.567348],[1.65323,41.567039],[1.66049,41.564461],[1.66572,41.562809],[1.66654,41.562592],[1.66712,41.56255],[1.66793,41.562592],[1.66835,41.562691],[1.66872,41.56282],[1.67074,41.564079],[1.67122,41.56432],[1.67197,41.564541],[1.67266,41.56469],[1.67328,41.56472],[1.67405,41.564701],[1.67473,41.56461],[1.67544,41.564369],[1.67581,41.564129],[1.67615,41.563789],[1.67626,41.56356],[1.67641,41.56279],[1.67639,41.562408],[1.67609,41.561619],[1.67564,41.561001],[1.67541,41.560532],[1.67535,41.560268],[1.67539,41.55965],[1.67562,41.559151],[1.67613,41.558479],[1.67629,41.558079],[1.67648,41.55685],[1.67682,41.556068],[1.67682,41.556061],[1.67735,41.55529],[1.67826,41.55423],[1.67861,41.553951],[1.67938,41.55365],[1.67986,41.55357],[1.68074,41.553581],[1.68414,41.55389],[1.68454,41.553871],[1.68507,41.553791],[1.68557,41.553631],[1.68594,41.553452],[1.68798,41.551682],[1.68869,41.550812],[1.69041,41.54847],[1.69072,41.547852],[1.69141,41.545681],[1.69149,41.545101],[1.69058,41.541061],[1.69024,41.540371],[1.69006,41.539822],[1.68997,41.539341],[1.69,41.538971],[1.69008,41.538601],[1.69219,41.532471],[1.69232,41.531891],[1.69236,41.530811],[1.6917,41.528431],[1.69172,41.528011],[1.69195,41.527561],[1.6935,41.52594],[1.69362,41.525742],[1.69373,41.525261],[1.69364,41.52486],[1.69301,41.523571],[1.69292,41.523251],[1.69295,41.522812],[1.69314,41.522442],[1.69334,41.522221],[1.69391,41.52182],[1.69426,41.521671],[1.69487,41.521561],[1.69604,41.521511],[1.69636,41.521561],[1.69801,41.522091],[1.69852,41.522202],[1.69902,41.52227],[1.69948,41.522251],[1.70001,41.522121],[1.70165,41.521851],[1.70211,41.52198],[1.70255,41.52224],[1.70675,41.525391],[1.70722,41.525532],[1.70766,41.52557],[1.70801,41.52549],[1.70848,41.52523],[1.7087,41.524872],[1.70874,41.52446],[1.70847,41.524052],[1.7075,41.523281],[1.70706,41.522812],[1.70642,41.52158],[1.70639,41.521301],[1.70647,41.521061],[1.70671,41.52076],[1.70708,41.520561],[1.70965,41.520191],[1.71114,41.520111],[1.71165,41.52026],[1.71223,41.52071],[1.71238,41.521061],[1.71284,41.52306],[1.71318,41.523602],[1.71357,41.524021],[1.71415,41.524422],[1.71927,41.527241],[1.71955,41.52737],[1.72014,41.527821],[1.72087,41.528542],[1.72293,41.53101],[1.72311,41.531181],[1.72354,41.53146],[1.72438,41.531792],[1.72537,41.531952],[1.7258,41.531952],[1.72978,41.53157],[1.73043,41.531601],[1.73086,41.531681],[1.73178,41.532001],[1.734,41.53334],[1.73457,41.534142],[1.73514,41.53474],[1.73555,41.534981],[1.73609,41.53521],[1.73691,41.535412],[1.73747,41.53548],[1.73853,41.535412],[1.73912,41.535271],[1.73967,41.535061],[1.7406,41.535011],[1.74251,41.535141],[1.7432,41.535091],[1.74371,41.534981],[1.74426,41.53474],[1.74686,41.533192],[1.7525,41.529701],[1.75317,41.528782],[1.75325,41.52853],[1.75339,41.5275],[1.75351,41.527142],[1.75371,41.526791],[1.75405,41.526482],[1.75699,41.523201],[1.75786,41.521111],[1.75842,41.51992],[1.75919,41.51902],[1.75998,41.518421],[1.76211,41.517132],[1.76663,41.51479],[1.76702,41.51453],[1.7681,41.51329],[1.76841,41.51302],[1.76874,41.512852],[1.77038,41.512291],[1.77071,41.512051],[1.77099,41.51181],[1.77112,41.5116],[1.77144,41.510231],[1.77155,41.51001],[1.77179,41.509651],[1.77216,41.509331],[1.77658,41.506771],[1.77715,41.506512],[1.77791,41.50634],[1.77835,41.506321],[1.78048,41.50676],[1.78108,41.506802],[1.78126,41.50692],[1.78169,41.50684],[1.78199,41.506691],[1.78719,41.503311],[1.78747,41.503231],[1.78923,41.502911],[1.80476,41.50209],[1.80556,41.502312],[1.80606,41.502651],[1.80792,41.504341],[1.80818,41.504421],[1.8085,41.504421],[1.81277,41.50288],[1.81552,41.501961],[1.81682,41.501781],[1.81719,41.501862],[1.82278,41.50423],[1.82319,41.504341],[1.82366,41.504341],[1.82393,41.504311],[1.82464,41.50412],[1.8253,41.503792],[1.8262,41.503151],[1.82669,41.502911],[1.82825,41.502541],[1.83069,41.502201],[1.83506,41.501411],[1.83721,41.50164],[1.83806,41.501881],[1.84021,41.501572],[1.84086,41.501541],[1.84181,41.50161],[1.84213,41.501701],[1.84264,41.501991],[1.84391,41.503471],[1.84429,41.503651],[1.8502,41.505531],[1.85064,41.505611],[1.85116,41.505611],[1.85364,41.505081],[1.85443,41.505051],[1.85542,41.50539],[1.8557,41.505581],[1.85646,41.506641],[1.85688,41.506931],[1.85737,41.507141],[1.85777,41.507252],[1.85834,41.50732],[1.8597,41.507172],[1.86164,41.50679],[1.86224,41.506721],[1.86292,41.506901],[1.86342,41.507252],[1.86496,41.508011],[1.86545,41.508121],[1.86587,41.508121],[1.86618,41.508041],[1.8665,41.50782],[1.86671,41.507381],[1.86694,41.504421],[1.86687,41.50407],[1.86642,41.50354],[1.86619,41.503441],[1.86568,41.50309],[1.86453,41.502151],[1.86418,41.501801],[1.86407,41.50153],[1.8643,41.499352],[1.8647,41.498951],[1.86548,41.498661],[1.86617,41.498501],[1.86903,41.49765],[1.86968,41.497372],[1.87045,41.49728],[1.87108,41.497391],[1.87149,41.497391],[1.87323,41.497971],[1.87504,41.497761],[1.87605,41.4972],[1.87677,41.49707],[1.87762,41.497021],[1.87849,41.497051],[1.87884,41.4967],[1.87908,41.496552],[1.8794,41.496262],[1.87952,41.495972],[1.87956,41.495022],[1.87978,41.494541],[1.88006,41.494171],[1.8815,41.49268],[1.88213,41.492271],[1.88253,41.492081],[1.88577,41.491631],[1.88601,41.491421],[1.88698,41.489891],[1.88735,41.489552],[1.88782,41.489311],[1.88971,41.488651],[1.89038,41.488571],[1.89346,41.48875],[1.89372,41.488682],[1.89479,41.488152],[1.89546,41.48798],[1.90081,41.487171],[1.90492,41.487141],[1.91357,41.487301],[1.91411,41.48724],[1.9147,41.48703],[1.91567,41.486462],[1.91771,41.484711],[1.9193,41.483551],[1.91959,41.48341],[1.919839,41.48317],[1.920129,41.482792],[1.920397,41.482494],[1.920977,41.480659],[1.92147,41.480194],[1.922908,41.479336],[1.923884,41.479061],[1.92456,41.479164],[1.925322,41.479374],[1.925955,41.479477],[1.927006,41.479599],[1.927832,41.479767],[1.928562,41.479794],[1.931695,41.479889],[1.933047,41.480137],[1.93751,41.48103],[1.937993,41.48098],[1.938744,41.480762],[1.939076,41.480515],[1.939516,41.480164],[1.939795,41.479767],[1.939967,41.479446],[1.93996,41.478371],[1.93928,41.476871],[1.93904,41.475151],[1.93907,41.474522],[1.93917,41.474281],[1.94473,41.469212],[1.94495,41.469101],[1.94747,41.468651],[1.94813,41.468491],[1.94894,41.46822],[1.94959,41.46788],[1.95219,41.46566],[1.95342,41.464481],[1.95369,41.464001],[1.95425,41.461842],[1.95439,41.461552],[1.95469,41.461201],[1.95487,41.46106],[1.95828,41.459461],[1.95884,41.459091],[1.96932,41.450081],[1.97053,41.44923],[1.97115,41.448502],[1.97136,41.448441],[1.9728,41.447441],[1.97336,41.44714],[1.97476,41.44627],[1.97515,41.445992],[1.97546,41.445671],[1.97593,41.44553],[1.97874,41.444271],[1.97908,41.444061],[1.98083,41.44268],[1.98146,41.442341],[1.98314,41.44173],[1.98392,41.441391],[1.98475,41.440941],[1.98713,41.43951],[1.98914,41.43858],[1.99037,41.437771],[1.99165,41.436722],[1.99203,41.43626],[1.99274,41.434971],[1.9933,41.433102],[1.99562,41.424191],[1.9957,41.423561],[1.99535,41.422401],[1.9953,41.42205],[1.99546,41.421242],[1.99584,41.420071],[1.99782,41.415531],[2.00004,41.412312],[2.00027,41.4119],[2.00056,41.410831],[2.00064,41.410141],[2.00065,41.40921],[2.00086,41.40826],[2.00454,41.39983],[2.00672,41.397171],[2.00716,41.39645],[2.00861,41.39444],[2.00871,41.394161],[2.0089,41.39246],[2.00906,41.39204],[2.01072,41.390011],[2.01328,41.387032],[2.01747,41.38026],[2.0184,41.378922],[2.01977,41.37722],[2.02147,41.374882],[2.02234,41.372711],[2.02318,41.37093],[2.02346,41.370602],[2.02515,41.369202],[2.02768,41.367432],[2.02963,41.365871],[2.03102,41.364262],[2.03234,41.362621],[2.03252,41.362202],[2.03262,41.361462],[2.03287,41.360741],[2.03573,41.355942],[2.03617,41.35387],[2.03653,41.352821],[2.03682,41.352242],[2.03888,41.350422],[2.0394,41.35014],[2.04334,41.348351],[2.04385,41.348202],[2.04488,41.348141],[2.04547,41.348171],[2.04605,41.348331],[2.04987,41.349991],[2.05167,41.35067],[2.05207,41.350761],[2.05286,41.350842],[2.0551,41.351372],[2.05879,41.35173],[2.06091,41.35215],[2.06214,41.352291],[2.06337,41.352322],[2.06825,41.351761],[2.07259,41.351341],[2.07921,41.352341],[2.08497,41.353062],[2.09751,41.355721],[2.09843,41.356152],[2.10071,41.357101],[2.10481,41.35873],[2.10776,41.359821],[2.10961,41.360561],[2.11154,41.36124],[2.112,41.361221],[2.11276,41.361061],[2.11308,41.360882],[2.11332,41.36063],[2.11585,41.356911],[2.11605,41.35672],[2.11613,41.356491],[2.11631,41.35622],[2.11667,41.35593],[2.1166,41.355431],[2.11669,41.35479],[2.11685,41.35466],[2.11732,41.354431],[2.11833,41.353821],[2.11894,41.353661],[2.11949,41.35371],[2.12142,41.354141],[2.12698,41.358231],[2.13022,41.360771],[2.13086,41.36121],[2.13375,41.363461],[2.13577,41.364941],[2.13758,41.36636],[2.13929,41.367531],[2.14882,41.374771]]},"properties":{"routeId":"R60","name":"R60","color":"#5b5b5b"}},{"type":"Feature","geometry":{"type":"LineString","coordinates":[[2.14882,41.374771],[2.13929,41.367531],[2.13758,41.36636],[2.13577,41.364941],[2.13375,41.363461],[2.13086,41.36121],[2.13022,41.360771],[2.12698,41.358231],[2.12142,41.354141],[2.11949,41.35371],[2.11894,41.353661],[2.11833,41.353821],[2.11732,41.354431],[2.11685,41.35466],[2.11669,41.35479],[2.1166,41.355431],[2.11667,41.35593],[2.11631,41.35622],[2.11613,41.356491],[2.11605,41.35672],[2.11585,41.356911],[2.11332,41.36063],[2.11308,41.360882],[2.11276,41.361061],[2.112,41.361221],[2.11154,41.36124],[2.10961,41.360561],[2.10776,41.359821],[2.10481,41.35873],[2.10071,41.357101],[2.09843,41.356152],[2.09751,41.355721],[2.08497,41.353062],[2.07921,41.352341],[2.07259,41.351341],[2.06825,41.351761],[2.06337,41.352322],[2.06214,41.352291],[2.06091,41.35215],[2.05879,41.35173],[2.0551,41.351372],[2.05286,41.350842],[2.05207,41.350761],[2.05167,41.35067],[2.04987,41.349991],[2.04605,41.348331],[2.04547,41.348171],[2.04488,41.348141],[2.04385,41.348202],[2.04334,41.348351],[2.0394,41.35014],[2.03888,41.350422],[2.03682,41.352242],[2.03653,41.352821],[2.03617,41.35387],[2.03573,41.355942],[2.03287,41.360741],[2.03262,41.361462],[2.03252,41.362202],[2.03234,41.362621],[2.03102,41.364262],[2.02963,41.365871],[2.02768,41.367432],[2.02515,41.369202],[2.02346,41.370602],[2.02318,41.37093],[2.02234,41.372711],[2.02147,41.374882],[2.01977,41.37722],[2.0184,41.378922],[2.01747,41.38026],[2.01328,41.387032],[2.01072,41.390011],[2.00906,41.39204],[2.0089,41.39246],[2.00871,41.394161],[2.00861,41.39444],[2.00716,41.39645],[2.00672,41.397171],[2.00454,41.39983],[2.00086,41.40826],[2.00065,41.40921],[2.00064,41.410141],[2.00056,41.410831],[2.00027,41.4119],[2.00004,41.412312],[1.99782,41.415531],[1.99584,41.420071],[1.99546,41.421242],[1.9953,41.42205],[1.99535,41.422401],[1.9957,41.423561],[1.99562,41.424191],[1.9933,41.433102],[1.99274,41.434971],[1.99203,41.43626],[1.99165,41.436722],[1.99037,41.437771],[1.98914,41.43858],[1.98713,41.43951],[1.98475,41.440941],[1.98392,41.441391],[1.98314,41.44173],[1.98146,41.442341],[1.98083,41.44268],[1.97908,41.444061],[1.97874,41.444271],[1.97593,41.44553],[1.97546,41.445671],[1.97515,41.445992],[1.97476,41.44627],[1.97336,41.44714],[1.9728,41.447441],[1.97136,41.448441],[1.97115,41.448502],[1.97053,41.44923],[1.96932,41.450081],[1.95884,41.459091],[1.95828,41.459461],[1.95487,41.46106],[1.95469,41.461201],[1.95439,41.461552],[1.95425,41.461842],[1.95369,41.464001],[1.95342,41.464481],[1.95219,41.46566],[1.94959,41.46788],[1.94894,41.46822],[1.94813,41.468491],[1.94747,41.468651],[1.94495,41.469101],[1.94473,41.469212],[1.93917,41.474281],[1.93907,41.474522],[1.93904,41.475151],[1.93928,41.476871],[1.93996,41.478371],[1.939967,41.479446],[1.939795,41.479767],[1.939516,41.480164],[1.939076,41.480515],[1.938744,41.480762],[1.937993,41.48098],[1.93751,41.48103],[1.933047,41.480137],[1.931695,41.479889],[1.928562,41.479794],[1.927832,41.479767],[1.927006,41.479599],[1.925955,41.479477],[1.925322,41.479374],[1.92456,41.479164],[1.923884,41.479061],[1.922908,41.479336],[1.92147,41.480194],[1.920977,41.480659],[1.920397,41.482494],[1.920129,41.482792],[1.919839,41.48317],[1.91959,41.48341],[1.9193,41.483551],[1.91771,41.484711],[1.91567,41.486462],[1.9147,41.48703],[1.91411,41.48724],[1.91357,41.487301],[1.90492,41.487141],[1.90081,41.487171],[1.89546,41.48798],[1.89479,41.488152],[1.89372,41.488682],[1.89346,41.48875],[1.89038,41.488571],[1.88971,41.488651],[1.88782,41.489311],[1.88735,41.489552],[1.88698,41.489891],[1.88601,41.491421],[1.88577,41.491631],[1.88253,41.492081],[1.88213,41.492271],[1.8815,41.49268],[1.88006,41.494171],[1.87978,41.494541],[1.87956,41.495022],[1.87952,41.495972],[1.8794,41.496262],[1.87908,41.496552],[1.87884,41.4967],[1.87849,41.497051],[1.87762,41.497021],[1.87677,41.49707],[1.87605,41.4972],[1.87504,41.497761],[1.87323,41.497971],[1.87149,41.497391],[1.87108,41.497391],[1.87045,41.49728],[1.86968,41.497372],[1.86903,41.49765],[1.86617,41.498501],[1.86548,41.498661],[1.8647,41.498951],[1.8643,41.499352],[1.86407,41.50153],[1.86418,41.501801],[1.86453,41.502151],[1.86568,41.50309],[1.86619,41.503441],[1.86642,41.50354],[1.86687,41.50407],[1.86694,41.504421],[1.86671,41.507381],[1.8665,41.50782],[1.86618,41.508041],[1.86587,41.508121],[1.86545,41.508121],[1.86496,41.508011],[1.86342,41.507252],[1.86292,41.506901],[1.86224,41.506721],[1.86164,41.50679],[1.8597,41.507172],[1.85834,41.50732],[1.85777,41.507252],[1.85737,41.507141],[1.85688,41.506931],[1.85646,41.506641],[1.8557,41.505581],[1.85542,41.50539],[1.85443,41.505051],[1.85364,41.505081],[1.85116,41.505611],[1.85064,41.505611],[1.8502,41.505531],[1.84429,41.503651],[1.84391,41.503471],[1.84264,41.501991],[1.84213,41.501701],[1.84181,41.50161],[1.84086,41.501541],[1.84021,41.501572],[1.83806,41.501881],[1.83721,41.50164],[1.83506,41.501411],[1.83069,41.502201],[1.82825,41.502541],[1.82669,41.502911],[1.8262,41.503151],[1.8253,41.503792],[1.82464,41.50412],[1.82393,41.504311],[1.82366,41.504341],[1.82319,41.504341],[1.82278,41.50423],[1.81719,41.501862],[1.81682,41.501781],[1.81552,41.501961],[1.81277,41.50288],[1.8085,41.504421],[1.80818,41.504421],[1.80792,41.504341],[1.80606,41.502651],[1.80556,41.502312],[1.80476,41.50209],[1.78923,41.502911],[1.78747,41.503231],[1.78719,41.503311],[1.78199,41.506691],[1.78169,41.50684],[1.78126,41.50692],[1.78108,41.506802],[1.78048,41.50676],[1.77835,41.506321],[1.77791,41.50634],[1.77715,41.506512],[1.77658,41.506771],[1.77216,41.509331],[1.77179,41.509651],[1.77155,41.51001],[1.77144,41.510231],[1.77112,41.5116],[1.77099,41.51181],[1.77071,41.512051],[1.77038,41.512291],[1.76874,41.512852],[1.76841,41.51302],[1.7681,41.51329],[1.76702,41.51453],[1.76663,41.51479],[1.76211,41.517132],[1.75998,41.518421],[1.75919,41.51902],[1.75842,41.51992],[1.75786,41.521111],[1.75699,41.523201],[1.75405,41.526482],[1.75371,41.526791],[1.75351,41.527142],[1.75339,41.5275],[1.75325,41.52853],[1.75317,41.528782],[1.7525,41.529701],[1.74686,41.533192],[1.74426,41.53474],[1.74371,41.534981],[1.7432,41.535091],[1.74251,41.535141],[1.7406,41.535011],[1.73967,41.535061],[1.73912,41.535271],[1.73853,41.535412],[1.73747,41.53548],[1.73691,41.535412],[1.73609,41.53521],[1.73555,41.534981],[1.73514,41.53474],[1.73457,41.534142],[1.734,41.53334],[1.73178,41.532001],[1.73086,41.531681],[1.73043,41.531601],[1.72978,41.53157],[1.7258,41.531952],[1.72537,41.531952],[1.72438,41.531792],[1.72354,41.53146],[1.72311,41.531181],[1.72293,41.53101],[1.72087,41.528542],[1.72014,41.527821],[1.71955,41.52737],[1.71927,41.527241],[1.71415,41.524422],[1.71357,41.524021],[1.71318,41.523602],[1.71284,41.52306],[1.71238,41.521061],[1.71223,41.52071],[1.71165,41.52026],[1.71114,41.520111],[1.70965,41.520191],[1.70708,41.520561],[1.70671,41.52076],[1.70647,41.521061],[1.70639,41.521301],[1.70642,41.52158],[1.70706,41.522812],[1.7075,41.523281],[1.70847,41.524052],[1.70874,41.52446],[1.7087,41.524872],[1.70848,41.52523],[1.70801,41.52549],[1.70766,41.52557],[1.70722,41.525532],[1.70675,41.525391],[1.70255,41.52224],[1.70211,41.52198],[1.70165,41.521851],[1.70001,41.522121],[1.69948,41.522251],[1.69902,41.52227],[1.69852,41.522202],[1.69801,41.522091],[1.69636,41.521561],[1.69604,41.521511],[1.69487,41.521561],[1.69426,41.521671],[1.69391,41.52182],[1.69334,41.522221],[1.69314,41.522442],[1.69295,41.522812],[1.69292,41.523251],[1.69301,41.523571],[1.69364,41.52486],[1.69373,41.525261],[1.69362,41.525742],[1.6935,41.52594],[1.69195,41.527561],[1.69172,41.528011],[1.6917,41.528431],[1.69236,41.530811],[1.69232,41.531891],[1.69219,41.532471],[1.69008,41.538601],[1.69,41.538971],[1.68997,41.539341],[1.69006,41.539822],[1.69024,41.540371],[1.69058,41.541061],[1.69149,41.545101],[1.69141,41.545681],[1.69072,41.547852],[1.69041,41.54847],[1.68869,41.550812],[1.68798,41.551682],[1.68594,41.553452],[1.68557,41.553631],[1.68507,41.553791],[1.68454,41.553871],[1.68414,41.55389],[1.68074,41.553581],[1.67986,41.55357],[1.67938,41.55365],[1.67861,41.553951],[1.67826,41.55423],[1.67735,41.55529],[1.67682,41.556061],[1.67682,41.556068],[1.67648,41.55685],[1.67629,41.558079],[1.67613,41.558479],[1.67562,41.559151],[1.67539,41.55965],[1.67535,41.560268],[1.67541,41.560532],[1.67564,41.561001],[1.67609,41.561619],[1.67639,41.562408],[1.67641,41.56279],[1.67626,41.56356],[1.67615,41.563789],[1.67581,41.564129],[1.67544,41.564369],[1.67473,41.56461],[1.67405,41.564701],[1.67328,41.56472],[1.67266,41.56469],[1.67197,41.564541],[1.67122,41.56432],[1.67074,41.564079],[1.66872,41.56282],[1.66835,41.562691],[1.66793,41.562592],[1.66712,41.56255],[1.66654,41.562592],[1.66572,41.562809],[1.66049,41.564461],[1.65323,41.567039],[1.65246,41.567348],[1.64629,41.570831],[1.646198,41.570911],[1.645895,41.571136],[1.6456,41.571358],[1.643175,41.572784],[1.64057,41.574322],[1.640133,41.574581],[1.638328,41.575649],[1.63814,41.575741],[1.63792,41.575817],[1.637191,41.575981],[1.636724,41.576023],[1.636432,41.576057],[1.635453,41.576061],[1.635195,41.575977],[1.634763,41.575981],[1.634627,41.575977],[1.634216,41.57608],[1.631915,41.577133],[1.631462,41.577332],[1.629858,41.578033]]},"properties":{"routeId":"R60","name":"R60","color":"#5b5b5b"}},{"type":"Feature","geometry":{"type":"LineString","coordinates":[[2.1484709,41.3745221],[2.1446568,41.3716237],[2.1372163,41.3660157],[2.1316266,41.361752],[2.1258652,41.3574196],[2.1195191,41.353546],[2.1192616,41.3534614],[2.1188861,41.3534332],[2.118457,41.3534735],[2.1180975,41.3535862],[2.1178079,41.3537594],[2.1175772,41.3540131],[2.1171373,41.3545688],[2.1162629,41.3558694],[2.1134037,41.36021],[2.1128297,41.3610555],[2.1126473,41.3611642],[2.1123093,41.3612689],[2.1120304,41.3612729],[2.1117944,41.3612447],[2.104091,41.358394],[2.1026802,41.3578666],[2.0965594,41.3560908],[2.0878637,41.3535661],[2.0828533,41.3528775],[2.0817053,41.3526279],[2.0772636,41.352056],[2.076754,41.3519473],[2.0728111,41.3513554],[2.0724571,41.3513594],[2.0708317,41.3515164],[2.0698822,41.3516372],[2.0667976,41.3520158],[2.0648611,41.3522614],[2.0645928,41.3523258],[2.0641047,41.352346],[2.0625114,41.3522171],[2.059958,41.351903],[2.0578068,41.3516413],[2.0557898,41.351299],[2.0544595,41.3511258],[2.0534295,41.3510171],[2.0519489,41.3508238],[2.0514446,41.3506748],[2.0489395,41.3495754],[2.0467454,41.348625],[2.0458442,41.3482666],[2.045356,41.3481619],[2.0442992,41.3481539],[2.0437413,41.3482143],[2.0432961,41.3483552],[2.0421642,41.3488707],[2.0407212,41.3495513],[2.0389616,41.3504332],[2.03798,41.3512386],[2.0371914,41.3519554],[2.0367193,41.3526077],[2.0365155,41.3531513],[2.0364189,41.3536869],[2.0363009,41.3554828],[2.0360756,41.3562962],[2.0352763,41.357629],[2.0339942,41.3596302],[2.0334041,41.3605965],[2.0331466,41.3612125],[2.0328301,41.3624365],[2.0326746,41.3628069],[2.0322669,41.3634229],[2.0309472,41.3648683],[2.030223,41.3656292],[2.0297509,41.3660842],[2.0288444,41.3667203],[2.0279431,41.3673523],[2.0261621,41.3686084],[2.0245367,41.3697115],[2.0240325,41.3701382],[2.0233887,41.3707823],[2.0229006,41.3715311],[2.022391,41.3726865],[2.021538,41.3748321],[2.0209962,41.3757298],[2.0178151,41.3797631],[2.0171016,41.3808982],[2.0151383,41.3841021],[2.0135397,41.3866981],[2.0132285,41.3871891],[2.0123702,41.388151],[2.0097256,41.3912419],[2.0091999,41.3918415],[2.008996,41.3922359],[2.0088619,41.3927309],[2.0087975,41.3934351],[2.0087385,41.3940267],[2.0086741,41.3943044],[2.0084918,41.3947028],[2.0069361,41.3968517],[2.0054448,41.3987953],[2.0052087,41.3990649],[2.0047367,41.3997369],[2.0042539,41.4006503],[2.0038086,41.4016684],[2.0032829,41.4028192],[2.0026606,41.4041671],[2.0021027,41.4054386],[2.0017272,41.4063036]]},"properties":{"routeId":"S9","name":"S9","color":"#DF4661"}},{"type":"Feature","geometry":{"type":"LineString","coordinates":[[2.0017272,41.4063036],[2.0021027,41.4054386],[2.0026606,41.4041671],[2.0032829,41.4028192],[2.0038086,41.4016684],[2.0042539,41.4006503],[2.0047367,41.3997369],[2.0052087,41.3990649],[2.0054448,41.3987953],[2.0069361,41.3968517],[2.0084918,41.3947028],[2.0086741,41.3943044],[2.0087385,41.3940267],[2.0087975,41.3934351],[2.0088619,41.3927309],[2.008996,41.3922359],[2.0091999,41.3918415],[2.0097256,41.3912419],[2.0123702,41.388151],[2.0132285,41.3871891],[2.0135397,41.3866981],[2.0151383,41.3841021],[2.0171016,41.3808982],[2.0178151,41.3797631],[2.0209962,41.3757298],[2.021538,41.3748321],[2.022391,41.3726865],[2.0229006,41.3715311],[2.0233887,41.3707823],[2.0240325,41.3701382],[2.0245367,41.3697115],[2.0261621,41.3686084],[2.0279431,41.3673523],[2.0288444,41.3667203],[2.0297509,41.3660842],[2.030223,41.3656292],[2.0309472,41.3648683],[2.0322669,41.3634229],[2.0326746,41.3628069],[2.0328301,41.3624365],[2.0331466,41.3612125],[2.0334041,41.3605965],[2.0339942,41.3596302],[2.0352763,41.357629],[2.0360756,41.3562962],[2.0363009,41.3554828],[2.0364189,41.3536869],[2.0365155,41.3531513],[2.0367193,41.3526077],[2.0371914,41.3519554],[2.03798,41.3512386],[2.0389616,41.3504332],[2.0407212,41.3495513],[2.0421642,41.3488707],[2.0432961,41.3483552],[2.0437413,41.3482143],[2.0442992,41.3481539],[2.045356,41.3481619],[2.0458442,41.3482666],[2.0467454,41.348625],[2.0489395,41.3495754],[2.0514446,41.3506748],[2.0519489,41.3508238],[2.0534295,41.3510171],[2.0544595,41.3511258],[2.0557898,41.351299],[2.0578068,41.3516413],[2.059958,41.351903],[2.0625114,41.3522171],[2.0641047,41.352346],[2.0645928,41.3523258],[2.0648611,41.3522614],[2.0667976,41.3520158],[2.0698822,41.3516372],[2.0708317,41.3515164],[2.0724571,41.3513594],[2.0728111,41.3513554],[2.076754,41.3519473],[2.0772636,41.352056],[2.0817053,41.3526279],[2.0828533,41.3528775],[2.0878637,41.3535661],[2.0965594,41.3560908],[2.1026802,41.3578666],[2.104091,41.358394],[2.1117944,41.3612447],[2.1120304,41.3612729],[2.1123093,41.3612689],[2.1126473,41.3611642],[2.1128297,41.3610555],[2.1134037,41.36021],[2.1162629,41.3558694],[2.1171373,41.3545688],[2.1175772,41.3540131],[2.1178079,41.3537594],[2.1180975,41.3535862],[2.118457,41.3534735],[2.1188861,41.3534332],[2.1192616,41.3534614],[2.1195191,41.353546],[2.1258652,41.3574196],[2.1316266,41.361752],[2.1372163,41.3660157],[2.1446568,41.3716237],[2.1484709,41.3745221]]},"properties":{"routeId":"S9","name":"S9","color":"#DF4661"}},{"type":"Feature","geometry":{"type":"LineString","coordinates":[[0.634055,41.619839],[0.634705,41.619347],[0.635126,41.619125],[0.635598,41.618919],[0.637448,41.617554],[0.638532,41.616703],[0.639632,41.616104],[0.64123,41.615616],[0.641987,41.615471],[0.642856,41.615479],[0.643714,41.615612],[0.644336,41.61581],[0.644948,41.61615],[0.64601,41.617081],[0.649352,41.619884],[0.650854,41.621162],[0.654384,41.624096],[0.655779,41.62542],[0.65624,41.625996],[0.66099,41.631397],[0.663281,41.633987],[0.664877,41.635799],[0.666124,41.637192],[0.667808,41.639095],[0.669836,41.641384],[0.670673,41.642349],[0.671378,41.64307],[0.671856,41.643482],[0.672829,41.644257],[0.676314,41.646976],[0.677129,41.647614],[0.679371,41.649353],[0.682255,41.651611],[0.685068,41.653797],[0.688075,41.656139],[0.689658,41.65736],[0.690677,41.658173],[0.692021,41.659222],[0.693383,41.660278],[0.694225,41.660931],[0.695135,41.661613],[0.696782,41.6628],[0.697871,41.663586],[0.698721,41.664188],[0.700113,41.665215],[0.701344,41.666084],[0.705145,41.668842],[0.708307,41.671127],[0.71074,41.672894],[0.71111,41.673203],[0.712722,41.674873],[0.713948,41.676147],[0.715616,41.677879],[0.716415,41.678711],[0.716764,41.679005],[0.717115,41.679256],[0.717526,41.679497],[0.718204,41.679771],[0.718457,41.679863],[0.720213,41.68029],[0.720685,41.680443],[0.721098,41.680618],[0.721474,41.68082],[0.721874,41.681091],[0.722279,41.681427],[0.722491,41.681633],[0.722794,41.682011],[0.722979,41.682304],[0.723129,41.68261],[0.72348,41.683498],[0.723824,41.684326],[0.723939,41.684647],[0.72417,41.68507],[0.724459,41.685463],[0.72488,41.685848],[0.725194,41.686089],[0.725572,41.686329],[0.725999,41.686539],[0.727619,41.687176],[0.729032,41.687759],[0.732745,41.689606],[0.735977,41.691246],[0.738214,41.692368],[0.740617,41.693577],[0.742427,41.694481],[0.744385,41.695469],[0.745745,41.696156],[0.746327,41.696526],[0.746655,41.696796],[0.746931,41.697083],[0.747097,41.6973],[0.747266,41.697544],[0.747432,41.697884],[0.747553,41.698154],[0.747626,41.698467],[0.748124,41.699226],[0.747757,41.698917],[0.748044,41.700062],[0.748157,41.700504],[0.748307,41.700954],[0.748449,41.701267],[0.748669,41.701591],[0.748953,41.701946],[0.749299,41.702267],[0.749565,41.702477],[0.750388,41.702969],[0.752456,41.704021],[0.754479,41.705055],[0.756174,41.705925],[0.757872,41.706818],[0.758065,41.706959],[0.758319,41.707165],[0.758558,41.707397],[0.75873,41.707603],[0.758859,41.707832],[0.758971,41.708054],[0.759049,41.708267],[0.759108,41.708511],[0.759148,41.708755],[0.759119,41.70977],[0.759062,41.711113],[0.759012,41.712132],[0.759025,41.71254],[0.759068,41.712814],[0.759186,41.713165],[0.759333,41.713444],[0.759486,41.713661],[0.759695,41.713909],[0.759934,41.714127],[0.760792,41.714783],[0.762383,41.715969],[0.763443,41.716774],[0.764655,41.71769],[0.765942,41.718655],[0.766886,41.719376],[0.767562,41.719906],[0.768257,41.720573],[0.769633,41.722061],[0.770636,41.72319],[0.771704,41.724346],[0.772731,41.725437],[0.773812,41.72662],[0.77526,41.728207],[0.77636,41.729485],[0.776937,41.730141],[0.778804,41.732307],[0.780188,41.733913],[0.78173,41.735653],[0.783398,41.737415],[0.784079,41.737976],[0.784876,41.738525],[0.785512,41.738907],[0.786357,41.739326],[0.788875,41.740547],[0.791724,41.741905],[0.793706,41.742836],[0.795345,41.743645],[0.796916,41.744385],[0.798199,41.745029],[0.799105,41.74564],[0.79995,41.746307],[0.800669,41.747005],[0.801251,41.7477],[0.801712,41.748314],[0.803284,41.751343],[0.80521,41.755074],[0.808077,41.760647],[0.810864,41.766026],[0.811553,41.767361],[0.81183,41.767941],[0.812052,41.768539],[0.81231,41.769547],[0.812532,41.770809],[0.812709,41.771873],[0.812927,41.772579],[0.813281,41.773464],[0.813798,41.774338],[0.814595,41.775436],[0.815413,41.776535],[0.815866,41.77718],[0.816263,41.778057],[0.81651,41.778851],[0.816623,41.779686],[0.816628,41.780346],[0.816582,41.780758],[0.816236,41.782497],[0.815923,41.783966],[0.815705,41.785038],[0.815429,41.786346],[0.815284,41.786995],[0.815145,41.787762],[0.814944,41.788727],[0.81467,41.790028],[0.814332,41.791561],[0.813989,41.793175],[0.813562,41.79512],[0.813219,41.796688],[0.812589,41.799622],[0.812323,41.800827],[0.812125,41.801731],[0.811846,41.803032],[0.811516,41.804585],[0.811382,41.805004],[0.811191,41.805382],[0.811009,41.805653],[0.810679,41.806],[0.810328,41.806297],[0.81,41.806507],[0.809544,41.806728],[0.807455,41.807682],[0.806814,41.808041],[0.806267,41.808483],[0.805789,41.809021],[0.805505,41.809521],[0.80532,41.810013],[0.805247,41.810436],[0.805229,41.810837],[0.805293,41.811352],[0.805347,41.811695],[0.805459,41.812111],[0.80561,41.812447],[0.805792,41.812771],[0.807272,41.81525],[0.808203,41.816822],[0.809727,41.81937],[0.8104,41.820496],[0.811041,41.821568],[0.811752,41.822739],[0.81265,41.824226],[0.813455,41.825558],[0.814345,41.827187],[0.814447,41.827618],[0.814477,41.828018],[0.814453,41.828396],[0.814404,41.828644],[0.814319,41.828945],[0.814211,41.829224],[0.812696,41.832432],[0.811446,41.835056],[0.8108,41.836422],[0.810116,41.837879],[0.809357,41.839497],[0.808616,41.841103],[0.80852,41.84145],[0.80849,41.841797],[0.808541,41.842129],[0.808619,41.842438],[0.808866,41.842968],[0.809408,41.844112],[0.809764,41.844875],[0.810226,41.845844],[0.810939,41.847324],[0.811046,41.847515],[0.811162,41.847668],[0.81128,41.847813],[0.811395,41.847931],[0.81231,41.848763],[0.813742,41.85006],[0.814799,41.850998],[0.815485,41.851631],[0.816467,41.852509],[0.817374,41.853188],[0.818302,41.853874],[0.819085,41.854454],[0.81957,41.854801],[0.820101,41.85527],[0.821585,41.856678],[0.82236,41.857414],[0.822802,41.85783],[0.823234,41.858334],[0.824557,41.860039],[0.825479,41.861229],[0.825863,41.861641],[0.826351,41.862137],[0.826965,41.862671],[0.828041,41.863605],[0.829253,41.864658],[0.82957,41.864887],[0.829873,41.865078],[0.829881,41.865086],[0.831592,41.865883],[0.834467,41.867222],[0.835642,41.867756],[0.836817,41.868294],[0.837686,41.868702],[0.838619,41.869228],[0.839151,41.86964],[0.839424,41.869904],[0.839944,41.870663],[0.840036,41.871086],[0.840057,41.871479],[0.839939,41.872078],[0.839826,41.872589],[0.839703,41.873322],[0.839671,41.873627],[0.839596,41.873848],[0.83959,41.874199],[0.839714,41.874561],[0.840073,41.875034],[0.840309,41.875343],[0.840529,41.87558],[0.840932,41.875854],[0.841345,41.876099],[0.842069,41.876385],[0.843571,41.877003],[0.844118,41.877361],[0.844563,41.877838],[0.844815,41.878204],[0.845025,41.878788],[0.845051,41.8792],[0.844998,41.879581],[0.84488,41.879978],[0.844579,41.880615],[0.844268,41.881294],[0.843973,41.881927],[0.843544,41.883301],[0.842299,41.886658],[0.840969,41.889435],[0.835905,41.897739],[0.832043,41.904514],[0.830294,41.910782],[0.830272,41.911251],[0.830294,41.911827],[0.830616,41.912506],[0.831066,41.91296],[0.831614,41.913376],[0.831957,41.913662],[0.832483,41.913918],[0.833234,41.914005],[0.83391,41.914223],[0.834639,41.914684],[0.835111,41.91518],[0.835497,41.915993],[0.835637,41.916512],[0.835701,41.917408],[0.835787,41.917847],[0.83613,41.918613],[0.837128,41.919353],[0.838459,41.920288],[0.840261,41.921494],[0.84289,41.92234],[0.844553,41.922794],[0.847428,41.923027],[0.849075,41.923824],[0.849906,41.924225],[0.850566,41.924725],[0.850952,41.925301],[0.851161,41.925785],[0.851215,41.926231],[0.851119,41.926891],[0.851006,41.927505],[0.850963,41.928101],[0.851001,41.929504],[0.851129,41.92989],[0.851682,41.930859],[0.853152,41.932499],[0.853871,41.933651],[0.854267,41.934963],[0.85453,41.935955],[0.854584,41.936565],[0.854364,41.937244],[0.854096,41.937832],[0.853538,41.938526],[0.852685,41.938866],[0.850936,41.939201],[0.849627,41.93935],[0.848683,41.939659],[0.84841,41.93985],[0.847331,41.940792],[0.846199,41.941849],[0.845942,41.942348],[0.845786,41.942871],[0.845786,41.943352],[0.845792,41.943565],[0.846264,41.945148],[0.84635,41.94582],[0.846232,41.946499],[0.846081,41.946983],[0.845674,41.947647],[0.844209,41.949097],[0.843008,41.950623],[0.842745,41.951694],[0.842809,41.953167],[0.842863,41.954247],[0.842836,41.955551],[0.842525,41.95718],[0.842273,41.958046],[0.842283,41.959263],[0.842525,41.96011],[0.842509,41.9608],[0.842434,41.961086],[0.842053,41.962269],[0.841747,41.962734],[0.841447,41.963295],[0.841173,41.963818],[0.840878,41.964333],[0.840427,41.964722],[0.83981,41.965034],[0.839129,41.965374],[0.838657,41.965759],[0.838421,41.966267],[0.838341,41.966648],[0.838131,41.96722],[0.837842,41.967628],[0.837471,41.967983],[0.837182,41.968349],[0.836667,41.968842],[0.836023,41.969189],[0.835326,41.96946],[0.83488,41.970108],[0.834746,41.97065],[0.834698,41.971165],[0.835041,41.972496],[0.83546,41.974083],[0.835707,41.974911],[0.836173,41.975628],[0.836592,41.976101],[0.837311,41.976826],[0.837831,41.977551],[0.838083,41.97821],[0.838099,41.978859],[0.837804,41.979694],[0.837434,41.980228],[0.837005,41.980515],[0.836699,41.980778],[0.83613,41.981419],[0.835782,41.982048],[0.835658,41.982586],[0.835733,41.983097],[0.835862,41.983524],[0.836109,41.983997],[0.837032,41.985394],[0.8373,41.985973],[0.837579,41.9865],[0.838711,41.987926],[0.839022,41.988472],[0.839263,41.988819],[0.839478,41.989052],[0.839869,41.989403],[0.840175,41.989784],[0.841157,41.991295],[0.841307,41.991688],[0.841538,41.992882],[0.841634,41.993656],[0.841538,41.994194],[0.841345,41.994617],[0.841071,41.995064],[0.84069,41.995419],[0.839987,41.995968],[0.83937,41.996487],[0.839097,41.996857],[0.83892,41.997189],[0.838818,41.997631],[0.838813,41.998161],[0.838775,41.998802],[0.839124,41.999256],[0.839564,41.999611],[0.8401,41.999969],[0.840722,42.000225],[0.842326,42.000935],[0.842943,42.001114],[0.843228,42.0014],[0.843415,42.001747],[0.843667,42.002045],[0.843882,42.002533],[0.844172,42.003048],[0.844467,42.00341],[0.845057,42.003895],[0.846001,42.004585],[0.848061,42.006172],[0.848989,42.006584],[0.849584,42.00676],[0.849949,42.006821],[0.850303,42.006859],[0.852218,42.00684],[0.852508,42.006866],[0.852814,42.006905],[0.854718,42.007278],[0.855743,42.007484],[0.856467,42.007599],[0.857427,42.007694],[0.858189,42.007755],[0.858865,42.007744],[0.860608,42.007656],[0.86167,42.007603],[0.862775,42.007465],[0.864626,42.007206],[0.865313,42.007145],[0.865753,42.007191],[0.866343,42.007263],[0.866911,42.007309],[0.868295,42.00753],[0.869717,42.007774],[0.870629,42.008072],[0.872292,42.008636],[0.872914,42.008961],[0.87351,42.00943],[0.873891,42.009956],[0.874094,42.010387],[0.874164,42.010838],[0.874175,42.011292],[0.874148,42.012371],[0.873971,42.014126],[0.87411,42.014664],[0.874379,42.015152],[0.874835,42.015652],[0.87594,42.016434],[0.87646,42.01701],[0.877297,42.018055],[0.877656,42.018711],[0.877833,42.019455],[0.877946,42.020184],[0.877908,42.020779],[0.877769,42.021732],[0.877651,42.022606],[0.87734,42.023201],[0.8769,42.023712],[0.876766,42.024204],[0.876744,42.024715],[0.876819,42.025246],[0.877056,42.025829],[0.877179,42.026081],[0.877485,42.026527],[0.877914,42.026917],[0.87844,42.027248],[0.879035,42.027512],[0.880081,42.028061],[0.880655,42.02832],[0.881149,42.028828],[0.881304,42.029362],[0.881277,42.03067],[0.881336,42.031635],[0.881599,42.032391],[0.881717,42.033096],[0.881712,42.033848],[0.881717,42.034954],[0.881803,42.035275],[0.882817,42.038197],[0.883117,42.038631],[0.883611,42.039207],[0.883729,42.039402],[0.884228,42.039753],[0.884764,42.04007],[0.885344,42.040302],[0.886588,42.040707],[0.888112,42.041103],[0.889066,42.041576],[0.889796,42.042175],[0.890005,42.042397],[0.890273,42.042778],[0.890794,42.043846],[0.890885,42.044735],[0.891196,42.045856],[0.89133,42.046421],[0.891738,42.047115],[0.892183,42.04792],[0.892269,42.048393],[0.89221,42.04884],[0.891861,42.050434],[0.891389,42.051292],[0.890831,42.05191],[0.889893,42.052528],[0.889142,42.052975],[0.887833,42.053856],[0.887291,42.054321],[0.886411,42.055271],[0.885757,42.055878],[0.884496,42.056683],[0.883525,42.057381],[0.883139,42.057823],[0.88227,42.059475],[0.881084,42.061665],[0.880671,42.062504],[0.880553,42.063061],[0.880617,42.063648],[0.880875,42.064304],[0.88205,42.067112],[0.882565,42.068485],[0.882736,42.06953],[0.882699,42.070087],[0.882205,42.071369],[0.882055,42.071945],[0.882007,42.073807],[0.882103,42.074303],[0.882377,42.074841],[0.882753,42.075302],[0.884823,42.076923],[0.885585,42.077572],[0.885944,42.078094],[0.886357,42.078999],[0.886851,42.079803],[0.887387,42.08065],[0.887736,42.082199],[0.887902,42.082855],[0.888407,42.084],[0.888455,42.084454],[0.888315,42.08585],[0.888149,42.086403],[0.887586,42.087208],[0.886679,42.088364],[0.886293,42.088989],[0.886014,42.089874],[0.8858,42.090683],[0.885783,42.091347],[0.885966,42.091904],[0.886331,42.092434],[0.887248,42.093601],[0.887441,42.094009],[0.887559,42.094406],[0.887586,42.094822],[0.887103,42.0966],[0.887108,42.09721],[0.88742,42.097939],[0.888058,42.099125],[0.888197,42.09967],[0.888181,42.100349],[0.887849,42.102184],[0.887908,42.102837],[0.888423,42.104347],[0.888578,42.10561],[0.889356,42.1077],[0.889887,42.109161],[0.88986,42.109715],[0.88956,42.110752],[0.889437,42.111362],[0.889528,42.111938],[0.889716,42.112392],[0.889995,42.112823],[0.8917,42.114922],[0.892044,42.115425],[0.892215,42.115986],[0.892183,42.11657],[0.892113,42.120163],[0.892296,42.12101],[0.892537,42.122196],[0.892779,42.122704],[0.893766,42.124645],[0.893921,42.125416],[0.893798,42.126846],[0.893696,42.128105],[0.89339,42.131439],[0.893406,42.132519],[0.893916,42.135719],[0.893852,42.138206],[0.893776,42.138756],[0.893524,42.139259],[0.89324,42.139656],[0.892902,42.139969],[0.891132,42.141354],[0.890703,42.141953],[0.890526,42.142464],[0.890461,42.142914],[0.89052,42.143364],[0.890654,42.143772],[0.892698,42.147343],[0.892897,42.147655],[0.893052,42.147881],[0.894436,42.149414],[0.895016,42.150009],[0.895552,42.150738],[0.897065,42.153381],[0.897403,42.153954],[0.897569,42.154381],[0.897671,42.154835],[0.897633,42.155346],[0.89743,42.155968],[0.897,42.156582],[0.896373,42.157055],[0.895718,42.157387],[0.894935,42.157589],[0.89413,42.157696],[0.892054,42.157875],[0.890488,42.157906],[0.888975,42.158043],[0.88794,42.158375],[0.887237,42.15876],[0.886728,42.159245],[0.886465,42.159672],[0.886245,42.160275],[0.885853,42.161476],[0.885869,42.16206],[0.886041,42.162624],[0.886685,42.163647],[0.887527,42.16481],[0.88787,42.165157],[0.888509,42.165646],[0.890037,42.166744],[0.890912,42.167381],[0.891604,42.167915],[0.892269,42.168545],[0.892618,42.16901],[0.892864,42.169495],[0.892961,42.170109],[0.892881,42.1707],[0.892827,42.171497],[0.892972,42.172192],[0.893363,42.172791],[0.893927,42.173302],[0.895767,42.174282],[0.896534,42.174812],[0.896899,42.175312],[0.897135,42.175789],[0.897236,42.176205],[0.897236,42.176769],[0.896888,42.178982],[0.896915,42.179474],[0.897049,42.179928],[0.897344,42.180439],[0.898181,42.181419],[0.899999,42.183048],[0.900536,42.183647],[0.90141,42.18483],[0.901523,42.185684],[0.901437,42.186577],[0.901244,42.187309],[0.901185,42.18816],[0.901431,42.188873],[0.901845,42.189198],[0.902483,42.189545],[0.903363,42.189816],[0.904055,42.189892],[0.904854,42.189869],[0.905712,42.189709],[0.906227,42.189495],[0.906973,42.189053],[0.907606,42.188366],[0.908915,42.185905],[0.90928,42.185516],[0.909902,42.185047],[0.910621,42.184734],[0.911179,42.184593],[0.911753,42.184513],[0.914944,42.184376],[0.915915,42.184425],[0.916763,42.184597],[0.9176,42.185085],[0.918222,42.185688],[0.918893,42.186359],[0.919751,42.187214],[0.921183,42.188599],[0.924595,42.191597],[0.926939,42.194267],[0.929385,42.196678],[0.930136,42.19796],[0.930705,42.199238],[0.931043,42.200176],[0.931349,42.201275],[0.931553,42.202259],[0.932325,42.203228],[0.933301,42.20425],[0.934578,42.205017],[0.937003,42.206013],[0.939326,42.2066],[0.944164,42.207832],[0.945189,42.208099],[0.94756,42.209309],[0.953563,42.212421],[0.958385,42.214886],[0.959651,42.215652],[0.960472,42.216278],[0.961057,42.216839],[0.961792,42.21759],[0.962768,42.218994],[0.963734,42.221588],[0.963981,42.222309],[0.964115,42.223007],[0.964109,42.223915],[0.963728,42.227249],[0.963712,42.227814],[0.963771,42.228371],[0.963889,42.228802],[0.965209,42.232418],[0.965397,42.233044],[0.965515,42.233681],[0.965558,42.234894],[0.965617,42.236752],[0.965815,42.238201],[0.965842,42.239017],[0.965971,42.239822]]},"properties":{"routeId":"RL2","name":"RL2","color":"#FF8000"}},{"type":"Feature","geometry":{"type":"LineString","coordinates":[[0.965971,42.239822],[0.965842,42.239017],[0.965815,42.238201],[0.965617,42.236752],[0.965558,42.234894],[0.965515,42.233681],[0.965397,42.233044],[0.965209,42.232418],[0.963889,42.228802],[0.963771,42.228371],[0.963712,42.227814],[0.963728,42.227249],[0.964109,42.223915],[0.964115,42.223007],[0.963981,42.222309],[0.963734,42.221588],[0.962768,42.218994],[0.961792,42.21759],[0.961057,42.216839],[0.960472,42.216278],[0.959651,42.215652],[0.958385,42.214886],[0.953563,42.212421],[0.94756,42.209309],[0.945189,42.208099],[0.944164,42.207832],[0.939326,42.2066],[0.937003,42.206013],[0.934578,42.205017],[0.933301,42.20425],[0.932325,42.203228],[0.931553,42.202259],[0.931349,42.201275],[0.931043,42.200176],[0.930705,42.199238],[0.930136,42.19796],[0.929385,42.196678],[0.926939,42.194267],[0.924595,42.191597],[0.921183,42.188599],[0.919751,42.187214],[0.918893,42.186359],[0.918222,42.185688],[0.9176,42.185085],[0.916763,42.184597],[0.915915,42.184425],[0.914944,42.184376],[0.911753,42.184513],[0.911179,42.184593],[0.910621,42.184734],[0.909902,42.185047],[0.90928,42.185516],[0.908915,42.185905],[0.907606,42.188366],[0.906973,42.189053],[0.906227,42.189495],[0.905712,42.189709],[0.904854,42.189869],[0.904055,42.189892],[0.903363,42.189816],[0.902483,42.189545],[0.901845,42.189198],[0.901431,42.188873],[0.901185,42.18816],[0.901244,42.187309],[0.901437,42.186577],[0.901523,42.185684],[0.90141,42.18483],[0.900536,42.183647],[0.899999,42.183048],[0.898181,42.181419],[0.897344,42.180439],[0.897049,42.179928],[0.896915,42.179474],[0.896888,42.178982],[0.897236,42.176769],[0.897236,42.176205],[0.897135,42.175789],[0.896899,42.175312],[0.896534,42.174812],[0.895767,42.174282],[0.893927,42.173302],[0.893363,42.172791],[0.892972,42.172192],[0.892827,42.171497],[0.892881,42.1707],[0.892961,42.170109],[0.892864,42.169495],[0.892618,42.16901],[0.892269,42.168545],[0.891604,42.167915],[0.890912,42.167381],[0.890037,42.166744],[0.888509,42.165646],[0.88787,42.165157],[0.887527,42.16481],[0.886685,42.163647],[0.886041,42.162624],[0.885869,42.16206],[0.885853,42.161476],[0.886245,42.160275],[0.886465,42.159672],[0.886728,42.159245],[0.887237,42.15876],[0.88794,42.158375],[0.888975,42.158043],[0.890488,42.157906],[0.892054,42.157875],[0.89413,42.157696],[0.894935,42.157589],[0.895718,42.157387],[0.896373,42.157055],[0.897,42.156582],[0.89743,42.155968],[0.897633,42.155346],[0.897671,42.154835],[0.897569,42.154381],[0.897403,42.153954],[0.897065,42.153381],[0.895552,42.150738],[0.895016,42.150009],[0.894436,42.149414],[0.893052,42.147881],[0.892897,42.147655],[0.892698,42.147343],[0.890654,42.143772],[0.89052,42.143364],[0.890461,42.142914],[0.890526,42.142464],[0.890703,42.141953],[0.891132,42.141354],[0.892902,42.139969],[0.89324,42.139656],[0.893524,42.139259],[0.893776,42.138756],[0.893852,42.138206],[0.893916,42.135719],[0.893406,42.132519],[0.89339,42.131439],[0.893696,42.128105],[0.893798,42.126846],[0.893921,42.125416],[0.893766,42.124645],[0.892779,42.122704],[0.892537,42.122196],[0.892296,42.12101],[0.892113,42.120163],[0.892183,42.11657],[0.892215,42.115986],[0.892044,42.115425],[0.8917,42.114922],[0.889995,42.112823],[0.889716,42.112392],[0.889528,42.111938],[0.889437,42.111362],[0.88956,42.110752],[0.88986,42.109715],[0.889887,42.109161],[0.889356,42.1077],[0.888578,42.10561],[0.888423,42.104347],[0.887908,42.102837],[0.887849,42.102184],[0.888181,42.100349],[0.888197,42.09967],[0.888058,42.099125],[0.88742,42.097939],[0.887108,42.09721],[0.887103,42.0966],[0.887586,42.094822],[0.887559,42.094406],[0.887441,42.094009],[0.887248,42.093601],[0.886331,42.092434],[0.885966,42.091904],[0.885783,42.091347],[0.8858,42.090683],[0.886014,42.089874],[0.886293,42.088989],[0.886679,42.088364],[0.887586,42.087208],[0.888149,42.086403],[0.888315,42.08585],[0.888455,42.084454],[0.888407,42.084],[0.887902,42.082855],[0.887736,42.082199],[0.887387,42.08065],[0.886851,42.079803],[0.886357,42.078999],[0.885944,42.078094],[0.885585,42.077572],[0.884823,42.076923],[0.882753,42.075302],[0.882377,42.074841],[0.882103,42.074303],[0.882007,42.073807],[0.882055,42.071945],[0.882205,42.071369],[0.882699,42.070087],[0.882736,42.06953],[0.882565,42.068485],[0.88205,42.067112],[0.880875,42.064304],[0.880617,42.063648],[0.880553,42.063061],[0.880671,42.062504],[0.881084,42.061665],[0.88227,42.059475],[0.883139,42.057823],[0.883525,42.057381],[0.884496,42.056683],[0.885757,42.055878],[0.886411,42.055271],[0.887291,42.054321],[0.887833,42.053856],[0.889142,42.052975],[0.889893,42.052528],[0.890831,42.05191],[0.891389,42.051292],[0.891861,42.050434],[0.89221,42.04884],[0.892269,42.048393],[0.892183,42.04792],[0.891738,42.047115],[0.89133,42.046421],[0.891196,42.045856],[0.890885,42.044735],[0.890794,42.043846],[0.890273,42.042778],[0.890005,42.042397],[0.889796,42.042175],[0.889066,42.041576],[0.888112,42.041103],[0.886588,42.040707],[0.885344,42.040302],[0.884764,42.04007],[0.884228,42.039753],[0.883729,42.039402],[0.883611,42.039207],[0.883117,42.038631],[0.882817,42.038197],[0.881803,42.035275],[0.881717,42.034954],[0.881712,42.033848],[0.881717,42.033096],[0.881599,42.032391],[0.881336,42.031635],[0.881277,42.03067],[0.881304,42.029362],[0.881149,42.028828],[0.880655,42.02832],[0.880081,42.028061],[0.879035,42.027512],[0.87844,42.027248],[0.877914,42.026917],[0.877485,42.026527],[0.877179,42.026081],[0.877056,42.025829],[0.876819,42.025246],[0.876744,42.024715],[0.876766,42.024204],[0.8769,42.023712],[0.87734,42.023201],[0.877651,42.022606],[0.877769,42.021732],[0.877908,42.020779],[0.877946,42.020184],[0.877833,42.019455],[0.877656,42.018711],[0.877297,42.018055],[0.87646,42.01701],[0.87594,42.016434],[0.874835,42.015652],[0.874379,42.015152],[0.87411,42.014664],[0.873971,42.014126],[0.874148,42.012371],[0.874175,42.011292],[0.874164,42.010838],[0.874094,42.010387],[0.873891,42.009956],[0.87351,42.00943],[0.872914,42.008961],[0.872292,42.008636],[0.870629,42.008072],[0.869717,42.007774],[0.868295,42.00753],[0.866911,42.007309],[0.866343,42.007263],[0.865753,42.007191],[0.865313,42.007145],[0.864626,42.007206],[0.862775,42.007465],[0.86167,42.007603],[0.860608,42.007656],[0.858865,42.007744],[0.858189,42.007755],[0.857427,42.007694],[0.856467,42.007599],[0.855743,42.007484],[0.854718,42.007278],[0.852814,42.006905],[0.852508,42.006866],[0.852218,42.00684],[0.850303,42.006859],[0.849949,42.006821],[0.849584,42.00676],[0.848989,42.006584],[0.848061,42.006172],[0.846001,42.004585],[0.845057,42.003895],[0.844467,42.00341],[0.844172,42.003048],[0.843882,42.002533],[0.843667,42.002045],[0.843415,42.001747],[0.843228,42.0014],[0.842943,42.001114],[0.842326,42.000935],[0.840722,42.000225],[0.8401,41.999969],[0.839564,41.999611],[0.839124,41.999256],[0.838775,41.998802],[0.838813,41.998161],[0.838818,41.997631],[0.83892,41.997189],[0.839097,41.996857],[0.83937,41.996487],[0.839987,41.995968],[0.84069,41.995419],[0.841071,41.995064],[0.841345,41.994617],[0.841538,41.994194],[0.841634,41.993656],[0.841538,41.992882],[0.841307,41.991688],[0.841157,41.991295],[0.840175,41.989784],[0.839869,41.989403],[0.839478,41.989052],[0.839263,41.988819],[0.839022,41.988472],[0.838711,41.987926],[0.837579,41.9865],[0.8373,41.985973],[0.837032,41.985394],[0.836109,41.983997],[0.835862,41.983524],[0.835733,41.983097],[0.835658,41.982586],[0.835782,41.982048],[0.83613,41.981419],[0.836699,41.980778],[0.837005,41.980515],[0.837434,41.980228],[0.837804,41.979694],[0.838099,41.978859],[0.838083,41.97821],[0.837831,41.977551],[0.837311,41.976826],[0.836592,41.976101],[0.836173,41.975628],[0.835707,41.974911],[0.83546,41.974083],[0.835041,41.972496],[0.834698,41.971165],[0.834746,41.97065],[0.83488,41.970108],[0.835326,41.96946],[0.836023,41.969189],[0.836667,41.968842],[0.837182,41.968349],[0.837471,41.967983],[0.837842,41.967628],[0.838131,41.96722],[0.838341,41.966648],[0.838421,41.966267],[0.838657,41.965759],[0.839129,41.965374],[0.83981,41.965034],[0.840427,41.964722],[0.840878,41.964333],[0.841173,41.963818],[0.841447,41.963295],[0.841747,41.962734],[0.842053,41.962269],[0.842434,41.961086],[0.842509,41.9608],[0.842525,41.96011],[0.842283,41.959263],[0.842273,41.958046],[0.842525,41.95718],[0.842836,41.955551],[0.842863,41.954247],[0.842809,41.953167],[0.842745,41.951694],[0.843008,41.950623],[0.844209,41.949097],[0.845674,41.947647],[0.846081,41.946983],[0.846232,41.946499],[0.84635,41.94582],[0.846264,41.945148],[0.845792,41.943565],[0.845786,41.943352],[0.845786,41.942871],[0.845942,41.942348],[0.846199,41.941849],[0.847331,41.940792],[0.84841,41.93985],[0.848683,41.939659],[0.849627,41.93935],[0.850936,41.939201],[0.852685,41.938866],[0.853538,41.938526],[0.854096,41.937832],[0.854364,41.937244],[0.854584,41.936565],[0.85453,41.935955],[0.854267,41.934963],[0.853871,41.933651],[0.853152,41.932499],[0.851682,41.930859],[0.851129,41.92989],[0.851001,41.929504],[0.850963,41.928101],[0.851006,41.927505],[0.851119,41.926891],[0.851215,41.926231],[0.851161,41.925785],[0.850952,41.925301],[0.850566,41.924725],[0.849906,41.924225],[0.849075,41.923824],[0.847428,41.923027],[0.844553,41.922794],[0.84289,41.92234],[0.840261,41.921494],[0.838459,41.920288],[0.837128,41.919353],[0.83613,41.918613],[0.835787,41.917847],[0.835701,41.917408],[0.835637,41.916512],[0.835497,41.915993],[0.835111,41.91518],[0.834639,41.914684],[0.83391,41.914223],[0.833234,41.914005],[0.832483,41.913918],[0.831957,41.913662],[0.831614,41.913376],[0.831066,41.91296],[0.830616,41.912506],[0.830294,41.911827],[0.830272,41.911251],[0.830294,41.910782],[0.832043,41.904514],[0.835905,41.897739],[0.840969,41.889435],[0.842299,41.886658],[0.843544,41.883301],[0.843973,41.881927],[0.844268,41.881294],[0.844579,41.880615],[0.84488,41.879978],[0.844998,41.879581],[0.845051,41.8792],[0.845025,41.878788],[0.844815,41.878204],[0.844563,41.877838],[0.844118,41.877361],[0.843571,41.877003],[0.842069,41.876385],[0.841345,41.876099],[0.840932,41.875854],[0.840529,41.87558],[0.840309,41.875343],[0.840073,41.875034],[0.839714,41.874561],[0.83959,41.874199],[0.839596,41.873848],[0.839671,41.873627],[0.839703,41.873322],[0.839826,41.872589],[0.839939,41.872078],[0.840057,41.871479],[0.840036,41.871086],[0.839944,41.870663],[0.839424,41.869904],[0.839151,41.86964],[0.838619,41.869228],[0.837686,41.868702],[0.836817,41.868294],[0.835642,41.867756],[0.834467,41.867222],[0.831592,41.865883],[0.829881,41.865086],[0.829873,41.865078],[0.82957,41.864887],[0.829253,41.864658],[0.828041,41.863605],[0.826965,41.862671],[0.826351,41.862137],[0.825863,41.861641],[0.825479,41.861229],[0.824557,41.860039],[0.823234,41.858334],[0.822802,41.85783],[0.82236,41.857414],[0.821585,41.856678],[0.820101,41.85527],[0.81957,41.854801],[0.819085,41.854454],[0.818302,41.853874],[0.817374,41.853188],[0.816467,41.852509],[0.815485,41.851631],[0.814799,41.850998],[0.813742,41.85006],[0.81231,41.848763],[0.811395,41.847931],[0.81128,41.847813],[0.811162,41.847668],[0.811046,41.847515],[0.810939,41.847324],[0.810226,41.845844],[0.809764,41.844875],[0.809408,41.844112],[0.808866,41.842968],[0.808619,41.842438],[0.808541,41.842129],[0.80849,41.841797],[0.80852,41.84145],[0.808616,41.841103],[0.809357,41.839497],[0.810116,41.837879],[0.8108,41.836422],[0.811446,41.835056],[0.812696,41.832432],[0.814211,41.829224],[0.814319,41.828945],[0.814404,41.828644],[0.814453,41.828396],[0.814477,41.828018],[0.814447,41.827618],[0.814345,41.827187],[0.813455,41.825558],[0.81265,41.824226],[0.811752,41.822739],[0.811041,41.821568],[0.8104,41.820496],[0.809727,41.81937],[0.808203,41.816822],[0.807272,41.81525],[0.805792,41.812771],[0.80561,41.812447],[0.805459,41.812111],[0.805347,41.811695],[0.805293,41.811352],[0.805229,41.810837],[0.805247,41.810436],[0.80532,41.810013],[0.805505,41.809521],[0.805789,41.809021],[0.806267,41.808483],[0.806814,41.808041],[0.807455,41.807682],[0.809544,41.806728],[0.81,41.806507],[0.810328,41.806297],[0.810679,41.806],[0.811009,41.805653],[0.811191,41.805382],[0.811382,41.805004],[0.811516,41.804585],[0.811846,41.803032],[0.812125,41.801731],[0.812323,41.800827],[0.812589,41.799622],[0.813219,41.796688],[0.813562,41.79512],[0.813989,41.793175],[0.814332,41.791561],[0.81467,41.790028],[0.814944,41.788727],[0.815145,41.787762],[0.815284,41.786995],[0.815429,41.786346],[0.815705,41.785038],[0.815923,41.783966],[0.816236,41.782497],[0.816582,41.780758],[0.816628,41.780346],[0.816623,41.779686],[0.81651,41.778851],[0.816263,41.778057],[0.815866,41.77718],[0.815413,41.776535],[0.814595,41.775436],[0.813798,41.774338],[0.813281,41.773464],[0.812927,41.772579],[0.812709,41.771873],[0.812532,41.770809],[0.81231,41.769547],[0.812052,41.768539],[0.81183,41.767941],[0.811553,41.767361],[0.810864,41.766026],[0.808077,41.760647],[0.80521,41.755074],[0.803284,41.751343],[0.801712,41.748314],[0.801251,41.7477],[0.800669,41.747005],[0.79995,41.746307],[0.799105,41.74564],[0.798199,41.745029],[0.796916,41.744385],[0.795345,41.743645],[0.793706,41.742836],[0.791724,41.741905],[0.788875,41.740547],[0.786357,41.739326],[0.785512,41.738907],[0.784876,41.738525],[0.784079,41.737976],[0.783398,41.737415],[0.78173,41.735653],[0.780188,41.733913],[0.778804,41.732307],[0.776937,41.730141],[0.77636,41.729485],[0.77526,41.728207],[0.773812,41.72662],[0.772731,41.725437],[0.771704,41.724346],[0.770636,41.72319],[0.769633,41.722061],[0.768257,41.720573],[0.767562,41.719906],[0.766886,41.719376],[0.765942,41.718655],[0.764655,41.71769],[0.763443,41.716774],[0.762383,41.715969],[0.760792,41.714783],[0.759934,41.714127],[0.759695,41.713909],[0.759486,41.713661],[0.759333,41.713444],[0.759186,41.713165],[0.759068,41.712814],[0.759025,41.71254],[0.759012,41.712132],[0.759062,41.711113],[0.759119,41.70977],[0.759148,41.708755],[0.759108,41.708511],[0.759049,41.708267],[0.758971,41.708054],[0.758859,41.707832],[0.75873,41.707603],[0.758558,41.707397],[0.758319,41.707165],[0.758065,41.706959],[0.757872,41.706818],[0.756174,41.705925],[0.754479,41.705055],[0.752456,41.704021],[0.750388,41.702969],[0.749565,41.702477],[0.749299,41.702267],[0.748953,41.701946],[0.748669,41.701591],[0.748449,41.701267],[0.748307,41.700954],[0.748157,41.700504],[0.748044,41.700062],[0.747757,41.698917],[0.748124,41.699226],[0.747626,41.698467],[0.747553,41.698154],[0.747432,41.697884],[0.747266,41.697544],[0.747097,41.6973],[0.746931,41.697083],[0.746655,41.696796],[0.746327,41.696526],[0.745745,41.696156],[0.744385,41.695469],[0.742427,41.694481],[0.740617,41.693577],[0.738214,41.692368],[0.735977,41.691246],[0.732745,41.689606],[0.729032,41.687759],[0.727619,41.687176],[0.725999,41.686539],[0.725572,41.686329],[0.725194,41.686089],[0.72488,41.685848],[0.724459,41.685463],[0.72417,41.68507],[0.723939,41.684647],[0.723824,41.684326],[0.72348,41.683498],[0.723129,41.68261],[0.722979,41.682304],[0.722794,41.682011],[0.722491,41.681633],[0.722279,41.681427],[0.721874,41.681091],[0.721474,41.68082],[0.721098,41.680618],[0.720685,41.680443],[0.720213,41.68029],[0.718457,41.679863],[0.718204,41.679771],[0.717526,41.679497],[0.717115,41.679256],[0.716764,41.679005],[0.716415,41.678711],[0.715616,41.677879],[0.713948,41.676147],[0.712722,41.674873],[0.71111,41.673203],[0.71074,41.672894],[0.708307,41.671127],[0.705145,41.668842],[0.701344,41.666084],[0.700113,41.665215],[0.698721,41.664188],[0.697871,41.663586],[0.696782,41.6628],[0.695135,41.661613],[0.694225,41.660931],[0.693383,41.660278],[0.692021,41.659222],[0.690677,41.658173],[0.689658,41.65736],[0.688075,41.656139],[0.685068,41.653797],[0.682255,41.651611],[0.679371,41.649353],[0.677129,41.647614],[0.676314,41.646976],[0.672829,41.644257],[0.671856,41.643482],[0.671378,41.64307],[0.670673,41.642349],[0.669836,41.641384],[0.667808,41.639095],[0.666124,41.637192],[0.664877,41.635799],[0.663281,41.633987],[0.66099,41.631397],[0.65624,41.625996],[0.655779,41.62542],[0.654384,41.624096],[0.650854,41.621162],[0.649352,41.619884],[0.64601,41.617081],[0.644948,41.61615],[0.644336,41.61581],[0.643714,41.615612],[0.642856,41.615479],[0.641987,41.615471],[0.64123,41.615616],[0.639632,41.616104],[0.638532,41.616703],[0.637448,41.617554],[0.635598,41.618919],[0.635126,41.619125],[0.634705,41.619347],[0.634055,41.619839]]},"properties":{"routeId":"RL2","name":"RL2","color":"#FF8000"}},{"type":"Feature","geometry":{"type":"LineString","coordinates":[[0.965971,42.239822],[0.965842,42.239017],[0.965815,42.238201],[0.965617,42.236752],[0.965558,42.234894],[0.965515,42.233681],[0.965397,42.233044],[0.965209,42.232418],[0.963889,42.228802],[0.963771,42.228371],[0.963712,42.227814],[0.963728,42.227249],[0.964109,42.223915],[0.964115,42.223007],[0.963981,42.222309],[0.963734,42.221588],[0.962768,42.218994],[0.961792,42.21759],[0.961057,42.216839],[0.960472,42.216278],[0.959651,42.215652],[0.958385,42.214886],[0.953563,42.212421],[0.94756,42.209309],[0.945189,42.208099],[0.944164,42.207832],[0.939326,42.2066],[0.937003,42.206013],[0.934578,42.205017],[0.933301,42.20425],[0.932325,42.203228],[0.931553,42.202259],[0.931349,42.201275],[0.931043,42.200176],[0.930705,42.199238],[0.930136,42.19796],[0.929385,42.196678],[0.926939,42.194267],[0.924595,42.191597],[0.921183,42.188599],[0.919751,42.187214],[0.918893,42.186359],[0.918222,42.185688],[0.9176,42.185085],[0.916763,42.184597],[0.915915,42.184425],[0.914944,42.184376],[0.911753,42.184513],[0.911179,42.184593],[0.910621,42.184734],[0.909902,42.185047],[0.90928,42.185516],[0.908915,42.185905],[0.907606,42.188366],[0.906973,42.189053],[0.906227,42.189495],[0.905712,42.189709],[0.904854,42.189869],[0.904055,42.189892],[0.903363,42.189816],[0.902483,42.189545],[0.901845,42.189198],[0.901431,42.188873],[0.901185,42.18816],[0.901244,42.187309],[0.901437,42.186577],[0.901523,42.185684],[0.90141,42.18483],[0.900536,42.183647],[0.899999,42.183048],[0.898181,42.181419],[0.897344,42.180439],[0.897049,42.179928],[0.896915,42.179474],[0.896888,42.178982],[0.897236,42.176769],[0.897236,42.176205],[0.897135,42.175789],[0.896899,42.175312],[0.896534,42.174812],[0.895767,42.174282],[0.893927,42.173302],[0.893363,42.172791],[0.892972,42.172192],[0.892827,42.171497],[0.892881,42.1707],[0.892961,42.170109],[0.892864,42.169495],[0.892618,42.16901],[0.892269,42.168545],[0.891604,42.167915],[0.890912,42.167381],[0.890037,42.166744],[0.888509,42.165646],[0.88787,42.165157],[0.887527,42.16481],[0.886685,42.163647],[0.886041,42.162624],[0.885869,42.16206],[0.885853,42.161476],[0.886245,42.160275],[0.886465,42.159672],[0.886728,42.159245],[0.887237,42.15876],[0.88794,42.158375],[0.888975,42.158043],[0.890488,42.157906],[0.892054,42.157875],[0.89413,42.157696],[0.894935,42.157589],[0.895718,42.157387],[0.896373,42.157055],[0.897,42.156582],[0.89743,42.155968],[0.897633,42.155346],[0.897671,42.154835],[0.897569,42.154381],[0.897403,42.153954],[0.897065,42.153381],[0.895552,42.150738],[0.895016,42.150009],[0.894436,42.149414],[0.893052,42.147881],[0.892897,42.147655],[0.892698,42.147343],[0.890654,42.143772],[0.89052,42.143364],[0.890461,42.142914],[0.890526,42.142464],[0.890703,42.141953],[0.891132,42.141354],[0.892902,42.139969],[0.89324,42.139656],[0.893524,42.139259],[0.893776,42.138756],[0.893852,42.138206],[0.893916,42.135719],[0.893406,42.132519],[0.89339,42.131439],[0.893696,42.128105],[0.893798,42.126846],[0.893921,42.125416],[0.893766,42.124645],[0.892779,42.122704],[0.892537,42.122196],[0.892296,42.12101],[0.892113,42.120163],[0.892183,42.11657],[0.892215,42.115986],[0.892044,42.115425],[0.8917,42.114922],[0.889995,42.112823],[0.889716,42.112392],[0.889528,42.111938],[0.889437,42.111362],[0.88956,42.110752],[0.88986,42.109715],[0.889887,42.109161],[0.889356,42.1077],[0.888578,42.10561],[0.888423,42.104347],[0.887908,42.102837],[0.887849,42.102184],[0.888181,42.100349],[0.888197,42.09967],[0.888058,42.099125],[0.88742,42.097939],[0.887108,42.09721],[0.887103,42.0966],[0.887586,42.094822],[0.887559,42.094406],[0.887441,42.094009],[0.887248,42.093601],[0.886331,42.092434],[0.885966,42.091904],[0.885783,42.091347],[0.8858,42.090683],[0.886014,42.089874],[0.886293,42.088989],[0.886679,42.088364],[0.887586,42.087208],[0.888149,42.086403],[0.888315,42.08585],[0.888455,42.084454],[0.888407,42.084],[0.887902,42.082855],[0.887736,42.082199],[0.887387,42.08065],[0.886851,42.079803],[0.886357,42.078999],[0.885944,42.078094],[0.885585,42.077572],[0.884823,42.076923],[0.882753,42.075302],[0.882377,42.074841],[0.882103,42.074303],[0.882007,42.073807],[0.882055,42.071945],[0.882205,42.071369],[0.882699,42.070087],[0.882736,42.06953],[0.882565,42.068485],[0.88205,42.067112],[0.880875,42.064304],[0.880617,42.063648],[0.880553,42.063061],[0.880671,42.062504],[0.881084,42.061665],[0.88227,42.059475],[0.883139,42.057823],[0.883525,42.057381],[0.884496,42.056683],[0.885757,42.055878],[0.886411,42.055271],[0.887291,42.054321],[0.887833,42.053856],[0.889142,42.052975],[0.889893,42.052528],[0.890831,42.05191],[0.891389,42.051292],[0.891861,42.050434],[0.89221,42.04884],[0.892269,42.048393],[0.892183,42.04792],[0.891738,42.047115],[0.89133,42.046421],[0.891196,42.045856],[0.890885,42.044735],[0.890794,42.043846],[0.890273,42.042778],[0.890005,42.042397],[0.889796,42.042175],[0.889066,42.041576],[0.888112,42.041103],[0.886588,42.040707],[0.885344,42.040302],[0.884764,42.04007],[0.884228,42.039753],[0.883729,42.039402],[0.883611,42.039207],[0.883117,42.038631],[0.882817,42.038197],[0.881803,42.035275],[0.881717,42.034954],[0.881712,42.033848],[0.881717,42.033096],[0.881599,42.032391],[0.881336,42.031635],[0.881277,42.03067],[0.881304,42.029362],[0.881149,42.028828],[0.880655,42.02832],[0.880081,42.028061],[0.879035,42.027512],[0.87844,42.027248],[0.877914,42.026917],[0.877485,42.026527],[0.877179,42.026081],[0.877056,42.025829],[0.876819,42.025246],[0.876744,42.024715],[0.876766,42.024204],[0.8769,42.023712],[0.87734,42.023201],[0.877651,42.022606],[0.877769,42.021732],[0.877908,42.020779],[0.877946,42.020184],[0.877833,42.019455],[0.877656,42.018711],[0.877297,42.018055],[0.87646,42.01701],[0.87594,42.016434],[0.874835,42.015652],[0.874379,42.015152],[0.87411,42.014664],[0.873971,42.014126],[0.874148,42.012371],[0.874175,42.011292],[0.874164,42.010838],[0.874094,42.010387],[0.873891,42.009956],[0.87351,42.00943],[0.872914,42.008961],[0.872292,42.008636],[0.870629,42.008072],[0.869717,42.007774],[0.868295,42.00753],[0.866911,42.007309],[0.866343,42.007263],[0.865753,42.007191],[0.865313,42.007145],[0.864626,42.007206],[0.862775,42.007465],[0.86167,42.007603],[0.860608,42.007656],[0.858865,42.007744],[0.858189,42.007755],[0.857427,42.007694],[0.856467,42.007599],[0.855743,42.007484],[0.854718,42.007278],[0.852814,42.006905],[0.852508,42.006866],[0.852218,42.00684],[0.850303,42.006859],[0.849949,42.006821],[0.849584,42.00676],[0.848989,42.006584],[0.848061,42.006172],[0.846001,42.004585],[0.845057,42.003895],[0.844467,42.00341],[0.844172,42.003048],[0.843882,42.002533],[0.843667,42.002045],[0.843415,42.001747],[0.843228,42.0014],[0.842943,42.001114],[0.842326,42.000935],[0.840722,42.000225],[0.8401,41.999969],[0.839564,41.999611],[0.839124,41.999256],[0.838775,41.998802],[0.838813,41.998161],[0.838818,41.997631],[0.83892,41.997189],[0.839097,41.996857],[0.83937,41.996487],[0.839987,41.995968],[0.84069,41.995419],[0.841071,41.995064],[0.841345,41.994617],[0.841538,41.994194],[0.841634,41.993656],[0.841538,41.992882],[0.841307,41.991688],[0.841157,41.991295],[0.840175,41.989784],[0.839869,41.989403],[0.839478,41.989052],[0.839263,41.988819],[0.839022,41.988472],[0.838711,41.987926],[0.837579,41.9865],[0.8373,41.985973],[0.837032,41.985394],[0.836109,41.983997],[0.835862,41.983524],[0.835733,41.983097],[0.835658,41.982586],[0.835782,41.982048],[0.83613,41.981419],[0.836699,41.980778],[0.837005,41.980515],[0.837434,41.980228],[0.837804,41.979694],[0.838099,41.978859],[0.838083,41.97821],[0.837831,41.977551],[0.837311,41.976826],[0.836592,41.976101],[0.836173,41.975628],[0.835707,41.974911],[0.83546,41.974083],[0.835041,41.972496],[0.834698,41.971165],[0.834746,41.97065],[0.83488,41.970108],[0.835326,41.96946],[0.836023,41.969189],[0.836667,41.968842],[0.837182,41.968349],[0.837471,41.967983],[0.837842,41.967628],[0.838131,41.96722],[0.838341,41.966648],[0.838421,41.966267],[0.838657,41.965759],[0.839129,41.965374],[0.83981,41.965034],[0.840427,41.964722],[0.840878,41.964333],[0.841173,41.963818],[0.841447,41.963295],[0.841747,41.962734],[0.842053,41.962269],[0.842434,41.961086],[0.842509,41.9608],[0.842525,41.96011],[0.842283,41.959263],[0.842273,41.958046],[0.842525,41.95718],[0.842836,41.955551],[0.842863,41.954247],[0.842809,41.953167],[0.842745,41.951694],[0.843008,41.950623],[0.844209,41.949097],[0.845674,41.947647],[0.846081,41.946983],[0.846232,41.946499],[0.84635,41.94582],[0.846264,41.945148],[0.845792,41.943565],[0.845786,41.943352],[0.845786,41.942871],[0.845942,41.942348],[0.846199,41.941849],[0.847331,41.940792],[0.84841,41.93985],[0.848683,41.939659],[0.849627,41.93935],[0.850936,41.939201],[0.852685,41.938866],[0.853538,41.938526],[0.854096,41.937832],[0.854364,41.937244],[0.854584,41.936565],[0.85453,41.935955],[0.854267,41.934963],[0.853871,41.933651],[0.853152,41.932499],[0.851682,41.930859],[0.851129,41.92989],[0.851001,41.929504],[0.850963,41.928101],[0.851006,41.927505],[0.851119,41.926891],[0.851215,41.926231],[0.851161,41.925785],[0.850952,41.925301],[0.850566,41.924725],[0.849906,41.924225],[0.849075,41.923824],[0.847428,41.923027],[0.844553,41.922794],[0.84289,41.92234],[0.840261,41.921494],[0.838459,41.920288],[0.837128,41.919353],[0.83613,41.918613],[0.835787,41.917847],[0.835701,41.917408],[0.835637,41.916512],[0.835497,41.915993],[0.835111,41.91518],[0.834639,41.914684],[0.83391,41.914223],[0.833234,41.914005],[0.832483,41.913918],[0.831957,41.913662],[0.831614,41.913376],[0.831066,41.91296],[0.830616,41.912506],[0.830294,41.911827],[0.830272,41.911251],[0.830294,41.910782],[0.832043,41.904514],[0.835905,41.897739],[0.840969,41.889435],[0.842299,41.886658],[0.843544,41.883301],[0.843973,41.881927],[0.844268,41.881294],[0.844579,41.880615],[0.84488,41.879978],[0.844998,41.879581],[0.845051,41.8792],[0.845025,41.878788],[0.844815,41.878204],[0.844563,41.877838],[0.844118,41.877361],[0.843571,41.877003],[0.842069,41.876385],[0.841345,41.876099],[0.840932,41.875854],[0.840529,41.87558],[0.840309,41.875343],[0.840073,41.875034],[0.839714,41.874561],[0.83959,41.874199],[0.839596,41.873848],[0.839671,41.873627],[0.839703,41.873322],[0.839826,41.872589],[0.839939,41.872078],[0.840057,41.871479],[0.840036,41.871086],[0.839944,41.870663],[0.839424,41.869904],[0.839151,41.86964],[0.838619,41.869228],[0.837686,41.868702],[0.836817,41.868294],[0.835642,41.867756],[0.834467,41.867222],[0.831592,41.865883],[0.829881,41.865086],[0.829873,41.865078],[0.82957,41.864887],[0.829253,41.864658],[0.828041,41.863605],[0.826965,41.862671],[0.826351,41.862137],[0.825863,41.861641],[0.825479,41.861229],[0.824557,41.860039],[0.823234,41.858334],[0.822802,41.85783],[0.82236,41.857414],[0.821585,41.856678],[0.820101,41.85527],[0.81957,41.854801],[0.819085,41.854454],[0.818302,41.853874],[0.817374,41.853188],[0.816467,41.852509],[0.815485,41.851631],[0.814799,41.850998],[0.813742,41.85006],[0.81231,41.848763],[0.811395,41.847931],[0.81128,41.847813],[0.811162,41.847668],[0.811046,41.847515],[0.810939,41.847324],[0.810226,41.845844],[0.809764,41.844875],[0.809408,41.844112],[0.808866,41.842968],[0.808619,41.842438],[0.808541,41.842129],[0.80849,41.841797],[0.80852,41.84145],[0.808616,41.841103],[0.809357,41.839497],[0.810116,41.837879],[0.8108,41.836422],[0.811446,41.835056],[0.812696,41.832432],[0.814211,41.829224],[0.814319,41.828945],[0.814404,41.828644],[0.814453,41.828396],[0.814477,41.828018],[0.814447,41.827618],[0.814345,41.827187],[0.813455,41.825558],[0.81265,41.824226],[0.811752,41.822739],[0.811041,41.821568],[0.8104,41.820496],[0.809727,41.81937],[0.808203,41.816822],[0.807272,41.81525],[0.805792,41.812771],[0.80561,41.812447],[0.805459,41.812111],[0.805347,41.811695],[0.805293,41.811352],[0.805229,41.810837],[0.805247,41.810436],[0.80532,41.810013],[0.805505,41.809521],[0.805789,41.809021],[0.806267,41.808483],[0.806814,41.808041],[0.807455,41.807682],[0.809544,41.806728],[0.81,41.806507],[0.810328,41.806297],[0.810679,41.806],[0.811009,41.805653],[0.811191,41.805382],[0.811382,41.805004],[0.811516,41.804585],[0.811846,41.803032],[0.812125,41.801731],[0.812323,41.800827],[0.812589,41.799622],[0.813219,41.796688],[0.813562,41.79512],[0.813989,41.793175],[0.814332,41.791561],[0.81467,41.790028],[0.814944,41.788727],[0.815145,41.787762],[0.815284,41.786995],[0.815429,41.786346],[0.815705,41.785038],[0.815923,41.783966],[0.816236,41.782497],[0.816582,41.780758],[0.816628,41.780346],[0.816623,41.779686],[0.81651,41.778851],[0.816263,41.778057],[0.815866,41.77718],[0.815413,41.776535],[0.814595,41.775436],[0.813798,41.774338],[0.813281,41.773464],[0.812927,41.772579],[0.812709,41.771873],[0.812532,41.770809],[0.81231,41.769547],[0.812052,41.768539],[0.81183,41.767941],[0.811553,41.767361],[0.810864,41.766026],[0.808077,41.760647],[0.80521,41.755074],[0.803284,41.751343],[0.801712,41.748314],[0.801251,41.7477],[0.800669,41.747005],[0.79995,41.746307],[0.799105,41.74564],[0.798199,41.745029],[0.796916,41.744385],[0.795345,41.743645],[0.793706,41.742836],[0.791724,41.741905],[0.788875,41.740547],[0.786357,41.739326],[0.785512,41.738907],[0.784876,41.738525],[0.784079,41.737976],[0.783398,41.737415],[0.78173,41.735653],[0.780188,41.733913],[0.778804,41.732307],[0.776937,41.730141],[0.77636,41.729485],[0.77526,41.728207],[0.773812,41.72662],[0.772731,41.725437],[0.771704,41.724346],[0.770636,41.72319],[0.769633,41.722061],[0.768257,41.720573],[0.767562,41.719906],[0.766886,41.719376],[0.765942,41.718655],[0.764655,41.71769],[0.763443,41.716774],[0.762383,41.715969],[0.760792,41.714783],[0.759934,41.714127],[0.759695,41.713909],[0.759486,41.713661],[0.759333,41.713444],[0.759186,41.713165],[0.759068,41.712814],[0.759025,41.71254],[0.759012,41.712132],[0.759062,41.711113],[0.759119,41.70977],[0.759148,41.708755],[0.759108,41.708511],[0.759049,41.708267],[0.758971,41.708054],[0.758859,41.707832],[0.75873,41.707603],[0.758558,41.707397],[0.758319,41.707165],[0.758065,41.706959],[0.757872,41.706818],[0.756174,41.705925],[0.754479,41.705055],[0.752456,41.704021],[0.750388,41.702969],[0.749565,41.702477],[0.749299,41.702267],[0.748953,41.701946],[0.748669,41.701591],[0.748449,41.701267],[0.748307,41.700954],[0.748157,41.700504],[0.748044,41.700062],[0.747757,41.698917],[0.748124,41.699226],[0.747626,41.698467],[0.747553,41.698154],[0.747432,41.697884],[0.747266,41.697544],[0.747097,41.6973],[0.746931,41.697083],[0.746655,41.696796],[0.746327,41.696526],[0.745745,41.696156],[0.744385,41.695469],[0.742427,41.694481],[0.740617,41.693577],[0.738214,41.692368],[0.735977,41.691246],[0.732745,41.689606],[0.729032,41.687759],[0.727619,41.687176],[0.725999,41.686539],[0.725572,41.686329],[0.725194,41.686089],[0.72488,41.685848],[0.724459,41.685463],[0.72417,41.68507],[0.723939,41.684647],[0.723824,41.684326],[0.72348,41.683498],[0.723129,41.68261],[0.722979,41.682304],[0.722794,41.682011],[0.722491,41.681633],[0.722279,41.681427],[0.721874,41.681091],[0.721474,41.68082],[0.721098,41.680618],[0.720685,41.680443],[0.720213,41.68029],[0.718457,41.679863],[0.718204,41.679771],[0.717526,41.679497],[0.717115,41.679256],[0.716764,41.679005],[0.716415,41.678711],[0.715616,41.677879],[0.713948,41.676147],[0.712722,41.674873],[0.71111,41.673203],[0.71074,41.672894],[0.708307,41.671127],[0.705145,41.668842],[0.701344,41.666084],[0.700113,41.665215],[0.698721,41.664188],[0.697871,41.663586],[0.696782,41.6628],[0.695135,41.661613],[0.694225,41.660931],[0.693383,41.660278],[0.692021,41.659222],[0.690677,41.658173],[0.689658,41.65736],[0.688075,41.656139],[0.685068,41.653797],[0.682255,41.651611],[0.679371,41.649353],[0.677129,41.647614],[0.676314,41.646976],[0.672829,41.644257],[0.671856,41.643482],[0.671378,41.64307],[0.670673,41.642349],[0.669836,41.641384],[0.667808,41.639095],[0.666124,41.637192],[0.664877,41.635799],[0.663281,41.633987],[0.66099,41.631397],[0.65624,41.625996],[0.655779,41.62542],[0.654384,41.624096],[0.650854,41.621162],[0.649352,41.619884],[0.64601,41.617081],[0.644948,41.61615],[0.644336,41.61581],[0.643714,41.615612],[0.642856,41.615479],[0.641987,41.615471],[0.64123,41.615616],[0.639632,41.616104],[0.638532,41.616703],[0.637448,41.617554],[0.635598,41.618919],[0.635126,41.619125],[0.634705,41.619347],[0.634055,41.619839]]},"properties":{"routeId":"RL1","name":"RL1","color":"#FF8000"}},{"type":"Feature","geometry":{"type":"LineString","coordinates":[[0.634055,41.619839],[0.634705,41.619347],[0.635126,41.619125],[0.635598,41.618919],[0.637448,41.617554],[0.638532,41.616703],[0.639632,41.616104],[0.64123,41.615616],[0.641987,41.615471],[0.642856,41.615479],[0.643714,41.615612],[0.644336,41.61581],[0.644948,41.61615],[0.64601,41.617081],[0.649352,41.619884],[0.650854,41.621162],[0.654384,41.624096],[0.655779,41.62542],[0.65624,41.625996],[0.66099,41.631397],[0.663281,41.633987],[0.664877,41.635799],[0.666124,41.637192],[0.667808,41.639095],[0.669836,41.641384],[0.670673,41.642349],[0.671378,41.64307],[0.671856,41.643482],[0.672829,41.644257],[0.676314,41.646976],[0.677129,41.647614],[0.679371,41.649353],[0.682255,41.651611],[0.685068,41.653797],[0.688075,41.656139],[0.689658,41.65736],[0.690677,41.658173],[0.692021,41.659222],[0.693383,41.660278],[0.694225,41.660931],[0.695135,41.661613],[0.696782,41.6628],[0.697871,41.663586],[0.698721,41.664188],[0.700113,41.665215],[0.701344,41.666084],[0.705145,41.668842],[0.708307,41.671127],[0.71074,41.672894],[0.71111,41.673203],[0.712722,41.674873],[0.713948,41.676147],[0.715616,41.677879],[0.716415,41.678711],[0.716764,41.679005],[0.717115,41.679256],[0.717526,41.679497],[0.718204,41.679771],[0.718457,41.679863],[0.720213,41.68029],[0.720685,41.680443],[0.721098,41.680618],[0.721474,41.68082],[0.721874,41.681091],[0.722279,41.681427],[0.722491,41.681633],[0.722794,41.682011],[0.722979,41.682304],[0.723129,41.68261],[0.72348,41.683498],[0.723824,41.684326],[0.723939,41.684647],[0.72417,41.68507],[0.724459,41.685463],[0.72488,41.685848],[0.725194,41.686089],[0.725572,41.686329],[0.725999,41.686539],[0.727619,41.687176],[0.729032,41.687759],[0.732745,41.689606],[0.735977,41.691246],[0.738214,41.692368],[0.740617,41.693577],[0.742427,41.694481],[0.744385,41.695469],[0.745745,41.696156],[0.746327,41.696526],[0.746655,41.696796],[0.746931,41.697083],[0.747097,41.6973],[0.747266,41.697544],[0.747432,41.697884],[0.747553,41.698154],[0.747626,41.698467],[0.748124,41.699226],[0.747757,41.698917],[0.748044,41.700062],[0.748157,41.700504],[0.748307,41.700954],[0.748449,41.701267],[0.748669,41.701591],[0.748953,41.701946],[0.749299,41.702267],[0.749565,41.702477],[0.750388,41.702969],[0.752456,41.704021],[0.754479,41.705055],[0.756174,41.705925],[0.757872,41.706818],[0.758065,41.706959],[0.758319,41.707165],[0.758558,41.707397],[0.75873,41.707603],[0.758859,41.707832],[0.758971,41.708054],[0.759049,41.708267],[0.759108,41.708511],[0.759148,41.708755],[0.759119,41.70977],[0.759062,41.711113],[0.759012,41.712132],[0.759025,41.71254],[0.759068,41.712814],[0.759186,41.713165],[0.759333,41.713444],[0.759486,41.713661],[0.759695,41.713909],[0.759934,41.714127],[0.760792,41.714783],[0.762383,41.715969],[0.763443,41.716774],[0.764655,41.71769],[0.765942,41.718655],[0.766886,41.719376],[0.767562,41.719906],[0.768257,41.720573],[0.769633,41.722061],[0.770636,41.72319],[0.771704,41.724346],[0.772731,41.725437],[0.773812,41.72662],[0.77526,41.728207],[0.77636,41.729485],[0.776937,41.730141],[0.778804,41.732307],[0.780188,41.733913],[0.78173,41.735653],[0.783398,41.737415],[0.784079,41.737976],[0.784876,41.738525],[0.785512,41.738907],[0.786357,41.739326],[0.788875,41.740547],[0.791724,41.741905],[0.793706,41.742836],[0.795345,41.743645],[0.796916,41.744385],[0.798199,41.745029],[0.799105,41.74564],[0.79995,41.746307],[0.800669,41.747005],[0.801251,41.7477],[0.801712,41.748314],[0.803284,41.751343],[0.80521,41.755074],[0.808077,41.760647],[0.810864,41.766026],[0.811553,41.767361],[0.81183,41.767941],[0.812052,41.768539],[0.81231,41.769547],[0.812532,41.770809],[0.812709,41.771873],[0.812927,41.772579],[0.813281,41.773464],[0.813798,41.774338],[0.814595,41.775436],[0.815413,41.776535],[0.815866,41.77718],[0.816263,41.778057],[0.81651,41.778851],[0.816623,41.779686],[0.816628,41.780346],[0.816582,41.780758],[0.816236,41.782497],[0.815923,41.783966],[0.815705,41.785038],[0.815429,41.786346],[0.815284,41.786995],[0.815145,41.787762],[0.814944,41.788727],[0.81467,41.790028],[0.814332,41.791561],[0.813989,41.793175],[0.813562,41.79512],[0.813219,41.796688],[0.812589,41.799622],[0.812323,41.800827],[0.812125,41.801731],[0.811846,41.803032],[0.811516,41.804585],[0.811382,41.805004],[0.811191,41.805382],[0.811009,41.805653],[0.810679,41.806],[0.810328,41.806297],[0.81,41.806507],[0.809544,41.806728],[0.807455,41.807682],[0.806814,41.808041],[0.806267,41.808483],[0.805789,41.809021],[0.805505,41.809521],[0.80532,41.810013],[0.805247,41.810436],[0.805229,41.810837],[0.805293,41.811352],[0.805347,41.811695],[0.805459,41.812111],[0.80561,41.812447],[0.805792,41.812771],[0.807272,41.81525],[0.808203,41.816822],[0.809727,41.81937],[0.8104,41.820496],[0.811041,41.821568],[0.811752,41.822739],[0.81265,41.824226],[0.813455,41.825558],[0.814345,41.827187],[0.814447,41.827618],[0.814477,41.828018],[0.814453,41.828396],[0.814404,41.828644],[0.814319,41.828945],[0.814211,41.829224],[0.812696,41.832432],[0.811446,41.835056],[0.8108,41.836422],[0.810116,41.837879],[0.809357,41.839497],[0.808616,41.841103],[0.80852,41.84145],[0.80849,41.841797],[0.808541,41.842129],[0.808619,41.842438],[0.808866,41.842968],[0.809408,41.844112],[0.809764,41.844875],[0.810226,41.845844],[0.810939,41.847324],[0.811046,41.847515],[0.811162,41.847668],[0.81128,41.847813],[0.811395,41.847931],[0.81231,41.848763],[0.813742,41.85006],[0.814799,41.850998],[0.815485,41.851631],[0.816467,41.852509],[0.817374,41.853188],[0.818302,41.853874],[0.819085,41.854454],[0.81957,41.854801],[0.820101,41.85527],[0.821585,41.856678],[0.82236,41.857414],[0.822802,41.85783],[0.823234,41.858334],[0.824557,41.860039],[0.825479,41.861229],[0.825863,41.861641],[0.826351,41.862137],[0.826965,41.862671],[0.828041,41.863605],[0.829253,41.864658],[0.82957,41.864887],[0.829873,41.865078],[0.829881,41.865086],[0.831592,41.865883],[0.834467,41.867222],[0.835642,41.867756],[0.836817,41.868294],[0.837686,41.868702],[0.838619,41.869228],[0.839151,41.86964],[0.839424,41.869904],[0.839944,41.870663],[0.840036,41.871086],[0.840057,41.871479],[0.839939,41.872078],[0.839826,41.872589],[0.839703,41.873322],[0.839671,41.873627],[0.839596,41.873848],[0.83959,41.874199],[0.839714,41.874561],[0.840073,41.875034],[0.840309,41.875343],[0.840529,41.87558],[0.840932,41.875854],[0.841345,41.876099],[0.842069,41.876385],[0.843571,41.877003],[0.844118,41.877361],[0.844563,41.877838],[0.844815,41.878204],[0.845025,41.878788],[0.845051,41.8792],[0.844998,41.879581],[0.84488,41.879978],[0.844579,41.880615],[0.844268,41.881294],[0.843973,41.881927],[0.843544,41.883301],[0.842299,41.886658],[0.840969,41.889435],[0.835905,41.897739],[0.832043,41.904514],[0.830294,41.910782],[0.830272,41.911251],[0.830294,41.911827],[0.830616,41.912506],[0.831066,41.91296],[0.831614,41.913376],[0.831957,41.913662],[0.832483,41.913918],[0.833234,41.914005],[0.83391,41.914223],[0.834639,41.914684],[0.835111,41.91518],[0.835497,41.915993],[0.835637,41.916512],[0.835701,41.917408],[0.835787,41.917847],[0.83613,41.918613],[0.837128,41.919353],[0.838459,41.920288],[0.840261,41.921494],[0.84289,41.92234],[0.844553,41.922794],[0.847428,41.923027],[0.849075,41.923824],[0.849906,41.924225],[0.850566,41.924725],[0.850952,41.925301],[0.851161,41.925785],[0.851215,41.926231],[0.851119,41.926891],[0.851006,41.927505],[0.850963,41.928101],[0.851001,41.929504],[0.851129,41.92989],[0.851682,41.930859],[0.853152,41.932499],[0.853871,41.933651],[0.854267,41.934963],[0.85453,41.935955],[0.854584,41.936565],[0.854364,41.937244],[0.854096,41.937832],[0.853538,41.938526],[0.852685,41.938866],[0.850936,41.939201],[0.849627,41.93935],[0.848683,41.939659],[0.84841,41.93985],[0.847331,41.940792],[0.846199,41.941849],[0.845942,41.942348],[0.845786,41.942871],[0.845786,41.943352],[0.845792,41.943565],[0.846264,41.945148],[0.84635,41.94582],[0.846232,41.946499],[0.846081,41.946983],[0.845674,41.947647],[0.844209,41.949097],[0.843008,41.950623],[0.842745,41.951694],[0.842809,41.953167],[0.842863,41.954247],[0.842836,41.955551],[0.842525,41.95718],[0.842273,41.958046],[0.842283,41.959263],[0.842525,41.96011],[0.842509,41.9608],[0.842434,41.961086],[0.842053,41.962269],[0.841747,41.962734],[0.841447,41.963295],[0.841173,41.963818],[0.840878,41.964333],[0.840427,41.964722],[0.83981,41.965034],[0.839129,41.965374],[0.838657,41.965759],[0.838421,41.966267],[0.838341,41.966648],[0.838131,41.96722],[0.837842,41.967628],[0.837471,41.967983],[0.837182,41.968349],[0.836667,41.968842],[0.836023,41.969189],[0.835326,41.96946],[0.83488,41.970108],[0.834746,41.97065],[0.834698,41.971165],[0.835041,41.972496],[0.83546,41.974083],[0.835707,41.974911],[0.836173,41.975628],[0.836592,41.976101],[0.837311,41.976826],[0.837831,41.977551],[0.838083,41.97821],[0.838099,41.978859],[0.837804,41.979694],[0.837434,41.980228],[0.837005,41.980515],[0.836699,41.980778],[0.83613,41.981419],[0.835782,41.982048],[0.835658,41.982586],[0.835733,41.983097],[0.835862,41.983524],[0.836109,41.983997],[0.837032,41.985394],[0.8373,41.985973],[0.837579,41.9865],[0.838711,41.987926],[0.839022,41.988472],[0.839263,41.988819],[0.839478,41.989052],[0.839869,41.989403],[0.840175,41.989784],[0.841157,41.991295],[0.841307,41.991688],[0.841538,41.992882],[0.841634,41.993656],[0.841538,41.994194],[0.841345,41.994617],[0.841071,41.995064],[0.84069,41.995419],[0.839987,41.995968],[0.83937,41.996487],[0.839097,41.996857],[0.83892,41.997189],[0.838818,41.997631],[0.838813,41.998161],[0.838775,41.998802],[0.839124,41.999256],[0.839564,41.999611],[0.8401,41.999969],[0.840722,42.000225],[0.842326,42.000935],[0.842943,42.001114],[0.843228,42.0014],[0.843415,42.001747],[0.843667,42.002045],[0.843882,42.002533],[0.844172,42.003048],[0.844467,42.00341],[0.845057,42.003895],[0.846001,42.004585],[0.848061,42.006172],[0.848989,42.006584],[0.849584,42.00676],[0.849949,42.006821],[0.850303,42.006859],[0.852218,42.00684],[0.852508,42.006866],[0.852814,42.006905],[0.854718,42.007278],[0.855743,42.007484],[0.856467,42.007599],[0.857427,42.007694],[0.858189,42.007755],[0.858865,42.007744],[0.860608,42.007656],[0.86167,42.007603],[0.862775,42.007465],[0.864626,42.007206],[0.865313,42.007145],[0.865753,42.007191],[0.866343,42.007263],[0.866911,42.007309],[0.868295,42.00753],[0.869717,42.007774],[0.870629,42.008072],[0.872292,42.008636],[0.872914,42.008961],[0.87351,42.00943],[0.873891,42.009956],[0.874094,42.010387],[0.874164,42.010838],[0.874175,42.011292],[0.874148,42.012371],[0.873971,42.014126],[0.87411,42.014664],[0.874379,42.015152],[0.874835,42.015652],[0.87594,42.016434],[0.87646,42.01701],[0.877297,42.018055],[0.877656,42.018711],[0.877833,42.019455],[0.877946,42.020184],[0.877908,42.020779],[0.877769,42.021732],[0.877651,42.022606],[0.87734,42.023201],[0.8769,42.023712],[0.876766,42.024204],[0.876744,42.024715],[0.876819,42.025246],[0.877056,42.025829],[0.877179,42.026081],[0.877485,42.026527],[0.877914,42.026917],[0.87844,42.027248],[0.879035,42.027512],[0.880081,42.028061],[0.880655,42.02832],[0.881149,42.028828],[0.881304,42.029362],[0.881277,42.03067],[0.881336,42.031635],[0.881599,42.032391],[0.881717,42.033096],[0.881712,42.033848],[0.881717,42.034954],[0.881803,42.035275],[0.882817,42.038197],[0.883117,42.038631],[0.883611,42.039207],[0.883729,42.039402],[0.884228,42.039753],[0.884764,42.04007],[0.885344,42.040302],[0.886588,42.040707],[0.888112,42.041103],[0.889066,42.041576],[0.889796,42.042175],[0.890005,42.042397],[0.890273,42.042778],[0.890794,42.043846],[0.890885,42.044735],[0.891196,42.045856],[0.89133,42.046421],[0.891738,42.047115],[0.892183,42.04792],[0.892269,42.048393],[0.89221,42.04884],[0.891861,42.050434],[0.891389,42.051292],[0.890831,42.05191],[0.889893,42.052528],[0.889142,42.052975],[0.887833,42.053856],[0.887291,42.054321],[0.886411,42.055271],[0.885757,42.055878],[0.884496,42.056683],[0.883525,42.057381],[0.883139,42.057823],[0.88227,42.059475],[0.881084,42.061665],[0.880671,42.062504],[0.880553,42.063061],[0.880617,42.063648],[0.880875,42.064304],[0.88205,42.067112],[0.882565,42.068485],[0.882736,42.06953],[0.882699,42.070087],[0.882205,42.071369],[0.882055,42.071945],[0.882007,42.073807],[0.882103,42.074303],[0.882377,42.074841],[0.882753,42.075302],[0.884823,42.076923],[0.885585,42.077572],[0.885944,42.078094],[0.886357,42.078999],[0.886851,42.079803],[0.887387,42.08065],[0.887736,42.082199],[0.887902,42.082855],[0.888407,42.084],[0.888455,42.084454],[0.888315,42.08585],[0.888149,42.086403],[0.887586,42.087208],[0.886679,42.088364],[0.886293,42.088989],[0.886014,42.089874],[0.8858,42.090683],[0.885783,42.091347],[0.885966,42.091904],[0.886331,42.092434],[0.887248,42.093601],[0.887441,42.094009],[0.887559,42.094406],[0.887586,42.094822],[0.887103,42.0966],[0.887108,42.09721],[0.88742,42.097939],[0.888058,42.099125],[0.888197,42.09967],[0.888181,42.100349],[0.887849,42.102184],[0.887908,42.102837],[0.888423,42.104347],[0.888578,42.10561],[0.889356,42.1077],[0.889887,42.109161],[0.88986,42.109715],[0.88956,42.110752],[0.889437,42.111362],[0.889528,42.111938],[0.889716,42.112392],[0.889995,42.112823],[0.8917,42.114922],[0.892044,42.115425],[0.892215,42.115986],[0.892183,42.11657],[0.892113,42.120163],[0.892296,42.12101],[0.892537,42.122196],[0.892779,42.122704],[0.893766,42.124645],[0.893921,42.125416],[0.893798,42.126846],[0.893696,42.128105],[0.89339,42.131439],[0.893406,42.132519],[0.893916,42.135719],[0.893852,42.138206],[0.893776,42.138756],[0.893524,42.139259],[0.89324,42.139656],[0.892902,42.139969],[0.891132,42.141354],[0.890703,42.141953],[0.890526,42.142464],[0.890461,42.142914],[0.89052,42.143364],[0.890654,42.143772],[0.892698,42.147343],[0.892897,42.147655],[0.893052,42.147881],[0.894436,42.149414],[0.895016,42.150009],[0.895552,42.150738],[0.897065,42.153381],[0.897403,42.153954],[0.897569,42.154381],[0.897671,42.154835],[0.897633,42.155346],[0.89743,42.155968],[0.897,42.156582],[0.896373,42.157055],[0.895718,42.157387],[0.894935,42.157589],[0.89413,42.157696],[0.892054,42.157875],[0.890488,42.157906],[0.888975,42.158043],[0.88794,42.158375],[0.887237,42.15876],[0.886728,42.159245],[0.886465,42.159672],[0.886245,42.160275],[0.885853,42.161476],[0.885869,42.16206],[0.886041,42.162624],[0.886685,42.163647],[0.887527,42.16481],[0.88787,42.165157],[0.888509,42.165646],[0.890037,42.166744],[0.890912,42.167381],[0.891604,42.167915],[0.892269,42.168545],[0.892618,42.16901],[0.892864,42.169495],[0.892961,42.170109],[0.892881,42.1707],[0.892827,42.171497],[0.892972,42.172192],[0.893363,42.172791],[0.893927,42.173302],[0.895767,42.174282],[0.896534,42.174812],[0.896899,42.175312],[0.897135,42.175789],[0.897236,42.176205],[0.897236,42.176769],[0.896888,42.178982],[0.896915,42.179474],[0.897049,42.179928],[0.897344,42.180439],[0.898181,42.181419],[0.899999,42.183048],[0.900536,42.183647],[0.90141,42.18483],[0.901523,42.185684],[0.901437,42.186577],[0.901244,42.187309],[0.901185,42.18816],[0.901431,42.188873],[0.901845,42.189198],[0.902483,42.189545],[0.903363,42.189816],[0.904055,42.189892],[0.904854,42.189869],[0.905712,42.189709],[0.906227,42.189495],[0.906973,42.189053],[0.907606,42.188366],[0.908915,42.185905],[0.90928,42.185516],[0.909902,42.185047],[0.910621,42.184734],[0.911179,42.184593],[0.911753,42.184513],[0.914944,42.184376],[0.915915,42.184425],[0.916763,42.184597],[0.9176,42.185085],[0.918222,42.185688],[0.918893,42.186359],[0.919751,42.187214],[0.921183,42.188599],[0.924595,42.191597],[0.926939,42.194267],[0.929385,42.196678],[0.930136,42.19796],[0.930705,42.199238],[0.931043,42.200176],[0.931349,42.201275],[0.931553,42.202259],[0.932325,42.203228],[0.933301,42.20425],[0.934578,42.205017],[0.937003,42.206013],[0.939326,42.2066],[0.944164,42.207832],[0.945189,42.208099],[0.94756,42.209309],[0.953563,42.212421],[0.958385,42.214886],[0.959651,42.215652],[0.960472,42.216278],[0.961057,42.216839],[0.961792,42.21759],[0.962768,42.218994],[0.963734,42.221588],[0.963981,42.222309],[0.964115,42.223007],[0.964109,42.223915],[0.963728,42.227249],[0.963712,42.227814],[0.963771,42.228371],[0.963889,42.228802],[0.965209,42.232418],[0.965397,42.233044],[0.965515,42.233681],[0.965558,42.234894],[0.965617,42.236752],[0.965815,42.238201],[0.965842,42.239017],[0.965971,42.239822]]},"properties":{"routeId":"RL1","name":"RL1","color":"#FF8000"}},{"type":"Feature","geometry":{"type":"LineString","coordinates":[[1.8491793,41.6103728],[1.8490076,41.6106736],[1.8488359,41.6111469],[1.8487608,41.6116482],[1.8488359,41.612322],[1.8488735,41.6128434],[1.8488145,41.6133969],[1.8487716,41.6135734],[1.8484014,41.6140426],[1.8476075,41.6152498],[1.8472856,41.6157912],[1.8470925,41.6159918],[1.846717,41.6162204],[1.8462503,41.6163407],[1.8459392,41.6163607],[1.8455422,41.6163046],[1.8449092,41.616092],[1.8435842,41.6156308],[1.8423343,41.6151696],[1.8421358,41.6149931],[1.8416369,41.6142913],[1.8414277,41.6140988],[1.840902,41.6137378],[1.8401563,41.6133729],[1.8399096,41.6131322],[1.8396735,41.6123622],[1.8395072,41.6121937],[1.8391478,41.6120253],[1.8378282,41.611921],[1.8373883,41.6120212],[1.8369752,41.6120774],[1.8364388,41.6120373],[1.8355697,41.6118889],[1.8351674,41.6117485],[1.8348616,41.6115079],[1.8346632,41.6111068],[1.8344647,41.6107739],[1.8341911,41.6105292],[1.8331879,41.6101602],[1.8329465,41.6101161],[1.8326461,41.6101161],[1.8323457,41.6101642],[1.8320721,41.6101682],[1.8316966,41.6100961],[1.8308491,41.6095947],[1.8305969,41.6094182],[1.8305004,41.6093059],[1.8303716,41.6091896],[1.8298244,41.6088326],[1.8296206,41.6085839],[1.8295348,41.6082951],[1.8294382,41.6080465],[1.8291914,41.6078379],[1.8289715,41.6076173],[1.8288106,41.6072603],[1.8287301,41.6070597],[1.8284833,41.6068151],[1.8283734,41.6066867],[1.8283278,41.6065423],[1.8282983,41.6063879],[1.8283144,41.6062495],[1.8283828,41.606076],[1.8284994,41.6059326],[1.8286148,41.6058334],[1.8287838,41.6057411],[1.8290144,41.6056749],[1.829406,41.6056117],[1.8304896,41.6054473],[1.8306398,41.6054082],[1.8308115,41.605336],[1.8310891,41.6051444],[1.8313104,41.6050502],[1.8314673,41.6050091],[1.8316349,41.60499],[1.8319139,41.604993],[1.8319662,41.605004],[1.8322733,41.6050161],[1.832449,41.605001],[1.832626,41.6049599],[1.8327896,41.6048998],[1.8328929,41.6048446],[1.8330418,41.6047303],[1.8331397,41.604621],[1.8333194,41.6043231],[1.8336922,41.6039551],[1.833884,41.6036523],[1.8339269,41.6035329],[1.8339618,41.6034758],[1.8340006,41.6032582],[1.8339859,41.6030746],[1.8340154,41.6028781],[1.8340851,41.6027487],[1.8341669,41.6026264],[1.8343185,41.602502],[1.8344204,41.6024428],[1.834572,41.6023817],[1.8347356,41.6023335],[1.8348509,41.6023045],[1.8350387,41.6022714],[1.8355899,41.6022633],[1.8357897,41.6022473],[1.8359198,41.6022192],[1.8362255,41.6020979],[1.8364401,41.6019545],[1.8365903,41.601776],[1.8366547,41.6016055],[1.8366654,41.601436],[1.8366346,41.6013187],[1.8365353,41.6011311],[1.8362805,41.600725],[1.8362202,41.6005896],[1.8361893,41.600396],[1.8362068,41.6002867],[1.8362631,41.6001353],[1.8363248,41.600046],[1.8364334,41.5999367],[1.8366131,41.5998184],[1.8369484,41.5996368],[1.8370624,41.5995596],[1.837167,41.5994573],[1.8373078,41.5992347],[1.837348,41.5991153],[1.8373628,41.5989529],[1.8373494,41.5986971],[1.8373655,41.5984825],[1.8374111,41.5983672],[1.8375398,41.5982017],[1.8377101,41.5980794],[1.8379006,41.597966],[1.8380937,41.5978888],[1.8382385,41.5978597],[1.838728,41.5978206],[1.8388608,41.5977935],[1.839074,41.5977073],[1.8392055,41.597627],[1.8393154,41.5975278],[1.8394107,41.5973954],[1.8394603,41.597278],[1.839518,41.5969561],[1.8395582,41.5968418],[1.8399779,41.5961086],[1.8401335,41.5958107],[1.8403803,41.5955018],[1.8405426,41.595229],[1.8406418,41.5949953],[1.8406217,41.5944588],[1.8405372,41.5941178],[1.839935,41.5937196],[1.8396319,41.5935792],[1.8389292,41.5932913],[1.8387803,41.593203],[1.8386462,41.5931389],[1.8384759,41.5930737],[1.8381956,41.5930055],[1.8369101,41.5925015],[1.8366939,41.592412],[1.8364991,41.5922583]]},"properties":{"routeId":"MM","name":"MM","color":"#000000"}},{"type":"Feature","geometry":{"type":"LineString","coordinates":[[1.8364991,41.5922583],[1.8366939,41.592412],[1.8369101,41.5925015],[1.8381956,41.5930055],[1.8384759,41.5930737],[1.8386462,41.5931389],[1.8387803,41.593203],[1.8389292,41.5932913],[1.8396319,41.5935792],[1.839935,41.5937196],[1.8405372,41.5941178],[1.8406217,41.5944588],[1.8406418,41.5949953],[1.8405426,41.595229],[1.8403803,41.5955018],[1.8401335,41.5958107],[1.8399779,41.5961086],[1.8395582,41.5968418],[1.839518,41.5969561],[1.8394603,41.597278],[1.8394107,41.5973954],[1.8393154,41.5975278],[1.8392055,41.597627],[1.839074,41.5977073],[1.8388608,41.5977935],[1.838728,41.5978206],[1.8382385,41.5978597],[1.8380937,41.5978888],[1.8379006,41.597966],[1.8377101,41.5980794],[1.8375398,41.5982017],[1.8374111,41.5983672],[1.8373655,41.5984825],[1.8373494,41.5986971],[1.8373628,41.5989529],[1.837348,41.5991153],[1.8373078,41.5992347],[1.837167,41.5994573],[1.8370624,41.5995596],[1.8369484,41.5996368],[1.8366131,41.5998184],[1.8364334,41.5999367],[1.8363248,41.600046],[1.8362631,41.6001353],[1.8362068,41.6002867],[1.8361893,41.600396],[1.8362202,41.6005896],[1.8362805,41.600725],[1.8365353,41.6011311],[1.8366346,41.6013187],[1.8366654,41.601436],[1.8366547,41.6016055],[1.8365903,41.601776],[1.8364401,41.6019545],[1.8362255,41.6020979],[1.8359198,41.6022192],[1.8357897,41.6022473],[1.8355899,41.6022633],[1.8350387,41.6022714],[1.8348509,41.6023045],[1.8347356,41.6023335],[1.834572,41.6023817],[1.8344204,41.6024428],[1.8343185,41.602502],[1.8341669,41.6026264],[1.8340851,41.6027487],[1.8340154,41.6028781],[1.8339859,41.6030746],[1.8340006,41.6032582],[1.8339618,41.6034758],[1.8339269,41.6035329],[1.833884,41.6036523],[1.8336922,41.6039551],[1.8333194,41.6043231],[1.8331397,41.604621],[1.8330418,41.6047303],[1.8328929,41.6048446],[1.8327896,41.6048998],[1.832626,41.6049599],[1.832449,41.605001],[1.8322733,41.6050161],[1.8319662,41.605004],[1.8319139,41.604993],[1.8316349,41.60499],[1.8314673,41.6050091],[1.8313104,41.6050502],[1.8310891,41.6051444],[1.8308115,41.605336],[1.8306398,41.6054082],[1.8304896,41.6054473],[1.829406,41.6056117],[1.8290144,41.6056749],[1.8287838,41.6057411],[1.8286148,41.6058334],[1.8284994,41.6059326],[1.8283828,41.606076],[1.8283144,41.6062495],[1.8282983,41.6063879],[1.8283278,41.6065423],[1.8283734,41.6066867],[1.8284833,41.6068151],[1.8287301,41.6070597],[1.8288106,41.6072603],[1.8289715,41.6076173],[1.8291914,41.6078379],[1.8294382,41.6080465],[1.8295348,41.6082951],[1.8296206,41.6085839],[1.8298244,41.6088326],[1.8303716,41.6091896],[1.8305004,41.6093059],[1.8305969,41.6094182],[1.8308491,41.6095947],[1.8316966,41.6100961],[1.8320721,41.6101682],[1.8323457,41.6101642],[1.8326461,41.6101161],[1.8329465,41.6101161],[1.8331879,41.6101602],[1.8341911,41.6105292],[1.8344647,41.6107739],[1.8346632,41.6111068],[1.8348616,41.6115079],[1.8351674,41.6117485],[1.8355697,41.6118889],[1.8364388,41.6120373],[1.8369752,41.6120774],[1.8373883,41.6120212],[1.8378282,41.611921],[1.8391478,41.6120253],[1.8395072,41.6121937],[1.8396735,41.6123622],[1.8399096,41.6131322],[1.8401563,41.6133729],[1.840902,41.6137378],[1.8414277,41.6140988],[1.8416369,41.6142913],[1.8421358,41.6149931],[1.8423343,41.6151696],[1.8435842,41.6156308],[1.8449092,41.616092],[1.8455422,41.6163046],[1.8459392,41.6163607],[1.8462503,41.6163407],[1.846717,41.6162204],[1.8470925,41.6159918],[1.8472856,41.6157912],[1.8476075,41.6152498],[1.8484014,41.6140426],[1.8487716,41.6135734],[1.8488145,41.6133969],[1.8488735,41.6128434],[1.8488359,41.612322],[1.8487608,41.6116482],[1.8488359,41.6111469],[1.8490076,41.6106736],[1.8491793,41.6103728]]},"properties":{"routeId":"MM","name":"MM","color":"#000000"}},{"type":"Feature","geometry":{"type":"LineString","coordinates":[[2.111263,41.409328],[2.10943,41.410995],[2.108722,41.411617],[2.106553,41.413525],[2.105759,41.414185]]},"properties":{"routeId":"FV","name":"FV","color":"#0A57A3"}},{"type":"Feature","geometry":{"type":"LineString","coordinates":[[2.105759,41.414185],[2.106553,41.413525],[2.108722,41.411617],[2.10943,41.410995],[2.111263,41.409328]]},"properties":{"routeId":"FV","name":"FV","color":"#0A57A3"}}]}